1.1._Zelení_chtějí_hlavu_Čunka.txt,citace_a_parafraze,Ano
1.1._Zelení_chtějí_hlavu_Čunka.txt,dopad,Ne
1.1._Zelení_chtějí_hlavu_Čunka.txt,dotazy,Ne
1.1._Zelení_chtějí_hlavu_Čunka.txt,emoce,Ne
1.1._Zelení_chtějí_hlavu_Čunka.txt,fakta_a_nazory,Ano
1.1._Zelení_chtějí_hlavu_Čunka.txt,funkce,kontextuální informace
1.1._Zelení_chtějí_hlavu_Čunka.txt,hard_news,Ano
1.1._Zelení_chtějí_hlavu_Čunka.txt,informace,Ne
1.1._Zelení_chtějí_hlavu_Čunka.txt,konflikt,Ne
1.1._Zelení_chtějí_hlavu_Čunka.txt,kontext,Ne
1.1._Zelení_chtějí_hlavu_Čunka.txt,kriterium,vyhovující
1.1._Zelení_chtějí_hlavu_Čunka.txt,lokalni_dopad,Ne
1.1._Zelení_chtějí_hlavu_Čunka.txt,morbidnost,Ne
1.1._Zelení_chtějí_hlavu_Čunka.txt,negativni_vyzneni,Ne
1.1._Zelení_chtějí_hlavu_Čunka.txt,nekompetence,Ne
1.1._Zelení_chtějí_hlavu_Čunka.txt,obtezujici_okolnosti,Ne
1.1._Zelení_chtějí_hlavu_Čunka.txt,odborny_zdroj,Ne
1.1._Zelení_chtějí_hlavu_Čunka.txt,odstavce,19
1.1._Zelení_chtějí_hlavu_Čunka.txt,personalizace,Ne
1.1._Zelení_chtějí_hlavu_Čunka.txt,podpora,Ne
1.1._Zelení_chtějí_hlavu_Čunka.txt,politicka_zprava,Ano
1.1._Zelení_chtějí_hlavu_Čunka.txt,pozadavky,Ne
1.1._Zelení_chtějí_hlavu_Čunka.txt,problemy,Ne
1.1._Zelení_chtějí_hlavu_Čunka.txt,protichudna_hlediska,Ano
1.1._Zelení_chtějí_hlavu_Čunka.txt,pyramida,Ano
1.1._Zelení_chtějí_hlavu_Čunka.txt,rady,Ne
1.1._Zelení_chtějí_hlavu_Čunka.txt,reakce,Ne
1.1._Zelení_chtějí_hlavu_Čunka.txt,senzacnost,Ne
1.1._Zelení_chtějí_hlavu_Čunka.txt,skandal,Ne
1.1._Zelení_chtějí_hlavu_Čunka.txt,soukromy_ramec,Ne
1.1._Zelení_chtějí_hlavu_Čunka.txt,soukromy_zivot,Ne
1.1._Zelení_chtějí_hlavu_Čunka.txt,strategicke,Ano
1.1._Zelení_chtějí_hlavu_Čunka.txt,validace,Ne
1.1._Zelení_chtějí_hlavu_Čunka.txt,vecne,Ne
1.1._Zelení_chtějí_hlavu_Čunka.txt,vyvazenost,různé úhly pohledu
1.1._Zelení_chtějí_hlavu_Čunka.txt,vzdelavani,Ne
1.10._Hokejka_z_Nagana_pomohla_dětem.txt,dopad,Ne
1.10._Hokejka_z_Nagana_pomohla_dětem.txt,dotazy,Ne
1.10._Hokejka_z_Nagana_pomohla_dětem.txt,emoce,Ne
1.10._Hokejka_z_Nagana_pomohla_dětem.txt,hard_news,Ne
1.10._Hokejka_z_Nagana_pomohla_dětem.txt,informace,Ne
1.10._Hokejka_z_Nagana_pomohla_dětem.txt,kontext,Ne
1.10._Hokejka_z_Nagana_pomohla_dětem.txt,kriterium,vyhovující
1.10._Hokejka_z_Nagana_pomohla_dětem.txt,lokalni_dopad,Ne
1.10._Hokejka_z_Nagana_pomohla_dětem.txt,morbidnost,Ne
1.10._Hokejka_z_Nagana_pomohla_dětem.txt,obtezujici_okolnosti,Ne
1.10._Hokejka_z_Nagana_pomohla_dětem.txt,odstavce,2
1.10._Hokejka_z_Nagana_pomohla_dětem.txt,personalizace,Ne
1.10._Hokejka_z_Nagana_pomohla_dětem.txt,podpora,Ne
1.10._Hokejka_z_Nagana_pomohla_dětem.txt,politicka_zprava,Ne
1.10._Hokejka_z_Nagana_pomohla_dětem.txt,pozadavky,Ne
1.10._Hokejka_z_Nagana_pomohla_dětem.txt,problemy,Ne
1.10._Hokejka_z_Nagana_pomohla_dětem.txt,rady,Ne
1.10._Hokejka_z_Nagana_pomohla_dětem.txt,reakce,Ne
1.10._Hokejka_z_Nagana_pomohla_dětem.txt,senzacnost,Ne
1.10._Hokejka_z_Nagana_pomohla_dětem.txt,soukromy_zivot,Ne
1.10._Hokejka_z_Nagana_pomohla_dětem.txt,validace,Ne
1.10._Hokejka_z_Nagana_pomohla_dětem.txt,vzdelavani,Ne
1.100._Vyšší_mzdy_ve_Škodě_ohrozí_její_rozvoj.txt,dopad,Ne
1.100._Vyšší_mzdy_ve_Škodě_ohrozí_její_rozvoj.txt,dotazy,Ne
1.100._Vyšší_mzdy_ve_Škodě_ohrozí_její_rozvoj.txt,emoce,Ne
1.100._Vyšší_mzdy_ve_Škodě_ohrozí_její_rozvoj.txt,hard_news,Ne
1.100._Vyšší_mzdy_ve_Škodě_ohrozí_její_rozvoj.txt,informace,Ne
1.100._Vyšší_mzdy_ve_Škodě_ohrozí_její_rozvoj.txt,kontext,Ne
1.100._Vyšší_mzdy_ve_Škodě_ohrozí_její_rozvoj.txt,kriterium,vyhovující
1.100._Vyšší_mzdy_ve_Škodě_ohrozí_její_rozvoj.txt,lokalni_dopad,Ne
1.100._Vyšší_mzdy_ve_Škodě_ohrozí_její_rozvoj.txt,morbidnost,Ne
1.100._Vyšší_mzdy_ve_Škodě_ohrozí_její_rozvoj.txt,obtezujici_okolnosti,Ne
1.100._Vyšší_mzdy_ve_Škodě_ohrozí_její_rozvoj.txt,odstavce,9
1.100._Vyšší_mzdy_ve_Škodě_ohrozí_její_rozvoj.txt,personalizace,Ne
1.100._Vyšší_mzdy_ve_Škodě_ohrozí_její_rozvoj.txt,podpora,Ne
1.100._Vyšší_mzdy_ve_Škodě_ohrozí_její_rozvoj.txt,politicka_zprava,Ne
1.100._Vyšší_mzdy_ve_Škodě_ohrozí_její_rozvoj.txt,pozadavky,Ne
1.100._Vyšší_mzdy_ve_Škodě_ohrozí_její_rozvoj.txt,problemy,Ne
1.100._Vyšší_mzdy_ve_Škodě_ohrozí_její_rozvoj.txt,rady,Ne
1.100._Vyšší_mzdy_ve_Škodě_ohrozí_její_rozvoj.txt,reakce,Ne
1.100._Vyšší_mzdy_ve_Škodě_ohrozí_její_rozvoj.txt,senzacnost,Ne
1.100._Vyšší_mzdy_ve_Škodě_ohrozí_její_rozvoj.txt,soukromy_zivot,Ne
1.100._Vyšší_mzdy_ve_Škodě_ohrozí_její_rozvoj.txt,validace,Ne
1.100._Vyšší_mzdy_ve_Škodě_ohrozí_její_rozvoj.txt,vzdelavani,Ne
1.101._Unimex_Group_loni_vydělal_téměř_miliardu.txt,kriterium,krátký
1.11._Dva_muži_napadli_policejní_hlídku.txt,kriterium,krátký
1.12._Zneužila_Transparency_International_dotaci.txt,kriterium,krátký
1.13._Takto_žáky_zkoušet_nechceme.txt,kriterium,nezpravodajský
1.14._Velikonoce_budou_slunečné.txt,dopad,Ne
1.14._Velikonoce_budou_slunečné.txt,dotazy,Ne
1.14._Velikonoce_budou_slunečné.txt,emoce,Ne
1.14._Velikonoce_budou_slunečné.txt,informace,Ne
1.14._Velikonoce_budou_slunečné.txt,kontext,Ne
1.14._Velikonoce_budou_slunečné.txt,kriterium,vyhovující
1.14._Velikonoce_budou_slunečné.txt,lokalni_dopad,Ne
1.14._Velikonoce_budou_slunečné.txt,morbidnost,Ne
1.14._Velikonoce_budou_slunečné.txt,obtezujici_okolnosti,Ne
1.14._Velikonoce_budou_slunečné.txt,odstavce,13
1.14._Velikonoce_budou_slunečné.txt,personalizace,Ne
1.14._Velikonoce_budou_slunečné.txt,podpora,Ne
1.14._Velikonoce_budou_slunečné.txt,pozadavky,Ne
1.14._Velikonoce_budou_slunečné.txt,problemy,Ne
1.14._Velikonoce_budou_slunečné.txt,rady,Ano
1.14._Velikonoce_budou_slunečné.txt,reakce,Ne
1.14._Velikonoce_budou_slunečné.txt,senzacnost,Ne
1.14._Velikonoce_budou_slunečné.txt,soukromy_zivot,Ne
1.14._Velikonoce_budou_slunečné.txt,validace,Ne
1.14._Velikonoce_budou_slunečné.txt,vzdelavani,Ne
1.15._Tunel_v_Praze_pod_Letnou_se_může_začít_stavět.txt,dopad,Ano
1.15._Tunel_v_Praze_pod_Letnou_se_může_začít_stavět.txt,dotazy,Ne
1.15._Tunel_v_Praze_pod_Letnou_se_může_začít_stavět.txt,emoce,Ne
1.15._Tunel_v_Praze_pod_Letnou_se_může_začít_stavět.txt,hard_news,Ne
1.15._Tunel_v_Praze_pod_Letnou_se_může_začít_stavět.txt,informace,Ano
1.15._Tunel_v_Praze_pod_Letnou_se_může_začít_stavět.txt,kontext,Ne
1.15._Tunel_v_Praze_pod_Letnou_se_může_začít_stavět.txt,kriterium,vyhovující
1.15._Tunel_v_Praze_pod_Letnou_se_může_začít_stavět.txt,lokalni_dopad,Ne
1.15._Tunel_v_Praze_pod_Letnou_se_může_začít_stavět.txt,morbidnost,Ne
1.15._Tunel_v_Praze_pod_Letnou_se_může_začít_stavět.txt,obtezujici_okolnosti,Ne
1.15._Tunel_v_Praze_pod_Letnou_se_může_začít_stavět.txt,odstavce,4
1.15._Tunel_v_Praze_pod_Letnou_se_může_začít_stavět.txt,personalizace,Ne
1.15._Tunel_v_Praze_pod_Letnou_se_může_začít_stavět.txt,podpora,Ne
1.15._Tunel_v_Praze_pod_Letnou_se_může_začít_stavět.txt,politicka_zprava,Ne
1.15._Tunel_v_Praze_pod_Letnou_se_může_začít_stavět.txt,pozadavky,Ne
1.15._Tunel_v_Praze_pod_Letnou_se_může_začít_stavět.txt,problemy,Ne
1.15._Tunel_v_Praze_pod_Letnou_se_může_začít_stavět.txt,rady,Ne
1.15._Tunel_v_Praze_pod_Letnou_se_může_začít_stavět.txt,reakce,Ano
1.15._Tunel_v_Praze_pod_Letnou_se_může_začít_stavět.txt,senzacnost,Ne
1.15._Tunel_v_Praze_pod_Letnou_se_může_začít_stavět.txt,soukromy_zivot,Ne
1.15._Tunel_v_Praze_pod_Letnou_se_může_začít_stavět.txt,validace,Ne
1.15._Tunel_v_Praze_pod_Letnou_se_může_začít_stavět.txt,vzdelavani,Ne
1.16._Premiér_otevřel_v_Kábulu_českou_polní_nemocnici.txt,kriterium,nezpravodajský
1.17._ČSSD_kvůli_Kubicemu_dává_trestní_oznámení.txt,kriterium,krátký
1.18._Do_zoo_se_„slétlo“_nejvíc_Slavíků.txt,kriterium,krátký
1.19._Na_všechny_kamery_musí_být_povolení.txt,kriterium,nezpravodajský
1.2._Kamery_viděly_do_soukromí._Soud_to_potrestal.txt,dopad,Ne
1.2._Kamery_viděly_do_soukromí._Soud_to_potrestal.txt,dotazy,Ne
1.2._Kamery_viděly_do_soukromí._Soud_to_potrestal.txt,emoce,Ne
1.2._Kamery_viděly_do_soukromí._Soud_to_potrestal.txt,hard_news,Ne
1.2._Kamery_viděly_do_soukromí._Soud_to_potrestal.txt,informace,Ne
1.2._Kamery_viděly_do_soukromí._Soud_to_potrestal.txt,kontext,Ne
1.2._Kamery_viděly_do_soukromí._Soud_to_potrestal.txt,kriterium,vyhovující
1.2._Kamery_viděly_do_soukromí._Soud_to_potrestal.txt,lokalni_dopad,Ne
1.2._Kamery_viděly_do_soukromí._Soud_to_potrestal.txt,morbidnost,Ne
1.2._Kamery_viděly_do_soukromí._Soud_to_potrestal.txt,obtezujici_okolnosti,Ne
1.2._Kamery_viděly_do_soukromí._Soud_to_potrestal.txt,odstavce,9
1.2._Kamery_viděly_do_soukromí._Soud_to_potrestal.txt,personalizace,Ne
1.2._Kamery_viděly_do_soukromí._Soud_to_potrestal.txt,podpora,Ne
1.2._Kamery_viděly_do_soukromí._Soud_to_potrestal.txt,politicka_zprava,Ne
1.2._Kamery_viděly_do_soukromí._Soud_to_potrestal.txt,pozadavky,Ne
1.2._Kamery_viděly_do_soukromí._Soud_to_potrestal.txt,problemy,Ne
1.2._Kamery_viděly_do_soukromí._Soud_to_potrestal.txt,rady,Ne
1.2._Kamery_viděly_do_soukromí._Soud_to_potrestal.txt,reakce,Ne
1.2._Kamery_viděly_do_soukromí._Soud_to_potrestal.txt,senzacnost,Ne
1.2._Kamery_viděly_do_soukromí._Soud_to_potrestal.txt,soukromy_zivot,Ne
1.2._Kamery_viděly_do_soukromí._Soud_to_potrestal.txt,validace,Ne
1.2._Kamery_viděly_do_soukromí._Soud_to_potrestal.txt,vzdelavani,Ne
1.20._Heslem_Nic_než_národ_„bojují“_za_životní_prostředí.txt,dopad,Ne
1.20._Heslem_Nic_než_národ_„bojují“_za_životní_prostředí.txt,dotazy,Ne
1.20._Heslem_Nic_než_národ_„bojují“_za_životní_prostředí.txt,emoce,Ne
1.20._Heslem_Nic_než_národ_„bojují“_za_životní_prostředí.txt,hard_news,Ne
1.20._Heslem_Nic_než_národ_„bojují“_za_životní_prostředí.txt,informace,Ano
1.20._Heslem_Nic_než_národ_„bojují“_za_životní_prostředí.txt,kontext,Ne
1.20._Heslem_Nic_než_národ_„bojují“_za_životní_prostředí.txt,kriterium,vyhovující
1.20._Heslem_Nic_než_národ_„bojují“_za_životní_prostředí.txt,lokalni_dopad,Ne
1.20._Heslem_Nic_než_národ_„bojují“_za_životní_prostředí.txt,morbidnost,Ne
1.20._Heslem_Nic_než_národ_„bojují“_za_životní_prostředí.txt,obtezujici_okolnosti,Ne
1.20._Heslem_Nic_než_národ_„bojují“_za_životní_prostředí.txt,odstavce,8
1.20._Heslem_Nic_než_národ_„bojují“_za_životní_prostředí.txt,personalizace,Ne
1.20._Heslem_Nic_než_národ_„bojují“_za_životní_prostředí.txt,podpora,Ne
1.20._Heslem_Nic_než_národ_„bojují“_za_životní_prostředí.txt,politicka_zprava,Ne
1.20._Heslem_Nic_než_národ_„bojují“_za_životní_prostředí.txt,pozadavky,Ano
1.20._Heslem_Nic_než_národ_„bojují“_za_životní_prostředí.txt,problemy,Ne
1.20._Heslem_Nic_než_národ_„bojují“_za_životní_prostředí.txt,rady,Ne
1.20._Heslem_Nic_než_národ_„bojují“_za_životní_prostředí.txt,reakce,Ne
1.20._Heslem_Nic_než_národ_„bojují“_za_životní_prostředí.txt,senzacnost,Ne
1.20._Heslem_Nic_než_národ_„bojují“_za_životní_prostředí.txt,soukromy_zivot,Ne
1.20._Heslem_Nic_než_národ_„bojují“_za_životní_prostředí.txt,validace,Ne
1.20._Heslem_Nic_než_národ_„bojují“_za_životní_prostředí.txt,vzdelavani,Ne
1.21._Jak_„naučit“_děti_číst.txt,dopad,Ne
1.21._Jak_„naučit“_děti_číst.txt,dotazy,Ne
1.21._Jak_„naučit“_děti_číst.txt,emoce,Ne
1.21._Jak_„naučit“_děti_číst.txt,hard_news,Ne
1.21._Jak_„naučit“_děti_číst.txt,informace,Ano
1.21._Jak_„naučit“_děti_číst.txt,kontext,Ne
1.21._Jak_„naučit“_děti_číst.txt,kriterium,vyhovující
1.21._Jak_„naučit“_děti_číst.txt,lokalni_dopad,Ne
1.21._Jak_„naučit“_děti_číst.txt,morbidnost,Ne
1.21._Jak_„naučit“_děti_číst.txt,obtezujici_okolnosti,Ne
1.21._Jak_„naučit“_děti_číst.txt,odstavce,8
1.21._Jak_„naučit“_děti_číst.txt,personalizace,Ne
1.21._Jak_„naučit“_děti_číst.txt,podpora,Ne
1.21._Jak_„naučit“_děti_číst.txt,politicka_zprava,Ne
1.21._Jak_„naučit“_děti_číst.txt,pozadavky,Ne
1.21._Jak_„naučit“_děti_číst.txt,problemy,Ano
1.21._Jak_„naučit“_děti_číst.txt,rady,Ne
1.21._Jak_„naučit“_děti_číst.txt,reakce,Ne
1.21._Jak_„naučit“_děti_číst.txt,senzacnost,Ne
1.21._Jak_„naučit“_děti_číst.txt,soukromy_zivot,Ne
1.21._Jak_„naučit“_děti_číst.txt,validace,Ne
1.21._Jak_„naučit“_děti_číst.txt,vzdelavani,Ne
1.22._Co_říkáte_zkouškám.txt,kriterium,nezpravodajský
1.23._Velikonoce_budou_slunečné.txt,kriterium,nezpravodajský
1.24._Schwarzenberg_k_odsunu_bylo_to_vyhnání.txt,citace_a_parafraze,Ano
1.24._Schwarzenberg_k_odsunu_bylo_to_vyhnání.txt,dopad,Ne
1.24._Schwarzenberg_k_odsunu_bylo_to_vyhnání.txt,dotazy,Ne
1.24._Schwarzenberg_k_odsunu_bylo_to_vyhnání.txt,emoce,Ne
1.24._Schwarzenberg_k_odsunu_bylo_to_vyhnání.txt,fakta_a_nazory,Ano
1.24._Schwarzenberg_k_odsunu_bylo_to_vyhnání.txt,funkce,kontextuální informace
1.24._Schwarzenberg_k_odsunu_bylo_to_vyhnání.txt,hard_news,Ano
1.24._Schwarzenberg_k_odsunu_bylo_to_vyhnání.txt,informace,Ne
1.24._Schwarzenberg_k_odsunu_bylo_to_vyhnání.txt,konflikt,Ne
1.24._Schwarzenberg_k_odsunu_bylo_to_vyhnání.txt,kontext,Ne
1.24._Schwarzenberg_k_odsunu_bylo_to_vyhnání.txt,kriterium,vyhovující
1.24._Schwarzenberg_k_odsunu_bylo_to_vyhnání.txt,lokalni_dopad,Ne
1.24._Schwarzenberg_k_odsunu_bylo_to_vyhnání.txt,morbidnost,Ne
1.24._Schwarzenberg_k_odsunu_bylo_to_vyhnání.txt,negativni_vyzneni,Ne
1.24._Schwarzenberg_k_odsunu_bylo_to_vyhnání.txt,nekompetence,Ne
1.24._Schwarzenberg_k_odsunu_bylo_to_vyhnání.txt,obtezujici_okolnosti,Ne
1.24._Schwarzenberg_k_odsunu_bylo_to_vyhnání.txt,odborny_zdroj,Ne
1.24._Schwarzenberg_k_odsunu_bylo_to_vyhnání.txt,odstavce,15
1.24._Schwarzenberg_k_odsunu_bylo_to_vyhnání.txt,personalizace,Ne
1.24._Schwarzenberg_k_odsunu_bylo_to_vyhnání.txt,podpora,Ne
1.24._Schwarzenberg_k_odsunu_bylo_to_vyhnání.txt,politicka_zprava,Ano
1.24._Schwarzenberg_k_odsunu_bylo_to_vyhnání.txt,pozadavky,Ne
1.24._Schwarzenberg_k_odsunu_bylo_to_vyhnání.txt,problemy,Ne
1.24._Schwarzenberg_k_odsunu_bylo_to_vyhnání.txt,protichudna_hlediska,Ano
1.24._Schwarzenberg_k_odsunu_bylo_to_vyhnání.txt,pyramida,Ano
1.24._Schwarzenberg_k_odsunu_bylo_to_vyhnání.txt,rady,Ne
1.24._Schwarzenberg_k_odsunu_bylo_to_vyhnání.txt,reakce,Ne
1.24._Schwarzenberg_k_odsunu_bylo_to_vyhnání.txt,senzacnost,Ne
1.24._Schwarzenberg_k_odsunu_bylo_to_vyhnání.txt,skandal,Ne
1.24._Schwarzenberg_k_odsunu_bylo_to_vyhnání.txt,soukromy_ramec,Ne
1.24._Schwarzenberg_k_odsunu_bylo_to_vyhnání.txt,soukromy_zivot,Ne
1.24._Schwarzenberg_k_odsunu_bylo_to_vyhnání.txt,strategicke,Ano
1.24._Schwarzenberg_k_odsunu_bylo_to_vyhnání.txt,validace,Ne
1.24._Schwarzenberg_k_odsunu_bylo_to_vyhnání.txt,vecne,Ne
1.24._Schwarzenberg_k_odsunu_bylo_to_vyhnání.txt,vyvazenost,různé úhly pohledu
1.24._Schwarzenberg_k_odsunu_bylo_to_vyhnání.txt,vzdelavani,Ne
1.25._Zelení_už_mají_Čunka_dost.txt,citace_a_parafraze,Ano
1.25._Zelení_už_mají_Čunka_dost.txt,dopad,Ne
1.25._Zelení_už_mají_Čunka_dost.txt,dotazy,Ne
1.25._Zelení_už_mají_Čunka_dost.txt,emoce,Ano
1.25._Zelení_už_mají_Čunka_dost.txt,fakta_a_nazory,Ano
1.25._Zelení_už_mají_Čunka_dost.txt,funkce,kontextuální informace
1.25._Zelení_už_mají_Čunka_dost.txt,hard_news,Ano
1.25._Zelení_už_mají_Čunka_dost.txt,informace,Ano
1.25._Zelení_už_mají_Čunka_dost.txt,konflikt,Ne
1.25._Zelení_už_mají_Čunka_dost.txt,kontext,Ano
1.25._Zelení_už_mají_Čunka_dost.txt,kriterium,vyhovující
1.25._Zelení_už_mají_Čunka_dost.txt,lokalni_dopad,Ne
1.25._Zelení_už_mají_Čunka_dost.txt,morbidnost,Ne
1.25._Zelení_už_mají_Čunka_dost.txt,negativni_vyzneni,Ano
1.25._Zelení_už_mají_Čunka_dost.txt,nekompetence,Ne
1.25._Zelení_už_mají_Čunka_dost.txt,obtezujici_okolnosti,Ne
1.25._Zelení_už_mají_Čunka_dost.txt,odborny_zdroj,Ne
1.25._Zelení_už_mají_Čunka_dost.txt,odstavce,22
1.25._Zelení_už_mají_Čunka_dost.txt,personalizace,Ano
1.25._Zelení_už_mají_Čunka_dost.txt,podpora,Ne
1.25._Zelení_už_mají_Čunka_dost.txt,politicka_zprava,Ano
1.25._Zelení_už_mají_Čunka_dost.txt,pozadavky,Ano
1.25._Zelení_už_mají_Čunka_dost.txt,problemy,Ne
1.25._Zelení_už_mají_Čunka_dost.txt,protichudna_hlediska,Ano
1.25._Zelení_už_mají_Čunka_dost.txt,pyramida,Ano
1.25._Zelení_už_mají_Čunka_dost.txt,rady,Ne
1.25._Zelení_už_mají_Čunka_dost.txt,reakce,Ano
1.25._Zelení_už_mají_Čunka_dost.txt,senzacnost,Ne
1.25._Zelení_už_mají_Čunka_dost.txt,skandal,Ne
1.25._Zelení_už_mají_Čunka_dost.txt,soukromy_ramec,Ano
1.25._Zelení_už_mají_Čunka_dost.txt,soukromy_zivot,Ne
1.25._Zelení_už_mají_Čunka_dost.txt,strategicke,Ano
1.25._Zelení_už_mají_Čunka_dost.txt,validace,Ne
1.25._Zelení_už_mají_Čunka_dost.txt,vecne,Ne
1.25._Zelení_už_mají_Čunka_dost.txt,vyvazenost,různé úhly pohledu
1.25._Zelení_už_mají_Čunka_dost.txt,vzdelavani,Ne
1.26._Zeman_byl_u_zrodu_nové_strany_Jany_Volfové.txt,citace_a_parafraze,Ano
1.26._Zeman_byl_u_zrodu_nové_strany_Jany_Volfové.txt,dopad,Ne
1.26._Zeman_byl_u_zrodu_nové_strany_Jany_Volfové.txt,dotazy,Ne
1.26._Zeman_byl_u_zrodu_nové_strany_Jany_Volfové.txt,emoce,Ne
1.26._Zeman_byl_u_zrodu_nové_strany_Jany_Volfové.txt,fakta_a_nazory,Ano
1.26._Zeman_byl_u_zrodu_nové_strany_Jany_Volfové.txt,funkce,kontextuální informace
1.26._Zeman_byl_u_zrodu_nové_strany_Jany_Volfové.txt,hard_news,Ano
1.26._Zeman_byl_u_zrodu_nové_strany_Jany_Volfové.txt,informace,Ne
1.26._Zeman_byl_u_zrodu_nové_strany_Jany_Volfové.txt,konflikt,Ne
1.26._Zeman_byl_u_zrodu_nové_strany_Jany_Volfové.txt,kontext,Ano
1.26._Zeman_byl_u_zrodu_nové_strany_Jany_Volfové.txt,kriterium,vyhovující
1.26._Zeman_byl_u_zrodu_nové_strany_Jany_Volfové.txt,lokalni_dopad,Ne
1.26._Zeman_byl_u_zrodu_nové_strany_Jany_Volfové.txt,morbidnost,Ne
1.26._Zeman_byl_u_zrodu_nové_strany_Jany_Volfové.txt,negativni_vyzneni,Ne
1.26._Zeman_byl_u_zrodu_nové_strany_Jany_Volfové.txt,nekompetence,Ne
1.26._Zeman_byl_u_zrodu_nové_strany_Jany_Volfové.txt,obtezujici_okolnosti,Ne
1.26._Zeman_byl_u_zrodu_nové_strany_Jany_Volfové.txt,odborny_zdroj,Ne
1.26._Zeman_byl_u_zrodu_nové_strany_Jany_Volfové.txt,odstavce,10
1.26._Zeman_byl_u_zrodu_nové_strany_Jany_Volfové.txt,personalizace,Ano
1.26._Zeman_byl_u_zrodu_nové_strany_Jany_Volfové.txt,podpora,Ne
1.26._Zeman_byl_u_zrodu_nové_strany_Jany_Volfové.txt,politicka_zprava,Ano
1.26._Zeman_byl_u_zrodu_nové_strany_Jany_Volfové.txt,pozadavky,Ne
1.26._Zeman_byl_u_zrodu_nové_strany_Jany_Volfové.txt,problemy,Ne
1.26._Zeman_byl_u_zrodu_nové_strany_Jany_Volfové.txt,protichudna_hlediska,Ne
1.26._Zeman_byl_u_zrodu_nové_strany_Jany_Volfové.txt,pyramida,Ano
1.26._Zeman_byl_u_zrodu_nové_strany_Jany_Volfové.txt,rady,Ne
1.26._Zeman_byl_u_zrodu_nové_strany_Jany_Volfové.txt,reakce,Ne
1.26._Zeman_byl_u_zrodu_nové_strany_Jany_Volfové.txt,senzacnost,Ne
1.26._Zeman_byl_u_zrodu_nové_strany_Jany_Volfové.txt,skandal,Ne
1.26._Zeman_byl_u_zrodu_nové_strany_Jany_Volfové.txt,soukromy_ramec,Ne
1.26._Zeman_byl_u_zrodu_nové_strany_Jany_Volfové.txt,soukromy_zivot,Ne
1.26._Zeman_byl_u_zrodu_nové_strany_Jany_Volfové.txt,strategicke,Ano
1.26._Zeman_byl_u_zrodu_nové_strany_Jany_Volfové.txt,validace,Ne
1.26._Zeman_byl_u_zrodu_nové_strany_Jany_Volfové.txt,vecne,Ne
1.26._Zeman_byl_u_zrodu_nové_strany_Jany_Volfové.txt,vyvazenost,různé úhly pohledu
1.26._Zeman_byl_u_zrodu_nové_strany_Jany_Volfové.txt,vzdelavani,Ne
1.27._V_obcích_uspěli_opět_nezávislí.txt,kriterium,nezpravodajský
1.28._ODS_podpořila_Klause_na_Hrad.txt,citace_a_parafraze,Ne
1.28._ODS_podpořila_Klause_na_Hrad.txt,dopad,Ne
1.28._ODS_podpořila_Klause_na_Hrad.txt,dotazy,Ne
1.28._ODS_podpořila_Klause_na_Hrad.txt,emoce,Ne
1.28._ODS_podpořila_Klause_na_Hrad.txt,fakta_a_nazory,Ano
1.28._ODS_podpořila_Klause_na_Hrad.txt,funkce,kontextuální informace
1.28._ODS_podpořila_Klause_na_Hrad.txt,hard_news,Ano
1.28._ODS_podpořila_Klause_na_Hrad.txt,informace,Ne
1.28._ODS_podpořila_Klause_na_Hrad.txt,konflikt,Ne
1.28._ODS_podpořila_Klause_na_Hrad.txt,kontext,Ano
1.28._ODS_podpořila_Klause_na_Hrad.txt,kriterium,vyhovující
1.28._ODS_podpořila_Klause_na_Hrad.txt,lokalni_dopad,Ano
1.28._ODS_podpořila_Klause_na_Hrad.txt,morbidnost,Ne
1.28._ODS_podpořila_Klause_na_Hrad.txt,negativni_vyzneni,Ne
1.28._ODS_podpořila_Klause_na_Hrad.txt,nekompetence,Ne
1.28._ODS_podpořila_Klause_na_Hrad.txt,obtezujici_okolnosti,Ne
1.28._ODS_podpořila_Klause_na_Hrad.txt,odborny_zdroj,Ne
1.28._ODS_podpořila_Klause_na_Hrad.txt,odstavce,15
1.28._ODS_podpořila_Klause_na_Hrad.txt,personalizace,Ne
1.28._ODS_podpořila_Klause_na_Hrad.txt,podpora,Ne
1.28._ODS_podpořila_Klause_na_Hrad.txt,politicka_zprava,Ano
1.28._ODS_podpořila_Klause_na_Hrad.txt,pozadavky,Ne
1.28._ODS_podpořila_Klause_na_Hrad.txt,problemy,Ne
1.28._ODS_podpořila_Klause_na_Hrad.txt,protichudna_hlediska,Ano
1.28._ODS_podpořila_Klause_na_Hrad.txt,pyramida,Ano
1.28._ODS_podpořila_Klause_na_Hrad.txt,rady,Ne
1.28._ODS_podpořila_Klause_na_Hrad.txt,reakce,Ne
1.28._ODS_podpořila_Klause_na_Hrad.txt,senzacnost,Ne
1.28._ODS_podpořila_Klause_na_Hrad.txt,skandal,Ne
1.28._ODS_podpořila_Klause_na_Hrad.txt,soukromy_ramec,Ne
1.28._ODS_podpořila_Klause_na_Hrad.txt,soukromy_zivot,Ne
1.28._ODS_podpořila_Klause_na_Hrad.txt,strategicke,Ano
1.28._ODS_podpořila_Klause_na_Hrad.txt,validace,Ne
1.28._ODS_podpořila_Klause_na_Hrad.txt,vecne,Ne
1.28._ODS_podpořila_Klause_na_Hrad.txt,vyvazenost,různé úhly pohledu
1.28._ODS_podpořila_Klause_na_Hrad.txt,vzdelavani,Ne
1.29._Dnes_je_poslední_den_na_přiznání_a_zaplacení_daně.txt,dopad,Ne
1.29._Dnes_je_poslední_den_na_přiznání_a_zaplacení_daně.txt,dotazy,Ne
1.29._Dnes_je_poslední_den_na_přiznání_a_zaplacení_daně.txt,emoce,Ne
1.29._Dnes_je_poslední_den_na_přiznání_a_zaplacení_daně.txt,hard_news,Ne
1.29._Dnes_je_poslední_den_na_přiznání_a_zaplacení_daně.txt,informace,Ne
1.29._Dnes_je_poslední_den_na_přiznání_a_zaplacení_daně.txt,kontext,Ne
1.29._Dnes_je_poslední_den_na_přiznání_a_zaplacení_daně.txt,kriterium,vyhovující
1.29._Dnes_je_poslední_den_na_přiznání_a_zaplacení_daně.txt,lokalni_dopad,Ne
1.29._Dnes_je_poslední_den_na_přiznání_a_zaplacení_daně.txt,morbidnost,Ne
1.29._Dnes_je_poslední_den_na_přiznání_a_zaplacení_daně.txt,obtezujici_okolnosti,Ne
1.29._Dnes_je_poslední_den_na_přiznání_a_zaplacení_daně.txt,odstavce,5
1.29._Dnes_je_poslední_den_na_přiznání_a_zaplacení_daně.txt,personalizace,Ne
1.29._Dnes_je_poslední_den_na_přiznání_a_zaplacení_daně.txt,podpora,Ne
1.29._Dnes_je_poslední_den_na_přiznání_a_zaplacení_daně.txt,politicka_zprava,Ne
1.29._Dnes_je_poslední_den_na_přiznání_a_zaplacení_daně.txt,pozadavky,Ne
1.29._Dnes_je_poslední_den_na_přiznání_a_zaplacení_daně.txt,problemy,Ne
1.29._Dnes_je_poslední_den_na_přiznání_a_zaplacení_daně.txt,rady,Ano
1.29._Dnes_je_poslední_den_na_přiznání_a_zaplacení_daně.txt,reakce,Ne
1.29._Dnes_je_poslední_den_na_přiznání_a_zaplacení_daně.txt,senzacnost,Ne
1.29._Dnes_je_poslední_den_na_přiznání_a_zaplacení_daně.txt,soukromy_zivot,Ne
1.29._Dnes_je_poslední_den_na_přiznání_a_zaplacení_daně.txt,validace,Ne
1.29._Dnes_je_poslední_den_na_přiznání_a_zaplacení_daně.txt,vzdelavani,Ano
1.3._Test_MF_DNES_Přijímačky_jsou_těžké_i_pro_dospělé.txt,dopad,Ne
1.3._Test_MF_DNES_Přijímačky_jsou_těžké_i_pro_dospělé.txt,dotazy,Ne
1.3._Test_MF_DNES_Přijímačky_jsou_těžké_i_pro_dospělé.txt,emoce,Ne
1.3._Test_MF_DNES_Přijímačky_jsou_těžké_i_pro_dospělé.txt,hard_news,Ne
1.3._Test_MF_DNES_Přijímačky_jsou_těžké_i_pro_dospělé.txt,informace,Ne
1.3._Test_MF_DNES_Přijímačky_jsou_těžké_i_pro_dospělé.txt,kontext,Ne
1.3._Test_MF_DNES_Přijímačky_jsou_těžké_i_pro_dospělé.txt,kriterium,vyhovující
1.3._Test_MF_DNES_Přijímačky_jsou_těžké_i_pro_dospělé.txt,lokalni_dopad,Ne
1.3._Test_MF_DNES_Přijímačky_jsou_těžké_i_pro_dospělé.txt,morbidnost,Ne
1.3._Test_MF_DNES_Přijímačky_jsou_těžké_i_pro_dospělé.txt,obtezujici_okolnosti,Ne
1.3._Test_MF_DNES_Přijímačky_jsou_těžké_i_pro_dospělé.txt,odstavce,6
1.3._Test_MF_DNES_Přijímačky_jsou_těžké_i_pro_dospělé.txt,personalizace,Ano
1.3._Test_MF_DNES_Přijímačky_jsou_těžké_i_pro_dospělé.txt,podpora,Ne
1.3._Test_MF_DNES_Přijímačky_jsou_těžké_i_pro_dospělé.txt,politicka_zprava,Ne
1.3._Test_MF_DNES_Přijímačky_jsou_těžké_i_pro_dospělé.txt,pozadavky,Ne
1.3._Test_MF_DNES_Přijímačky_jsou_těžké_i_pro_dospělé.txt,problemy,Ne
1.3._Test_MF_DNES_Přijímačky_jsou_těžké_i_pro_dospělé.txt,rady,Ne
1.3._Test_MF_DNES_Přijímačky_jsou_těžké_i_pro_dospělé.txt,reakce,Ne
1.3._Test_MF_DNES_Přijímačky_jsou_těžké_i_pro_dospělé.txt,senzacnost,Ano
1.3._Test_MF_DNES_Přijímačky_jsou_těžké_i_pro_dospělé.txt,soukromy_zivot,Ne
1.3._Test_MF_DNES_Přijímačky_jsou_těžké_i_pro_dospělé.txt,validace,Ne
1.3._Test_MF_DNES_Přijímačky_jsou_těžké_i_pro_dospělé.txt,vzdelavani,Ne
1.30._Spadl_ze_skály.txt,dopad,Ne
1.30._Spadl_ze_skály.txt,dotazy,Ne
1.30._Spadl_ze_skály.txt,emoce,Ne
1.30._Spadl_ze_skály.txt,hard_news,Ne
1.30._Spadl_ze_skály.txt,informace,Ne
1.30._Spadl_ze_skály.txt,kontext,Ne
1.30._Spadl_ze_skály.txt,kriterium,vyhovující
1.30._Spadl_ze_skály.txt,lokalni_dopad,Ne
1.30._Spadl_ze_skály.txt,morbidnost,Ne
1.30._Spadl_ze_skály.txt,obtezujici_okolnosti,Ne
1.30._Spadl_ze_skály.txt,odstavce,2
1.30._Spadl_ze_skály.txt,personalizace,Ne
1.30._Spadl_ze_skály.txt,podpora,Ne
1.30._Spadl_ze_skály.txt,politicka_zprava,Ne
1.30._Spadl_ze_skály.txt,pozadavky,Ne
1.30._Spadl_ze_skály.txt,problemy,Ne
1.30._Spadl_ze_skály.txt,rady,Ne
1.30._Spadl_ze_skály.txt,reakce,Ne
1.30._Spadl_ze_skály.txt,senzacnost,Ne
1.30._Spadl_ze_skály.txt,soukromy_zivot,Ne
1.30._Spadl_ze_skály.txt,validace,Ne
1.30._Spadl_ze_skály.txt,vzdelavani,Ne
1.31._Akcie_ČEZ_jsou_opět_nad_940_Kč.txt,dopad,Ne
1.31._Akcie_ČEZ_jsou_opět_nad_940_Kč.txt,dotazy,Ne
1.31._Akcie_ČEZ_jsou_opět_nad_940_Kč.txt,emoce,Ne
1.31._Akcie_ČEZ_jsou_opět_nad_940_Kč.txt,hard_news,Ne
1.31._Akcie_ČEZ_jsou_opět_nad_940_Kč.txt,informace,Ne
1.31._Akcie_ČEZ_jsou_opět_nad_940_Kč.txt,kontext,Ne
1.31._Akcie_ČEZ_jsou_opět_nad_940_Kč.txt,kriterium,vyhovující
1.31._Akcie_ČEZ_jsou_opět_nad_940_Kč.txt,lokalni_dopad,Ne
1.31._Akcie_ČEZ_jsou_opět_nad_940_Kč.txt,morbidnost,Ne
1.31._Akcie_ČEZ_jsou_opět_nad_940_Kč.txt,obtezujici_okolnosti,Ne
1.31._Akcie_ČEZ_jsou_opět_nad_940_Kč.txt,odstavce,6
1.31._Akcie_ČEZ_jsou_opět_nad_940_Kč.txt,personalizace,Ne
1.31._Akcie_ČEZ_jsou_opět_nad_940_Kč.txt,podpora,Ne
1.31._Akcie_ČEZ_jsou_opět_nad_940_Kč.txt,politicka_zprava,Ne
1.31._Akcie_ČEZ_jsou_opět_nad_940_Kč.txt,pozadavky,Ne
1.31._Akcie_ČEZ_jsou_opět_nad_940_Kč.txt,problemy,Ne
1.31._Akcie_ČEZ_jsou_opět_nad_940_Kč.txt,rady,Ne
1.31._Akcie_ČEZ_jsou_opět_nad_940_Kč.txt,reakce,Ne
1.31._Akcie_ČEZ_jsou_opět_nad_940_Kč.txt,senzacnost,Ne
1.31._Akcie_ČEZ_jsou_opět_nad_940_Kč.txt,soukromy_zivot,Ne
1.31._Akcie_ČEZ_jsou_opět_nad_940_Kč.txt,validace,Ne
1.31._Akcie_ČEZ_jsou_opět_nad_940_Kč.txt,vzdelavani,Ne
1.32._Mladistvý_hrozil_mačetou.txt,kriterium,nezpravodajský
1.33._Viník_nehody_ujel.txt,kriterium,krátký
1.34._Policejní_prezident_by_mohl_mít_časově_omezené_funkční_období.txt,citace_a_parafraze,Ano
1.34._Policejní_prezident_by_mohl_mít_časově_omezené_funkční_období.txt,dopad,Ne
1.34._Policejní_prezident_by_mohl_mít_časově_omezené_funkční_období.txt,dotazy,Ne
1.34._Policejní_prezident_by_mohl_mít_časově_omezené_funkční_období.txt,emoce,Ne
1.34._Policejní_prezident_by_mohl_mít_časově_omezené_funkční_období.txt,fakta_a_nazory,Ano
1.34._Policejní_prezident_by_mohl_mít_časově_omezené_funkční_období.txt,funkce,kontextuální informace
1.34._Policejní_prezident_by_mohl_mít_časově_omezené_funkční_období.txt,hard_news,Ano
1.34._Policejní_prezident_by_mohl_mít_časově_omezené_funkční_období.txt,informace,Ne
1.34._Policejní_prezident_by_mohl_mít_časově_omezené_funkční_období.txt,konflikt,Ne
1.34._Policejní_prezident_by_mohl_mít_časově_omezené_funkční_období.txt,kontext,Ne
1.34._Policejní_prezident_by_mohl_mít_časově_omezené_funkční_období.txt,kriterium,vyhovující
1.34._Policejní_prezident_by_mohl_mít_časově_omezené_funkční_období.txt,lokalni_dopad,Ne
1.34._Policejní_prezident_by_mohl_mít_časově_omezené_funkční_období.txt,morbidnost,Ne
1.34._Policejní_prezident_by_mohl_mít_časově_omezené_funkční_období.txt,negativni_vyzneni,Ne
1.34._Policejní_prezident_by_mohl_mít_časově_omezené_funkční_období.txt,nekompetence,Ne
1.34._Policejní_prezident_by_mohl_mít_časově_omezené_funkční_období.txt,obtezujici_okolnosti,Ne
1.34._Policejní_prezident_by_mohl_mít_časově_omezené_funkční_období.txt,odborny_zdroj,Ne
1.34._Policejní_prezident_by_mohl_mít_časově_omezené_funkční_období.txt,odstavce,7
1.34._Policejní_prezident_by_mohl_mít_časově_omezené_funkční_období.txt,personalizace,Ne
1.34._Policejní_prezident_by_mohl_mít_časově_omezené_funkční_období.txt,podpora,Ne
1.34._Policejní_prezident_by_mohl_mít_časově_omezené_funkční_období.txt,politicka_zprava,Ano
1.34._Policejní_prezident_by_mohl_mít_časově_omezené_funkční_období.txt,pozadavky,Ne
1.34._Policejní_prezident_by_mohl_mít_časově_omezené_funkční_období.txt,problemy,Ne
1.34._Policejní_prezident_by_mohl_mít_časově_omezené_funkční_období.txt,protichudna_hlediska,Ne
1.34._Policejní_prezident_by_mohl_mít_časově_omezené_funkční_období.txt,pyramida,Ano
1.34._Policejní_prezident_by_mohl_mít_časově_omezené_funkční_období.txt,rady,Ne
1.34._Policejní_prezident_by_mohl_mít_časově_omezené_funkční_období.txt,reakce,Ne
1.34._Policejní_prezident_by_mohl_mít_časově_omezené_funkční_období.txt,senzacnost,Ne
1.34._Policejní_prezident_by_mohl_mít_časově_omezené_funkční_období.txt,skandal,Ne
1.34._Policejní_prezident_by_mohl_mít_časově_omezené_funkční_období.txt,soukromy_ramec,Ne
1.34._Policejní_prezident_by_mohl_mít_časově_omezené_funkční_období.txt,soukromy_zivot,Ne
1.34._Policejní_prezident_by_mohl_mít_časově_omezené_funkční_období.txt,strategicke,Ano
1.34._Policejní_prezident_by_mohl_mít_časově_omezené_funkční_období.txt,validace,Ne
1.34._Policejní_prezident_by_mohl_mít_časově_omezené_funkční_období.txt,vecne,Ano
1.34._Policejní_prezident_by_mohl_mít_časově_omezené_funkční_období.txt,vyvazenost,různé úhly pohledu
1.34._Policejní_prezident_by_mohl_mít_časově_omezené_funkční_období.txt,vzdelavani,Ne
1.35._ČSSD_viní_Langra_z_ovlivňování_kauzy_Kubice.txt,citace_a_parafraze,Ano
1.35._ČSSD_viní_Langra_z_ovlivňování_kauzy_Kubice.txt,dopad,Ne
1.35._ČSSD_viní_Langra_z_ovlivňování_kauzy_Kubice.txt,dotazy,Ne
1.35._ČSSD_viní_Langra_z_ovlivňování_kauzy_Kubice.txt,emoce,Ne
1.35._ČSSD_viní_Langra_z_ovlivňování_kauzy_Kubice.txt,fakta_a_nazory,Ano
1.35._ČSSD_viní_Langra_z_ovlivňování_kauzy_Kubice.txt,funkce,aktuálních fakta a události
1.35._ČSSD_viní_Langra_z_ovlivňování_kauzy_Kubice.txt,hard_news,Ne
1.35._ČSSD_viní_Langra_z_ovlivňování_kauzy_Kubice.txt,informace,Ne
1.35._ČSSD_viní_Langra_z_ovlivňování_kauzy_Kubice.txt,konflikt,Ano
1.35._ČSSD_viní_Langra_z_ovlivňování_kauzy_Kubice.txt,kontext,Ne
1.35._ČSSD_viní_Langra_z_ovlivňování_kauzy_Kubice.txt,kriterium,vyhovující
1.35._ČSSD_viní_Langra_z_ovlivňování_kauzy_Kubice.txt,lokalni_dopad,Ne
1.35._ČSSD_viní_Langra_z_ovlivňování_kauzy_Kubice.txt,morbidnost,Ne
1.35._ČSSD_viní_Langra_z_ovlivňování_kauzy_Kubice.txt,negativni_vyzneni,Ne
1.35._ČSSD_viní_Langra_z_ovlivňování_kauzy_Kubice.txt,nekompetence,Ano
1.35._ČSSD_viní_Langra_z_ovlivňování_kauzy_Kubice.txt,obtezujici_okolnosti,Ne
1.35._ČSSD_viní_Langra_z_ovlivňování_kauzy_Kubice.txt,odborny_zdroj,Ne
1.35._ČSSD_viní_Langra_z_ovlivňování_kauzy_Kubice.txt,odstavce,6
1.35._ČSSD_viní_Langra_z_ovlivňování_kauzy_Kubice.txt,personalizace,Ne
1.35._ČSSD_viní_Langra_z_ovlivňování_kauzy_Kubice.txt,podpora,Ne
1.35._ČSSD_viní_Langra_z_ovlivňování_kauzy_Kubice.txt,politicka_zprava,Ano
1.35._ČSSD_viní_Langra_z_ovlivňování_kauzy_Kubice.txt,pozadavky,Ne
1.35._ČSSD_viní_Langra_z_ovlivňování_kauzy_Kubice.txt,problemy,Ne
1.35._ČSSD_viní_Langra_z_ovlivňování_kauzy_Kubice.txt,protichudna_hlediska,Ano
1.35._ČSSD_viní_Langra_z_ovlivňování_kauzy_Kubice.txt,pyramida,Ano
1.35._ČSSD_viní_Langra_z_ovlivňování_kauzy_Kubice.txt,rady,Ne
1.35._ČSSD_viní_Langra_z_ovlivňování_kauzy_Kubice.txt,reakce,Ne
1.35._ČSSD_viní_Langra_z_ovlivňování_kauzy_Kubice.txt,senzacnost,Ne
1.35._ČSSD_viní_Langra_z_ovlivňování_kauzy_Kubice.txt,skandal,Ne
1.35._ČSSD_viní_Langra_z_ovlivňování_kauzy_Kubice.txt,soukromy_ramec,Ne
1.35._ČSSD_viní_Langra_z_ovlivňování_kauzy_Kubice.txt,soukromy_zivot,Ne
1.35._ČSSD_viní_Langra_z_ovlivňování_kauzy_Kubice.txt,strategicke,Ne
1.35._ČSSD_viní_Langra_z_ovlivňování_kauzy_Kubice.txt,validace,Ne
1.35._ČSSD_viní_Langra_z_ovlivňování_kauzy_Kubice.txt,vecne,Ne
1.35._ČSSD_viní_Langra_z_ovlivňování_kauzy_Kubice.txt,vyvazenost,různé úhly pohledu
1.35._ČSSD_viní_Langra_z_ovlivňování_kauzy_Kubice.txt,vzdelavani,Ne
1.36._Transparency_Int._prý_nevrátila_část_půjčky.txt,dopad,Ne
1.36._Transparency_Int._prý_nevrátila_část_půjčky.txt,dotazy,Ne
1.36._Transparency_Int._prý_nevrátila_část_půjčky.txt,emoce,Ne
1.36._Transparency_Int._prý_nevrátila_část_půjčky.txt,hard_news,Ne
1.36._Transparency_Int._prý_nevrátila_část_půjčky.txt,informace,Ano
1.36._Transparency_Int._prý_nevrátila_část_půjčky.txt,kontext,Ne
1.36._Transparency_Int._prý_nevrátila_část_půjčky.txt,kriterium,vyhovující
1.36._Transparency_Int._prý_nevrátila_část_půjčky.txt,lokalni_dopad,Ne
1.36._Transparency_Int._prý_nevrátila_část_půjčky.txt,morbidnost,Ne
1.36._Transparency_Int._prý_nevrátila_část_půjčky.txt,obtezujici_okolnosti,Ne
1.36._Transparency_Int._prý_nevrátila_část_půjčky.txt,odstavce,2
1.36._Transparency_Int._prý_nevrátila_část_půjčky.txt,personalizace,Ne
1.36._Transparency_Int._prý_nevrátila_část_půjčky.txt,podpora,Ne
1.36._Transparency_Int._prý_nevrátila_část_půjčky.txt,politicka_zprava,Ne
1.36._Transparency_Int._prý_nevrátila_část_půjčky.txt,pozadavky,Ne
1.36._Transparency_Int._prý_nevrátila_část_půjčky.txt,problemy,Ne
1.36._Transparency_Int._prý_nevrátila_část_půjčky.txt,rady,Ne
1.36._Transparency_Int._prý_nevrátila_část_půjčky.txt,reakce,Ne
1.36._Transparency_Int._prý_nevrátila_část_půjčky.txt,senzacnost,Ne
1.36._Transparency_Int._prý_nevrátila_část_půjčky.txt,soukromy_zivot,Ne
1.36._Transparency_Int._prý_nevrátila_část_půjčky.txt,validace,Ne
1.36._Transparency_Int._prý_nevrátila_část_půjčky.txt,vzdelavani,Ne
1.37._Když_poslanci_neumějí_cizí_jazyky_stojí_to_milióny_korun.txt,dopad,Ne
1.37._Když_poslanci_neumějí_cizí_jazyky_stojí_to_milióny_korun.txt,dotazy,Ne
1.37._Když_poslanci_neumějí_cizí_jazyky_stojí_to_milióny_korun.txt,emoce,Ne
1.37._Když_poslanci_neumějí_cizí_jazyky_stojí_to_milióny_korun.txt,hard_news,Ne
1.37._Když_poslanci_neumějí_cizí_jazyky_stojí_to_milióny_korun.txt,informace,Ne
1.37._Když_poslanci_neumějí_cizí_jazyky_stojí_to_milióny_korun.txt,kontext,Ne
1.37._Když_poslanci_neumějí_cizí_jazyky_stojí_to_milióny_korun.txt,kriterium,vyhovující
1.37._Když_poslanci_neumějí_cizí_jazyky_stojí_to_milióny_korun.txt,lokalni_dopad,Ne
1.37._Když_poslanci_neumějí_cizí_jazyky_stojí_to_milióny_korun.txt,morbidnost,Ne
1.37._Když_poslanci_neumějí_cizí_jazyky_stojí_to_milióny_korun.txt,obtezujici_okolnosti,Ne
1.37._Když_poslanci_neumějí_cizí_jazyky_stojí_to_milióny_korun.txt,odstavce,24
1.37._Když_poslanci_neumějí_cizí_jazyky_stojí_to_milióny_korun.txt,personalizace,Ano
1.37._Když_poslanci_neumějí_cizí_jazyky_stojí_to_milióny_korun.txt,podpora,Ne
1.37._Když_poslanci_neumějí_cizí_jazyky_stojí_to_milióny_korun.txt,politicka_zprava,Ano
1.37._Když_poslanci_neumějí_cizí_jazyky_stojí_to_milióny_korun.txt,pozadavky,Ne
1.37._Když_poslanci_neumějí_cizí_jazyky_stojí_to_milióny_korun.txt,problemy,Ne
1.37._Když_poslanci_neumějí_cizí_jazyky_stojí_to_milióny_korun.txt,rady,Ne
1.37._Když_poslanci_neumějí_cizí_jazyky_stojí_to_milióny_korun.txt,reakce,Ne
1.37._Když_poslanci_neumějí_cizí_jazyky_stojí_to_milióny_korun.txt,senzacnost,Ne
1.37._Když_poslanci_neumějí_cizí_jazyky_stojí_to_milióny_korun.txt,soukromy_ramec,Ne
1.37._Když_poslanci_neumějí_cizí_jazyky_stojí_to_milióny_korun.txt,soukromy_zivot,Ne
1.37._Když_poslanci_neumějí_cizí_jazyky_stojí_to_milióny_korun.txt,validace,Ne
1.37._Když_poslanci_neumějí_cizí_jazyky_stojí_to_milióny_korun.txt,vzdelavani,Ne
1.38._Kurzy_ČNB_od_30._3._2007.txt,kriterium,krátký
1.39._Rodiče_osmiměsíční_dívky_čelí_obvinění_z_týrání.txt,dopad,Ne
1.39._Rodiče_osmiměsíční_dívky_čelí_obvinění_z_týrání.txt,dotazy,Ne
1.39._Rodiče_osmiměsíční_dívky_čelí_obvinění_z_týrání.txt,emoce,Ne
1.39._Rodiče_osmiměsíční_dívky_čelí_obvinění_z_týrání.txt,hard_news,Ne
1.39._Rodiče_osmiměsíční_dívky_čelí_obvinění_z_týrání.txt,informace,Ne
1.39._Rodiče_osmiměsíční_dívky_čelí_obvinění_z_týrání.txt,kontext,Ne
1.39._Rodiče_osmiměsíční_dívky_čelí_obvinění_z_týrání.txt,kriterium,vyhovující
1.39._Rodiče_osmiměsíční_dívky_čelí_obvinění_z_týrání.txt,lokalni_dopad,Ne
1.39._Rodiče_osmiměsíční_dívky_čelí_obvinění_z_týrání.txt,morbidnost,Ano
1.39._Rodiče_osmiměsíční_dívky_čelí_obvinění_z_týrání.txt,obtezujici_okolnosti,Ne
1.39._Rodiče_osmiměsíční_dívky_čelí_obvinění_z_týrání.txt,odstavce,5
1.39._Rodiče_osmiměsíční_dívky_čelí_obvinění_z_týrání.txt,personalizace,Ne
1.39._Rodiče_osmiměsíční_dívky_čelí_obvinění_z_týrání.txt,podpora,Ne
1.39._Rodiče_osmiměsíční_dívky_čelí_obvinění_z_týrání.txt,politicka_zprava,Ne
1.39._Rodiče_osmiměsíční_dívky_čelí_obvinění_z_týrání.txt,pozadavky,Ne
1.39._Rodiče_osmiměsíční_dívky_čelí_obvinění_z_týrání.txt,problemy,Ne
1.39._Rodiče_osmiměsíční_dívky_čelí_obvinění_z_týrání.txt,rady,Ne
1.39._Rodiče_osmiměsíční_dívky_čelí_obvinění_z_týrání.txt,reakce,Ne
1.39._Rodiče_osmiměsíční_dívky_čelí_obvinění_z_týrání.txt,senzacnost,Ne
1.39._Rodiče_osmiměsíční_dívky_čelí_obvinění_z_týrání.txt,soukromy_zivot,Ne
1.39._Rodiče_osmiměsíční_dívky_čelí_obvinění_z_týrání.txt,validace,Ne
1.39._Rodiče_osmiměsíční_dívky_čelí_obvinění_z_týrání.txt,vzdelavani,Ne
1.4._Sledují_každý_náš_krok.txt,dotazy,Ne
1.4._Sledují_každý_náš_krok.txt,emoce,Ne
1.4._Sledují_každý_náš_krok.txt,hard_news,Ne
1.4._Sledují_každý_náš_krok.txt,informace,Ne
1.4._Sledují_každý_náš_krok.txt,kontext,Ne
1.4._Sledují_každý_náš_krok.txt,kriterium,vyhovující
1.4._Sledují_každý_náš_krok.txt,lokalni_dopad,Ne
1.4._Sledují_každý_náš_krok.txt,morbidnost,Ne
1.4._Sledují_každý_náš_krok.txt,obtezujici_okolnosti,Ne
1.4._Sledují_každý_náš_krok.txt,odstavce,9
1.4._Sledují_každý_náš_krok.txt,personalizace,Ano
1.4._Sledují_každý_náš_krok.txt,podpora,Ne
1.4._Sledují_každý_náš_krok.txt,politicka_zprava,Ne
1.4._Sledují_každý_náš_krok.txt,pozadavky,Ne
1.4._Sledují_každý_náš_krok.txt,problemy,Ne
1.4._Sledují_každý_náš_krok.txt,rady,Ne
1.4._Sledují_každý_náš_krok.txt,reakce,Ne
1.4._Sledují_každý_náš_krok.txt,senzacnost,Ano
1.4._Sledují_každý_náš_krok.txt,soukromy_zivot,Ne
1.4._Sledují_každý_náš_krok.txt,validace,Ne
1.4._Sledují_každý_náš_krok.txt,vzdelavani,Ne
1.40._Mladí_farmáři_mají_vydělat.txt,kriterium,nezpravodajský
1.41._Vodáci_odemkli_Lužnici.txt,kriterium,krátký
1.42._Dětské_oběti_vypovídají_ve_speciální_místnosti.txt,dopad,Ne
1.42._Dětské_oběti_vypovídají_ve_speciální_místnosti.txt,dotazy,Ne
1.42._Dětské_oběti_vypovídají_ve_speciální_místnosti.txt,emoce,Ne
1.42._Dětské_oběti_vypovídají_ve_speciální_místnosti.txt,hard_news,Ne
1.42._Dětské_oběti_vypovídají_ve_speciální_místnosti.txt,informace,Ne
1.42._Dětské_oběti_vypovídají_ve_speciální_místnosti.txt,kontext,Ne
1.42._Dětské_oběti_vypovídají_ve_speciální_místnosti.txt,kriterium,vyhovující
1.42._Dětské_oběti_vypovídají_ve_speciální_místnosti.txt,lokalni_dopad,Ne
1.42._Dětské_oběti_vypovídají_ve_speciální_místnosti.txt,morbidnost,Ne
1.42._Dětské_oběti_vypovídají_ve_speciální_místnosti.txt,obtezujici_okolnosti,Ne
1.42._Dětské_oběti_vypovídají_ve_speciální_místnosti.txt,odstavce,8
1.42._Dětské_oběti_vypovídají_ve_speciální_místnosti.txt,personalizace,Ne
1.42._Dětské_oběti_vypovídají_ve_speciální_místnosti.txt,podpora,Ne
1.42._Dětské_oběti_vypovídají_ve_speciální_místnosti.txt,politicka_zprava,Ne
1.42._Dětské_oběti_vypovídají_ve_speciální_místnosti.txt,pozadavky,Ne
1.42._Dětské_oběti_vypovídají_ve_speciální_místnosti.txt,problemy,Ne
1.42._Dětské_oběti_vypovídají_ve_speciální_místnosti.txt,rady,Ne
1.42._Dětské_oběti_vypovídají_ve_speciální_místnosti.txt,reakce,Ne
1.42._Dětské_oběti_vypovídají_ve_speciální_místnosti.txt,senzacnost,Ne
1.42._Dětské_oběti_vypovídají_ve_speciální_místnosti.txt,soukromy_zivot,Ne
1.42._Dětské_oběti_vypovídají_ve_speciální_místnosti.txt,validace,Ne
1.42._Dětské_oběti_vypovídají_ve_speciální_místnosti.txt,vzdelavani,Ne
1.43._Hrady_a_zámky_otevřely_brány_návštěvníkům.txt,dopad,Ne
1.43._Hrady_a_zámky_otevřely_brány_návštěvníkům.txt,dotazy,Ne
1.43._Hrady_a_zámky_otevřely_brány_návštěvníkům.txt,emoce,Ne
1.43._Hrady_a_zámky_otevřely_brány_návštěvníkům.txt,hard_news,Ne
1.43._Hrady_a_zámky_otevřely_brány_návštěvníkům.txt,informace,Ne
1.43._Hrady_a_zámky_otevřely_brány_návštěvníkům.txt,kontext,Ano
1.43._Hrady_a_zámky_otevřely_brány_návštěvníkům.txt,kriterium,vyhovující
1.43._Hrady_a_zámky_otevřely_brány_návštěvníkům.txt,lokalni_dopad,Ne
1.43._Hrady_a_zámky_otevřely_brány_návštěvníkům.txt,morbidnost,Ne
1.43._Hrady_a_zámky_otevřely_brány_návštěvníkům.txt,obtezujici_okolnosti,Ne
1.43._Hrady_a_zámky_otevřely_brány_návštěvníkům.txt,odstavce,8
1.43._Hrady_a_zámky_otevřely_brány_návštěvníkům.txt,personalizace,Ne
1.43._Hrady_a_zámky_otevřely_brány_návštěvníkům.txt,podpora,Ne
1.43._Hrady_a_zámky_otevřely_brány_návštěvníkům.txt,politicka_zprava,Ano
1.43._Hrady_a_zámky_otevřely_brány_návštěvníkům.txt,pozadavky,Ne
1.43._Hrady_a_zámky_otevřely_brány_návštěvníkům.txt,problemy,Ne
1.43._Hrady_a_zámky_otevřely_brány_návštěvníkům.txt,rady,Ano
1.43._Hrady_a_zámky_otevřely_brány_návštěvníkům.txt,reakce,Ne
1.43._Hrady_a_zámky_otevřely_brány_návštěvníkům.txt,senzacnost,Ne
1.43._Hrady_a_zámky_otevřely_brány_návštěvníkům.txt,soukromy_zivot,Ne
1.43._Hrady_a_zámky_otevřely_brány_návštěvníkům.txt,validace,Ne
1.43._Hrady_a_zámky_otevřely_brány_návštěvníkům.txt,vzdelavani,Ne
1.44._ČNB_v_loňském_roce_skončila_ve_ztrátě_564_miliardy_korun.txt,kriterium,nezpravodajský
1.45._Špatná_strava_a_málo_pohybu_zvyšuje_riziko_infarktu_33krát.txt,dopad,Ne
1.45._Špatná_strava_a_málo_pohybu_zvyšuje_riziko_infarktu_33krát.txt,dotazy,Ne
1.45._Špatná_strava_a_málo_pohybu_zvyšuje_riziko_infarktu_33krát.txt,emoce,Ne
1.45._Špatná_strava_a_málo_pohybu_zvyšuje_riziko_infarktu_33krát.txt,hard_news,Ne
1.45._Špatná_strava_a_málo_pohybu_zvyšuje_riziko_infarktu_33krát.txt,informace,Ne
1.45._Špatná_strava_a_málo_pohybu_zvyšuje_riziko_infarktu_33krát.txt,kontext,Ne
1.45._Špatná_strava_a_málo_pohybu_zvyšuje_riziko_infarktu_33krát.txt,kriterium,vyhovující
1.45._Špatná_strava_a_málo_pohybu_zvyšuje_riziko_infarktu_33krát.txt,lokalni_dopad,Ne
1.45._Špatná_strava_a_málo_pohybu_zvyšuje_riziko_infarktu_33krát.txt,morbidnost,Ne
1.45._Špatná_strava_a_málo_pohybu_zvyšuje_riziko_infarktu_33krát.txt,obtezujici_okolnosti,Ne
1.45._Špatná_strava_a_málo_pohybu_zvyšuje_riziko_infarktu_33krát.txt,odstavce,11
1.45._Špatná_strava_a_málo_pohybu_zvyšuje_riziko_infarktu_33krát.txt,personalizace,Ne
1.45._Špatná_strava_a_málo_pohybu_zvyšuje_riziko_infarktu_33krát.txt,podpora,Ne
1.45._Špatná_strava_a_málo_pohybu_zvyšuje_riziko_infarktu_33krát.txt,politicka_zprava,Ne
1.45._Špatná_strava_a_málo_pohybu_zvyšuje_riziko_infarktu_33krát.txt,pozadavky,Ne
1.45._Špatná_strava_a_málo_pohybu_zvyšuje_riziko_infarktu_33krát.txt,problemy,Ne
1.45._Špatná_strava_a_málo_pohybu_zvyšuje_riziko_infarktu_33krát.txt,rady,Ne
1.45._Špatná_strava_a_málo_pohybu_zvyšuje_riziko_infarktu_33krát.txt,reakce,Ne
1.45._Špatná_strava_a_málo_pohybu_zvyšuje_riziko_infarktu_33krát.txt,senzacnost,Ne
1.45._Špatná_strava_a_málo_pohybu_zvyšuje_riziko_infarktu_33krát.txt,soukromy_zivot,Ne
1.45._Špatná_strava_a_málo_pohybu_zvyšuje_riziko_infarktu_33krát.txt,validace,Ne
1.45._Špatná_strava_a_málo_pohybu_zvyšuje_riziko_infarktu_33krát.txt,vzdelavani,Ne
1.46._Co_říkají_ke_spolupráci_ODS_a_KSČM.txt,kriterium,nezpravodajský
1.47._Opilci_napadali_policisty.txt,dopad,Ne
1.47._Opilci_napadali_policisty.txt,dotazy,Ne
1.47._Opilci_napadali_policisty.txt,emoce,Ne
1.47._Opilci_napadali_policisty.txt,hard_news,Ne
1.47._Opilci_napadali_policisty.txt,informace,Ne
1.47._Opilci_napadali_policisty.txt,kontext,Ne
1.47._Opilci_napadali_policisty.txt,kriterium,vyhovující
1.47._Opilci_napadali_policisty.txt,lokalni_dopad,Ne
1.47._Opilci_napadali_policisty.txt,morbidnost,Ne
1.47._Opilci_napadali_policisty.txt,obtezujici_okolnosti,Ne
1.47._Opilci_napadali_policisty.txt,odstavce,5
1.47._Opilci_napadali_policisty.txt,personalizace,Ne
1.47._Opilci_napadali_policisty.txt,podpora,Ne
1.47._Opilci_napadali_policisty.txt,politicka_zprava,Ne
1.47._Opilci_napadali_policisty.txt,pozadavky,Ne
1.47._Opilci_napadali_policisty.txt,problemy,Ne
1.47._Opilci_napadali_policisty.txt,rady,Ne
1.47._Opilci_napadali_policisty.txt,reakce,Ne
1.47._Opilci_napadali_policisty.txt,senzacnost,Ano
1.47._Opilci_napadali_policisty.txt,soukromy_zivot,Ne
1.47._Opilci_napadali_policisty.txt,validace,Ne
1.47._Opilci_napadali_policisty.txt,vzdelavani,Ne
1.48._Dceru_matce_vrátil_až_za_policejní_asistence.txt,dopad,Ne
1.48._Dceru_matce_vrátil_až_za_policejní_asistence.txt,dotazy,Ne
1.48._Dceru_matce_vrátil_až_za_policejní_asistence.txt,emoce,Ne
1.48._Dceru_matce_vrátil_až_za_policejní_asistence.txt,informace,Ne
1.48._Dceru_matce_vrátil_až_za_policejní_asistence.txt,kontext,Ne
1.48._Dceru_matce_vrátil_až_za_policejní_asistence.txt,kriterium,vyhovující
1.48._Dceru_matce_vrátil_až_za_policejní_asistence.txt,lokalni_dopad,Ne
1.48._Dceru_matce_vrátil_až_za_policejní_asistence.txt,morbidnost,Ne
1.48._Dceru_matce_vrátil_až_za_policejní_asistence.txt,obtezujici_okolnosti,Ne
1.48._Dceru_matce_vrátil_až_za_policejní_asistence.txt,odstavce,3
1.48._Dceru_matce_vrátil_až_za_policejní_asistence.txt,personalizace,Ne
1.48._Dceru_matce_vrátil_až_za_policejní_asistence.txt,podpora,Ne
1.48._Dceru_matce_vrátil_až_za_policejní_asistence.txt,pozadavky,Ne
1.48._Dceru_matce_vrátil_až_za_policejní_asistence.txt,problemy,Ne
1.48._Dceru_matce_vrátil_až_za_policejní_asistence.txt,rady,Ne
1.48._Dceru_matce_vrátil_až_za_policejní_asistence.txt,reakce,Ne
1.48._Dceru_matce_vrátil_až_za_policejní_asistence.txt,senzacnost,Ne
1.48._Dceru_matce_vrátil_až_za_policejní_asistence.txt,soukromy_zivot,Ne
1.48._Dceru_matce_vrátil_až_za_policejní_asistence.txt,validace,Ne
1.48._Dceru_matce_vrátil_až_za_policejní_asistence.txt,vzdelavani,Ne
1.49._Pacienti_mají_znát_vše_důležité.txt,dopad,Ne
1.49._Pacienti_mají_znát_vše_důležité.txt,dotazy,Ne
1.49._Pacienti_mají_znát_vše_důležité.txt,emoce,Ne
1.49._Pacienti_mají_znát_vše_důležité.txt,hard_news,Ne
1.49._Pacienti_mají_znát_vše_důležité.txt,informace,Ne
1.49._Pacienti_mají_znát_vše_důležité.txt,kontext,Ne
1.49._Pacienti_mají_znát_vše_důležité.txt,kriterium,vyhovující
1.49._Pacienti_mají_znát_vše_důležité.txt,lokalni_dopad,Ne
1.49._Pacienti_mají_znát_vše_důležité.txt,morbidnost,Ne
1.49._Pacienti_mají_znát_vše_důležité.txt,obtezujici_okolnosti,Ne
1.49._Pacienti_mají_znát_vše_důležité.txt,odstavce,6
1.49._Pacienti_mají_znát_vše_důležité.txt,personalizace,Ne
1.49._Pacienti_mají_znát_vše_důležité.txt,podpora,Ne
1.49._Pacienti_mají_znát_vše_důležité.txt,politicka_zprava,Ne
1.49._Pacienti_mají_znát_vše_důležité.txt,pozadavky,Ne
1.49._Pacienti_mají_znát_vše_důležité.txt,problemy,Ne
1.49._Pacienti_mají_znát_vše_důležité.txt,rady,Ne
1.49._Pacienti_mají_znát_vše_důležité.txt,reakce,Ne
1.49._Pacienti_mají_znát_vše_důležité.txt,senzacnost,Ne
1.49._Pacienti_mají_znát_vše_důležité.txt,soukromy_zivot,Ne
1.49._Pacienti_mají_znát_vše_důležité.txt,validace,Ne
1.49._Pacienti_mají_znát_vše_důležité.txt,vzdelavani,Ano
1.5._Vedení_ODS_Zvolte_Klause_opět_prezidentem.txt,citace_a_parafraze,Ano
1.5._Vedení_ODS_Zvolte_Klause_opět_prezidentem.txt,dopad,Ne
1.5._Vedení_ODS_Zvolte_Klause_opět_prezidentem.txt,dotazy,Ne
1.5._Vedení_ODS_Zvolte_Klause_opět_prezidentem.txt,emoce,Ne
1.5._Vedení_ODS_Zvolte_Klause_opět_prezidentem.txt,fakta_a_nazory,Ano
1.5._Vedení_ODS_Zvolte_Klause_opět_prezidentem.txt,funkce,kontextuální informace
1.5._Vedení_ODS_Zvolte_Klause_opět_prezidentem.txt,hard_news,Ano
1.5._Vedení_ODS_Zvolte_Klause_opět_prezidentem.txt,informace,Ne
1.5._Vedení_ODS_Zvolte_Klause_opět_prezidentem.txt,konflikt,Ne
1.5._Vedení_ODS_Zvolte_Klause_opět_prezidentem.txt,kontext,Ano
1.5._Vedení_ODS_Zvolte_Klause_opět_prezidentem.txt,kriterium,vyhovující
1.5._Vedení_ODS_Zvolte_Klause_opět_prezidentem.txt,lokalni_dopad,Ano
1.5._Vedení_ODS_Zvolte_Klause_opět_prezidentem.txt,morbidnost,Ne
1.5._Vedení_ODS_Zvolte_Klause_opět_prezidentem.txt,negativni_vyzneni,Ne
1.5._Vedení_ODS_Zvolte_Klause_opět_prezidentem.txt,nekompetence,Ne
1.5._Vedení_ODS_Zvolte_Klause_opět_prezidentem.txt,obtezujici_okolnosti,Ne
1.5._Vedení_ODS_Zvolte_Klause_opět_prezidentem.txt,odborny_zdroj,Ne
1.5._Vedení_ODS_Zvolte_Klause_opět_prezidentem.txt,odstavce,7
1.5._Vedení_ODS_Zvolte_Klause_opět_prezidentem.txt,personalizace,Ne
1.5._Vedení_ODS_Zvolte_Klause_opět_prezidentem.txt,podpora,Ne
1.5._Vedení_ODS_Zvolte_Klause_opět_prezidentem.txt,politicka_zprava,Ano
1.5._Vedení_ODS_Zvolte_Klause_opět_prezidentem.txt,pozadavky,Ne
1.5._Vedení_ODS_Zvolte_Klause_opět_prezidentem.txt,problemy,Ne
1.5._Vedení_ODS_Zvolte_Klause_opět_prezidentem.txt,protichudna_hlediska,Ano
1.5._Vedení_ODS_Zvolte_Klause_opět_prezidentem.txt,pyramida,Ano
1.5._Vedení_ODS_Zvolte_Klause_opět_prezidentem.txt,rady,Ne
1.5._Vedení_ODS_Zvolte_Klause_opět_prezidentem.txt,reakce,Ne
1.5._Vedení_ODS_Zvolte_Klause_opět_prezidentem.txt,senzacnost,Ne
1.5._Vedení_ODS_Zvolte_Klause_opět_prezidentem.txt,skandal,Ne
1.5._Vedení_ODS_Zvolte_Klause_opět_prezidentem.txt,soukromy_ramec,Ne
1.5._Vedení_ODS_Zvolte_Klause_opět_prezidentem.txt,soukromy_zivot,Ne
1.5._Vedení_ODS_Zvolte_Klause_opět_prezidentem.txt,strategicke,Ano
1.5._Vedení_ODS_Zvolte_Klause_opět_prezidentem.txt,validace,Ne
1.5._Vedení_ODS_Zvolte_Klause_opět_prezidentem.txt,vecne,Ne
1.5._Vedení_ODS_Zvolte_Klause_opět_prezidentem.txt,vyvazenost,různé úhly pohledu
1.5._Vedení_ODS_Zvolte_Klause_opět_prezidentem.txt,vzdelavani,Ano
1.50._Najel_na_strážníka.txt,kriterium,krátký
1.51._Sklepy_se_změnily_v_turistické_korzo.txt,dopad,Ne
1.51._Sklepy_se_změnily_v_turistické_korzo.txt,dotazy,Ne
1.51._Sklepy_se_změnily_v_turistické_korzo.txt,emoce,Ne
1.51._Sklepy_se_změnily_v_turistické_korzo.txt,hard_news,Ne
1.51._Sklepy_se_změnily_v_turistické_korzo.txt,informace,Ne
1.51._Sklepy_se_změnily_v_turistické_korzo.txt,kontext,Ne
1.51._Sklepy_se_změnily_v_turistické_korzo.txt,kriterium,vyhovující
1.51._Sklepy_se_změnily_v_turistické_korzo.txt,lokalni_dopad,Ne
1.51._Sklepy_se_změnily_v_turistické_korzo.txt,morbidnost,Ne
1.51._Sklepy_se_změnily_v_turistické_korzo.txt,obtezujici_okolnosti,Ne
1.51._Sklepy_se_změnily_v_turistické_korzo.txt,odstavce,9
1.51._Sklepy_se_změnily_v_turistické_korzo.txt,personalizace,Ne
1.51._Sklepy_se_změnily_v_turistické_korzo.txt,podpora,Ne
1.51._Sklepy_se_změnily_v_turistické_korzo.txt,politicka_zprava,Ne
1.51._Sklepy_se_změnily_v_turistické_korzo.txt,pozadavky,Ne
1.51._Sklepy_se_změnily_v_turistické_korzo.txt,problemy,Ne
1.51._Sklepy_se_změnily_v_turistické_korzo.txt,rady,Ano
1.51._Sklepy_se_změnily_v_turistické_korzo.txt,reakce,Ne
1.51._Sklepy_se_změnily_v_turistické_korzo.txt,senzacnost,Ne
1.51._Sklepy_se_změnily_v_turistické_korzo.txt,soukromy_zivot,Ano
1.51._Sklepy_se_změnily_v_turistické_korzo.txt,validace,Ne
1.51._Sklepy_se_změnily_v_turistické_korzo.txt,vzdelavani,Ne
1.52._Čunek_chce_výpověď_z_bytu_bez_důvodu_delší_než_dva_roky.txt,kriterium,nezpravodajský
1.53._Říman_o_žalobě_na_EK_kvůli_emisím_rozhodne_analýza.txt,kriterium,nezpravodajský
1.54._Topolánek_už_s_vulgarismy_narazil_i_u_manželky_Pavly.txt,dopad,Ne
1.54._Topolánek_už_s_vulgarismy_narazil_i_u_manželky_Pavly.txt,dotazy,Ne
1.54._Topolánek_už_s_vulgarismy_narazil_i_u_manželky_Pavly.txt,emoce,Ne
1.54._Topolánek_už_s_vulgarismy_narazil_i_u_manželky_Pavly.txt,hard_news,Ne
1.54._Topolánek_už_s_vulgarismy_narazil_i_u_manželky_Pavly.txt,informace,Ne
1.54._Topolánek_už_s_vulgarismy_narazil_i_u_manželky_Pavly.txt,kontext,Ano
1.54._Topolánek_už_s_vulgarismy_narazil_i_u_manželky_Pavly.txt,kriterium,vyhovující
1.54._Topolánek_už_s_vulgarismy_narazil_i_u_manželky_Pavly.txt,lokalni_dopad,Ne
1.54._Topolánek_už_s_vulgarismy_narazil_i_u_manželky_Pavly.txt,morbidnost,Ne
1.54._Topolánek_už_s_vulgarismy_narazil_i_u_manželky_Pavly.txt,obtezujici_okolnosti,Ne
1.54._Topolánek_už_s_vulgarismy_narazil_i_u_manželky_Pavly.txt,odstavce,5
1.54._Topolánek_už_s_vulgarismy_narazil_i_u_manželky_Pavly.txt,personalizace,Ne
1.54._Topolánek_už_s_vulgarismy_narazil_i_u_manželky_Pavly.txt,podpora,Ne
1.54._Topolánek_už_s_vulgarismy_narazil_i_u_manželky_Pavly.txt,politicka_zprava,Ano
1.54._Topolánek_už_s_vulgarismy_narazil_i_u_manželky_Pavly.txt,pozadavky,Ne
1.54._Topolánek_už_s_vulgarismy_narazil_i_u_manželky_Pavly.txt,problemy,Ne
1.54._Topolánek_už_s_vulgarismy_narazil_i_u_manželky_Pavly.txt,rady,Ne
1.54._Topolánek_už_s_vulgarismy_narazil_i_u_manželky_Pavly.txt,reakce,Ne
1.54._Topolánek_už_s_vulgarismy_narazil_i_u_manželky_Pavly.txt,senzacnost,Ne
1.54._Topolánek_už_s_vulgarismy_narazil_i_u_manželky_Pavly.txt,soukromy_ramec,Ano
1.54._Topolánek_už_s_vulgarismy_narazil_i_u_manželky_Pavly.txt,soukromy_zivot,Ano
1.54._Topolánek_už_s_vulgarismy_narazil_i_u_manželky_Pavly.txt,validace,Ne
1.54._Topolánek_už_s_vulgarismy_narazil_i_u_manželky_Pavly.txt,vzdelavani,Ne
1.55._Vyšetřování_prověrek_v_NBÚ_policie_odložila.txt,kriterium,nezpravodajský
1.56._Češi_a_Němci_o_nacionalismu_a_strachu.txt,dopad,Ne
1.56._Češi_a_Němci_o_nacionalismu_a_strachu.txt,dotazy,Ne
1.56._Češi_a_Němci_o_nacionalismu_a_strachu.txt,emoce,Ne
1.56._Češi_a_Němci_o_nacionalismu_a_strachu.txt,hard_news,Ne
1.56._Češi_a_Němci_o_nacionalismu_a_strachu.txt,informace,Ano
1.56._Češi_a_Němci_o_nacionalismu_a_strachu.txt,kontext,Ne
1.56._Češi_a_Němci_o_nacionalismu_a_strachu.txt,kriterium,vyhovující
1.56._Češi_a_Němci_o_nacionalismu_a_strachu.txt,lokalni_dopad,Ne
1.56._Češi_a_Němci_o_nacionalismu_a_strachu.txt,morbidnost,Ne
1.56._Češi_a_Němci_o_nacionalismu_a_strachu.txt,obtezujici_okolnosti,Ne
1.56._Češi_a_Němci_o_nacionalismu_a_strachu.txt,odstavce,6
1.56._Češi_a_Němci_o_nacionalismu_a_strachu.txt,personalizace,Ne
1.56._Češi_a_Němci_o_nacionalismu_a_strachu.txt,podpora,Ne
1.56._Češi_a_Němci_o_nacionalismu_a_strachu.txt,politicka_zprava,Ne
1.56._Češi_a_Němci_o_nacionalismu_a_strachu.txt,pozadavky,Ne
1.56._Češi_a_Němci_o_nacionalismu_a_strachu.txt,problemy,Ne
1.56._Češi_a_Němci_o_nacionalismu_a_strachu.txt,rady,Ne
1.56._Češi_a_Němci_o_nacionalismu_a_strachu.txt,reakce,Ne
1.56._Češi_a_Němci_o_nacionalismu_a_strachu.txt,senzacnost,Ne
1.56._Češi_a_Němci_o_nacionalismu_a_strachu.txt,soukromy_zivot,Ne
1.56._Češi_a_Němci_o_nacionalismu_a_strachu.txt,validace,Ne
1.56._Češi_a_Němci_o_nacionalismu_a_strachu.txt,vzdelavani,Ne
1.57._Policisté_zatýkali_podle_manuálu.txt,dopad,Ne
1.57._Policisté_zatýkali_podle_manuálu.txt,dotazy,Ne
1.57._Policisté_zatýkali_podle_manuálu.txt,emoce,Ne
1.57._Policisté_zatýkali_podle_manuálu.txt,hard_news,Ne
1.57._Policisté_zatýkali_podle_manuálu.txt,informace,Ano
1.57._Policisté_zatýkali_podle_manuálu.txt,kontext,Ne
1.57._Policisté_zatýkali_podle_manuálu.txt,kriterium,vyhovující
1.57._Policisté_zatýkali_podle_manuálu.txt,lokalni_dopad,Ne
1.57._Policisté_zatýkali_podle_manuálu.txt,morbidnost,Ne
1.57._Policisté_zatýkali_podle_manuálu.txt,obtezujici_okolnosti,Ne
1.57._Policisté_zatýkali_podle_manuálu.txt,odstavce,2
1.57._Policisté_zatýkali_podle_manuálu.txt,personalizace,Ne
1.57._Policisté_zatýkali_podle_manuálu.txt,podpora,Ne
1.57._Policisté_zatýkali_podle_manuálu.txt,politicka_zprava,Ne
1.57._Policisté_zatýkali_podle_manuálu.txt,pozadavky,Ne
1.57._Policisté_zatýkali_podle_manuálu.txt,problemy,Ne
1.57._Policisté_zatýkali_podle_manuálu.txt,rady,Ne
1.57._Policisté_zatýkali_podle_manuálu.txt,reakce,Ne
1.57._Policisté_zatýkali_podle_manuálu.txt,senzacnost,Ne
1.57._Policisté_zatýkali_podle_manuálu.txt,soukromy_zivot,Ne
1.57._Policisté_zatýkali_podle_manuálu.txt,validace,Ne
1.57._Policisté_zatýkali_podle_manuálu.txt,vzdelavani,Ne
1.58._Buď_Čunek_nebo_my_navrhovala_část_zelených.txt,citace_a_parafraze,Ano
1.58._Buď_Čunek_nebo_my_navrhovala_část_zelených.txt,dopad,Ne
1.58._Buď_Čunek_nebo_my_navrhovala_část_zelených.txt,dotazy,Ne
1.58._Buď_Čunek_nebo_my_navrhovala_část_zelených.txt,emoce,Ne
1.58._Buď_Čunek_nebo_my_navrhovala_část_zelených.txt,fakta_a_nazory,Ano
1.58._Buď_Čunek_nebo_my_navrhovala_část_zelených.txt,funkce,kontextuální informace
1.58._Buď_Čunek_nebo_my_navrhovala_část_zelených.txt,hard_news,Ano
1.58._Buď_Čunek_nebo_my_navrhovala_část_zelených.txt,informace,Ne
1.58._Buď_Čunek_nebo_my_navrhovala_část_zelených.txt,konflikt,Ano
1.58._Buď_Čunek_nebo_my_navrhovala_část_zelených.txt,kontext,Ano
1.58._Buď_Čunek_nebo_my_navrhovala_část_zelených.txt,kriterium,vyhovující
1.58._Buď_Čunek_nebo_my_navrhovala_část_zelených.txt,lokalni_dopad,Ne
1.58._Buď_Čunek_nebo_my_navrhovala_část_zelených.txt,morbidnost,Ne
1.58._Buď_Čunek_nebo_my_navrhovala_část_zelených.txt,negativni_vyzneni,Ne
1.58._Buď_Čunek_nebo_my_navrhovala_část_zelených.txt,nekompetence,Ano
1.58._Buď_Čunek_nebo_my_navrhovala_část_zelených.txt,obtezujici_okolnosti,Ne
1.58._Buď_Čunek_nebo_my_navrhovala_část_zelených.txt,odborny_zdroj,Ne
1.58._Buď_Čunek_nebo_my_navrhovala_část_zelených.txt,odstavce,12
1.58._Buď_Čunek_nebo_my_navrhovala_část_zelených.txt,personalizace,Ne
1.58._Buď_Čunek_nebo_my_navrhovala_část_zelených.txt,podpora,Ne
1.58._Buď_Čunek_nebo_my_navrhovala_část_zelených.txt,politicka_zprava,Ano
1.58._Buď_Čunek_nebo_my_navrhovala_část_zelených.txt,pozadavky,Ne
1.58._Buď_Čunek_nebo_my_navrhovala_část_zelených.txt,problemy,Ne
1.58._Buď_Čunek_nebo_my_navrhovala_část_zelených.txt,protichudna_hlediska,Ano
1.58._Buď_Čunek_nebo_my_navrhovala_část_zelených.txt,pyramida,Ano
1.58._Buď_Čunek_nebo_my_navrhovala_část_zelených.txt,rady,Ne
1.58._Buď_Čunek_nebo_my_navrhovala_část_zelených.txt,reakce,Ne
1.58._Buď_Čunek_nebo_my_navrhovala_část_zelených.txt,senzacnost,Ne
1.58._Buď_Čunek_nebo_my_navrhovala_část_zelených.txt,skandal,Ne
1.58._Buď_Čunek_nebo_my_navrhovala_část_zelených.txt,soukromy_ramec,Ne
1.58._Buď_Čunek_nebo_my_navrhovala_část_zelených.txt,soukromy_zivot,Ne
1.58._Buď_Čunek_nebo_my_navrhovala_část_zelených.txt,strategicke,Ano
1.58._Buď_Čunek_nebo_my_navrhovala_část_zelených.txt,validace,Ne
1.58._Buď_Čunek_nebo_my_navrhovala_část_zelených.txt,vecne,Ne
1.58._Buď_Čunek_nebo_my_navrhovala_část_zelených.txt,vyvazenost,různé úhly pohledu
1.58._Buď_Čunek_nebo_my_navrhovala_část_zelených.txt,vzdelavani,Ne
1.59._Zákoník_práce_dopadl_i_na_hrady.txt,dopad,Ne
1.59._Zákoník_práce_dopadl_i_na_hrady.txt,dotazy,Ne
1.59._Zákoník_práce_dopadl_i_na_hrady.txt,emoce,Ne
1.59._Zákoník_práce_dopadl_i_na_hrady.txt,hard_news,Ne
1.59._Zákoník_práce_dopadl_i_na_hrady.txt,informace,Ne
1.59._Zákoník_práce_dopadl_i_na_hrady.txt,kontext,Ne
1.59._Zákoník_práce_dopadl_i_na_hrady.txt,kriterium,vyhovující
1.59._Zákoník_práce_dopadl_i_na_hrady.txt,lokalni_dopad,Ne
1.59._Zákoník_práce_dopadl_i_na_hrady.txt,morbidnost,Ne
1.59._Zákoník_práce_dopadl_i_na_hrady.txt,obtezujici_okolnosti,Ne
1.59._Zákoník_práce_dopadl_i_na_hrady.txt,odstavce,3
1.59._Zákoník_práce_dopadl_i_na_hrady.txt,personalizace,Ne
1.59._Zákoník_práce_dopadl_i_na_hrady.txt,podpora,Ne
1.59._Zákoník_práce_dopadl_i_na_hrady.txt,politicka_zprava,Ne
1.59._Zákoník_práce_dopadl_i_na_hrady.txt,pozadavky,Ne
1.59._Zákoník_práce_dopadl_i_na_hrady.txt,problemy,Ne
1.59._Zákoník_práce_dopadl_i_na_hrady.txt,rady,Ne
1.59._Zákoník_práce_dopadl_i_na_hrady.txt,reakce,Ne
1.59._Zákoník_práce_dopadl_i_na_hrady.txt,senzacnost,Ne
1.59._Zákoník_práce_dopadl_i_na_hrady.txt,soukromy_zivot,Ne
1.59._Zákoník_práce_dopadl_i_na_hrady.txt,validace,Ne
1.59._Zákoník_práce_dopadl_i_na_hrady.txt,vzdelavani,Ne
1.6._Květinko_hýčkal_Zeman_Volfovou.txt,citace_a_parafraze,Ano
1.6._Květinko_hýčkal_Zeman_Volfovou.txt,dopad,Ne
1.6._Květinko_hýčkal_Zeman_Volfovou.txt,dotazy,Ne
1.6._Květinko_hýčkal_Zeman_Volfovou.txt,fakta_a_nazory,Ano
1.6._Květinko_hýčkal_Zeman_Volfovou.txt,funkce,interpretace
1.6._Květinko_hýčkal_Zeman_Volfovou.txt,hard_news,Ano
1.6._Květinko_hýčkal_Zeman_Volfovou.txt,informace,Ne
1.6._Květinko_hýčkal_Zeman_Volfovou.txt,konflikt,Ne
1.6._Květinko_hýčkal_Zeman_Volfovou.txt,kontext,Ne
1.6._Květinko_hýčkal_Zeman_Volfovou.txt,kriterium,vyhovující
1.6._Květinko_hýčkal_Zeman_Volfovou.txt,lokalni_dopad,Ne
1.6._Květinko_hýčkal_Zeman_Volfovou.txt,morbidnost,Ne
1.6._Květinko_hýčkal_Zeman_Volfovou.txt,negativni_vyzneni,Ne
1.6._Květinko_hýčkal_Zeman_Volfovou.txt,nekompetence,Ne
1.6._Květinko_hýčkal_Zeman_Volfovou.txt,obtezujici_okolnosti,Ne
1.6._Květinko_hýčkal_Zeman_Volfovou.txt,odborny_zdroj,Ne
1.6._Květinko_hýčkal_Zeman_Volfovou.txt,odstavce,9
1.6._Květinko_hýčkal_Zeman_Volfovou.txt,personalizace,Ano
1.6._Květinko_hýčkal_Zeman_Volfovou.txt,podpora,Ne
1.6._Květinko_hýčkal_Zeman_Volfovou.txt,politicka_zprava,Ano
1.6._Květinko_hýčkal_Zeman_Volfovou.txt,pozadavky,Ne
1.6._Květinko_hýčkal_Zeman_Volfovou.txt,problemy,Ne
1.6._Květinko_hýčkal_Zeman_Volfovou.txt,protichudna_hlediska,Ne
1.6._Květinko_hýčkal_Zeman_Volfovou.txt,pyramida,Ne
1.6._Květinko_hýčkal_Zeman_Volfovou.txt,rady,Ne
1.6._Květinko_hýčkal_Zeman_Volfovou.txt,reakce,Ne
1.6._Květinko_hýčkal_Zeman_Volfovou.txt,senzacnost,Ano
1.6._Květinko_hýčkal_Zeman_Volfovou.txt,skandal,Ne
1.6._Květinko_hýčkal_Zeman_Volfovou.txt,soukromy_ramec,Ne
1.6._Květinko_hýčkal_Zeman_Volfovou.txt,soukromy_zivot,Ne
1.6._Květinko_hýčkal_Zeman_Volfovou.txt,strategicke,Ne
1.6._Květinko_hýčkal_Zeman_Volfovou.txt,validace,Ne
1.6._Květinko_hýčkal_Zeman_Volfovou.txt,vecne,Ne
1.6._Květinko_hýčkal_Zeman_Volfovou.txt,vyvazenost,různé úhly pohledu
1.6._Květinko_hýčkal_Zeman_Volfovou.txt,vzdelavani,Ne
1.60._Jak_StB_vydírala_Nohavicu.txt,dopad,Ne
1.60._Jak_StB_vydírala_Nohavicu.txt,dotazy,Ne
1.60._Jak_StB_vydírala_Nohavicu.txt,emoce,Ne
1.60._Jak_StB_vydírala_Nohavicu.txt,hard_news,Ne
1.60._Jak_StB_vydírala_Nohavicu.txt,informace,Ne
1.60._Jak_StB_vydírala_Nohavicu.txt,kontext,Ne
1.60._Jak_StB_vydírala_Nohavicu.txt,kriterium,vyhovující
1.60._Jak_StB_vydírala_Nohavicu.txt,lokalni_dopad,Ne
1.60._Jak_StB_vydírala_Nohavicu.txt,morbidnost,Ne
1.60._Jak_StB_vydírala_Nohavicu.txt,obtezujici_okolnosti,Ne
1.60._Jak_StB_vydírala_Nohavicu.txt,odstavce,12
1.60._Jak_StB_vydírala_Nohavicu.txt,personalizace,Ne
1.60._Jak_StB_vydírala_Nohavicu.txt,podpora,Ne
1.60._Jak_StB_vydírala_Nohavicu.txt,politicka_zprava,Ne
1.60._Jak_StB_vydírala_Nohavicu.txt,pozadavky,Ne
1.60._Jak_StB_vydírala_Nohavicu.txt,problemy,Ne
1.60._Jak_StB_vydírala_Nohavicu.txt,rady,Ne
1.60._Jak_StB_vydírala_Nohavicu.txt,reakce,Ne
1.60._Jak_StB_vydírala_Nohavicu.txt,senzacnost,Ano
1.60._Jak_StB_vydírala_Nohavicu.txt,soukromy_zivot,Ano
1.60._Jak_StB_vydírala_Nohavicu.txt,validace,Ne
1.60._Jak_StB_vydírala_Nohavicu.txt,vzdelavani,Ne
1.61._Hrady_musí_mít_dvojnásobek_průvodců.txt,dopad,Ne
1.61._Hrady_musí_mít_dvojnásobek_průvodců.txt,dotazy,Ne
1.61._Hrady_musí_mít_dvojnásobek_průvodců.txt,hard_news,Ne
1.61._Hrady_musí_mít_dvojnásobek_průvodců.txt,informace,Ne
1.61._Hrady_musí_mít_dvojnásobek_průvodců.txt,kontext,Ano
1.61._Hrady_musí_mít_dvojnásobek_průvodců.txt,kriterium,vyhovující
1.61._Hrady_musí_mít_dvojnásobek_průvodců.txt,lokalni_dopad,Ano
1.61._Hrady_musí_mít_dvojnásobek_průvodců.txt,morbidnost,Ne
1.61._Hrady_musí_mít_dvojnásobek_průvodců.txt,obtezujici_okolnosti,Ne
1.61._Hrady_musí_mít_dvojnásobek_průvodců.txt,odstavce,11
1.61._Hrady_musí_mít_dvojnásobek_průvodců.txt,personalizace,Ne
1.61._Hrady_musí_mít_dvojnásobek_průvodců.txt,podpora,Ne
1.61._Hrady_musí_mít_dvojnásobek_průvodců.txt,politicka_zprava,Ne
1.61._Hrady_musí_mít_dvojnásobek_průvodců.txt,pozadavky,Ne
1.61._Hrady_musí_mít_dvojnásobek_průvodců.txt,problemy,Ne
1.61._Hrady_musí_mít_dvojnásobek_průvodců.txt,rady,Ne
1.61._Hrady_musí_mít_dvojnásobek_průvodců.txt,reakce,Ne
1.61._Hrady_musí_mít_dvojnásobek_průvodců.txt,senzacnost,Ne
1.61._Hrady_musí_mít_dvojnásobek_průvodců.txt,soukromy_zivot,Ne
1.61._Hrady_musí_mít_dvojnásobek_průvodců.txt,validace,Ne
1.61._Hrady_musí_mít_dvojnásobek_průvodců.txt,vzdelavani,Ne
1.62._Policejní_šéf_by_měl_být_ve_funkci_jen_několik_let.txt,kriterium,nezpravodajský
1.63._Topolánek_zuří_pořád_říká_senátor.txt,kriterium,krátký
1.64._Křehká_květinka_má_stranu.txt,citace_a_parafraze,Ano
1.64._Křehká_květinka_má_stranu.txt,dopad,Ne
1.64._Křehká_květinka_má_stranu.txt,dotazy,Ne
1.64._Křehká_květinka_má_stranu.txt,emoce,Ne
1.64._Křehká_květinka_má_stranu.txt,fakta_a_nazory,Ne
1.64._Křehká_květinka_má_stranu.txt,funkce,názory
1.64._Křehká_květinka_má_stranu.txt,hard_news,Ano
1.64._Křehká_květinka_má_stranu.txt,informace,Ne
1.64._Křehká_květinka_má_stranu.txt,konflikt,Ne
1.64._Křehká_květinka_má_stranu.txt,kontext,Ano
1.64._Křehká_květinka_má_stranu.txt,kriterium,vyhovující
1.64._Křehká_květinka_má_stranu.txt,lokalni_dopad,Ne
1.64._Křehká_květinka_má_stranu.txt,morbidnost,Ne
1.64._Křehká_květinka_má_stranu.txt,negativni_vyzneni,Ne
1.64._Křehká_květinka_má_stranu.txt,nekompetence,Ne
1.64._Křehká_květinka_má_stranu.txt,obtezujici_okolnosti,Ne
1.64._Křehká_květinka_má_stranu.txt,odborny_zdroj,Ne
1.64._Křehká_květinka_má_stranu.txt,odstavce,10
1.64._Křehká_květinka_má_stranu.txt,personalizace,Ano
1.64._Křehká_květinka_má_stranu.txt,podpora,Ne
1.64._Křehká_květinka_má_stranu.txt,politicka_zprava,Ano
1.64._Křehká_květinka_má_stranu.txt,pozadavky,Ne
1.64._Křehká_květinka_má_stranu.txt,problemy,Ne
1.64._Křehká_květinka_má_stranu.txt,protichudna_hlediska,Ne
1.64._Křehká_květinka_má_stranu.txt,pyramida,Ne
1.64._Křehká_květinka_má_stranu.txt,rady,Ne
1.64._Křehká_květinka_má_stranu.txt,reakce,Ne
1.64._Křehká_květinka_má_stranu.txt,senzacnost,Ano
1.64._Křehká_květinka_má_stranu.txt,skandal,Ne
1.64._Křehká_květinka_má_stranu.txt,soukromy_ramec,Ne
1.64._Křehká_květinka_má_stranu.txt,soukromy_zivot,Ano
1.64._Křehká_květinka_má_stranu.txt,strategicke,Ano
1.64._Křehká_květinka_má_stranu.txt,validace,Ne
1.64._Křehká_květinka_má_stranu.txt,vecne,Ne
1.64._Křehká_květinka_má_stranu.txt,vyvazenost,různé úhly pohledu
1.64._Křehká_květinka_má_stranu.txt,vzdelavani,Ne
1.65._Důrazní_prosebníci.txt,kriterium,nezpravodajský
1.66._Po_zádech_důchodců.txt,kriterium,nezpravodajský
1.67._Vybrali_si_hezký_název_říká_jeho_autor_Zeman.txt,kriterium,nezpravodajský
1.68._Neonacisté_se_snaží_působit_skrytě.txt,kriterium,nezpravodajský
1.69._Hvězda_dříve_patřila_rejdařům.txt,dopad,Ne
1.69._Hvězda_dříve_patřila_rejdařům.txt,dotazy,Ne
1.69._Hvězda_dříve_patřila_rejdařům.txt,emoce,Ne
1.69._Hvězda_dříve_patřila_rejdařům.txt,hard_news,Ne
1.69._Hvězda_dříve_patřila_rejdařům.txt,informace,Ne
1.69._Hvězda_dříve_patřila_rejdařům.txt,kontext,Ne
1.69._Hvězda_dříve_patřila_rejdařům.txt,kriterium,vyhovující
1.69._Hvězda_dříve_patřila_rejdařům.txt,lokalni_dopad,Ne
1.69._Hvězda_dříve_patřila_rejdařům.txt,morbidnost,Ne
1.69._Hvězda_dříve_patřila_rejdařům.txt,obtezujici_okolnosti,Ne
1.69._Hvězda_dříve_patřila_rejdařům.txt,odstavce,3
1.69._Hvězda_dříve_patřila_rejdařům.txt,personalizace,Ne
1.69._Hvězda_dříve_patřila_rejdařům.txt,podpora,Ne
1.69._Hvězda_dříve_patřila_rejdařům.txt,politicka_zprava,Ne
1.69._Hvězda_dříve_patřila_rejdařům.txt,pozadavky,Ne
1.69._Hvězda_dříve_patřila_rejdařům.txt,problemy,Ne
1.69._Hvězda_dříve_patřila_rejdařům.txt,rady,Ne
1.69._Hvězda_dříve_patřila_rejdařům.txt,reakce,Ne
1.69._Hvězda_dříve_patřila_rejdařům.txt,senzacnost,Ne
1.69._Hvězda_dříve_patřila_rejdařům.txt,soukromy_zivot,Ne
1.69._Hvězda_dříve_patřila_rejdařům.txt,validace,Ne
1.69._Hvězda_dříve_patřila_rejdařům.txt,vzdelavani,Ne
1.7._Opilý_chlapec_ohrožoval_lidi_mačetou.txt,kriterium,krátký
1.70._Jak_na_radikály_S_kapesní_brožurou.txt,dopad,Ne
1.70._Jak_na_radikály_S_kapesní_brožurou.txt,dotazy,Ne
1.70._Jak_na_radikály_S_kapesní_brožurou.txt,emoce,Ne
1.70._Jak_na_radikály_S_kapesní_brožurou.txt,hard_news,Ne
1.70._Jak_na_radikály_S_kapesní_brožurou.txt,informace,Ano
1.70._Jak_na_radikály_S_kapesní_brožurou.txt,kontext,Ne
1.70._Jak_na_radikály_S_kapesní_brožurou.txt,kriterium,vyhovující
1.70._Jak_na_radikály_S_kapesní_brožurou.txt,lokalni_dopad,Ne
1.70._Jak_na_radikály_S_kapesní_brožurou.txt,morbidnost,Ne
1.70._Jak_na_radikály_S_kapesní_brožurou.txt,obtezujici_okolnosti,Ne
1.70._Jak_na_radikály_S_kapesní_brožurou.txt,odstavce,11
1.70._Jak_na_radikály_S_kapesní_brožurou.txt,personalizace,Ne
1.70._Jak_na_radikály_S_kapesní_brožurou.txt,podpora,Ne
1.70._Jak_na_radikály_S_kapesní_brožurou.txt,politicka_zprava,Ne
1.70._Jak_na_radikály_S_kapesní_brožurou.txt,pozadavky,Ne
1.70._Jak_na_radikály_S_kapesní_brožurou.txt,problemy,Ne
1.70._Jak_na_radikály_S_kapesní_brožurou.txt,rady,Ano
1.70._Jak_na_radikály_S_kapesní_brožurou.txt,reakce,Ne
1.70._Jak_na_radikály_S_kapesní_brožurou.txt,senzacnost,Ne
1.70._Jak_na_radikály_S_kapesní_brožurou.txt,soukromy_zivot,Ne
1.70._Jak_na_radikály_S_kapesní_brožurou.txt,validace,Ne
1.70._Jak_na_radikály_S_kapesní_brožurou.txt,vzdelavani,Ne
1.71._Zelení_chtějí_aby_Jiří_Čunek_odešel_z_vlády.txt,citace_a_parafraze,Ano
1.71._Zelení_chtějí_aby_Jiří_Čunek_odešel_z_vlády.txt,dopad,Ne
1.71._Zelení_chtějí_aby_Jiří_Čunek_odešel_z_vlády.txt,dotazy,Ne
1.71._Zelení_chtějí_aby_Jiří_Čunek_odešel_z_vlády.txt,emoce,Ne
1.71._Zelení_chtějí_aby_Jiří_Čunek_odešel_z_vlády.txt,fakta_a_nazory,Ano
1.71._Zelení_chtějí_aby_Jiří_Čunek_odešel_z_vlády.txt,funkce,interpretace
1.71._Zelení_chtějí_aby_Jiří_Čunek_odešel_z_vlády.txt,hard_news,Ano
1.71._Zelení_chtějí_aby_Jiří_Čunek_odešel_z_vlády.txt,informace,Ano
1.71._Zelení_chtějí_aby_Jiří_Čunek_odešel_z_vlády.txt,konflikt,Ne
1.71._Zelení_chtějí_aby_Jiří_Čunek_odešel_z_vlády.txt,kontext,Ano
1.71._Zelení_chtějí_aby_Jiří_Čunek_odešel_z_vlády.txt,kriterium,vyhovující
1.71._Zelení_chtějí_aby_Jiří_Čunek_odešel_z_vlády.txt,lokalni_dopad,Ne
1.71._Zelení_chtějí_aby_Jiří_Čunek_odešel_z_vlády.txt,morbidnost,Ne
1.71._Zelení_chtějí_aby_Jiří_Čunek_odešel_z_vlády.txt,negativni_vyzneni,Ne
1.71._Zelení_chtějí_aby_Jiří_Čunek_odešel_z_vlády.txt,nekompetence,Ne
1.71._Zelení_chtějí_aby_Jiří_Čunek_odešel_z_vlády.txt,obtezujici_okolnosti,Ne
1.71._Zelení_chtějí_aby_Jiří_Čunek_odešel_z_vlády.txt,odborny_zdroj,Ne
1.71._Zelení_chtějí_aby_Jiří_Čunek_odešel_z_vlády.txt,odstavce,7
1.71._Zelení_chtějí_aby_Jiří_Čunek_odešel_z_vlády.txt,personalizace,Ne
1.71._Zelení_chtějí_aby_Jiří_Čunek_odešel_z_vlády.txt,podpora,Ne
1.71._Zelení_chtějí_aby_Jiří_Čunek_odešel_z_vlády.txt,politicka_zprava,Ano
1.71._Zelení_chtějí_aby_Jiří_Čunek_odešel_z_vlády.txt,pozadavky,Ne
1.71._Zelení_chtějí_aby_Jiří_Čunek_odešel_z_vlády.txt,problemy,Ne
1.71._Zelení_chtějí_aby_Jiří_Čunek_odešel_z_vlády.txt,protichudna_hlediska,Ano
1.71._Zelení_chtějí_aby_Jiří_Čunek_odešel_z_vlády.txt,pyramida,Ano
1.71._Zelení_chtějí_aby_Jiří_Čunek_odešel_z_vlády.txt,rady,Ne
1.71._Zelení_chtějí_aby_Jiří_Čunek_odešel_z_vlády.txt,reakce,Ano
1.71._Zelení_chtějí_aby_Jiří_Čunek_odešel_z_vlády.txt,senzacnost,Ne
1.71._Zelení_chtějí_aby_Jiří_Čunek_odešel_z_vlády.txt,skandal,Ne
1.71._Zelení_chtějí_aby_Jiří_Čunek_odešel_z_vlády.txt,soukromy_ramec,Ne
1.71._Zelení_chtějí_aby_Jiří_Čunek_odešel_z_vlády.txt,soukromy_zivot,Ne
1.71._Zelení_chtějí_aby_Jiří_Čunek_odešel_z_vlády.txt,strategicke,Ano
1.71._Zelení_chtějí_aby_Jiří_Čunek_odešel_z_vlády.txt,validace,Ne
1.71._Zelení_chtějí_aby_Jiří_Čunek_odešel_z_vlády.txt,vecne,Ne
1.71._Zelení_chtějí_aby_Jiří_Čunek_odešel_z_vlády.txt,vyvazenost,různé úhly pohledu
1.71._Zelení_chtějí_aby_Jiří_Čunek_odešel_z_vlády.txt,vzdelavani,Ne
1.72._O_nájem_olomouckých_nemocnic_bude_boj.txt,dopad,Ne
1.72._O_nájem_olomouckých_nemocnic_bude_boj.txt,dotazy,Ne
1.72._O_nájem_olomouckých_nemocnic_bude_boj.txt,emoce,Ne
1.72._O_nájem_olomouckých_nemocnic_bude_boj.txt,hard_news,Ne
1.72._O_nájem_olomouckých_nemocnic_bude_boj.txt,informace,Ne
1.72._O_nájem_olomouckých_nemocnic_bude_boj.txt,kontext,Ne
1.72._O_nájem_olomouckých_nemocnic_bude_boj.txt,kriterium,vyhovující
1.72._O_nájem_olomouckých_nemocnic_bude_boj.txt,lokalni_dopad,Ne
1.72._O_nájem_olomouckých_nemocnic_bude_boj.txt,morbidnost,Ne
1.72._O_nájem_olomouckých_nemocnic_bude_boj.txt,obtezujici_okolnosti,Ne
1.72._O_nájem_olomouckých_nemocnic_bude_boj.txt,odstavce,11
1.72._O_nájem_olomouckých_nemocnic_bude_boj.txt,personalizace,Ne
1.72._O_nájem_olomouckých_nemocnic_bude_boj.txt,podpora,Ne
1.72._O_nájem_olomouckých_nemocnic_bude_boj.txt,politicka_zprava,Ne
1.72._O_nájem_olomouckých_nemocnic_bude_boj.txt,pozadavky,Ne
1.72._O_nájem_olomouckých_nemocnic_bude_boj.txt,problemy,Ne
1.72._O_nájem_olomouckých_nemocnic_bude_boj.txt,rady,Ne
1.72._O_nájem_olomouckých_nemocnic_bude_boj.txt,reakce,Ne
1.72._O_nájem_olomouckých_nemocnic_bude_boj.txt,senzacnost,Ne
1.72._O_nájem_olomouckých_nemocnic_bude_boj.txt,soukromy_zivot,Ne
1.72._O_nájem_olomouckých_nemocnic_bude_boj.txt,validace,Ne
1.72._O_nájem_olomouckých_nemocnic_bude_boj.txt,vzdelavani,Ne
1.73._Škodě_Auto_hrozí_stávky.txt,dopad,Ne
1.73._Škodě_Auto_hrozí_stávky.txt,dotazy,Ne
1.73._Škodě_Auto_hrozí_stávky.txt,emoce,Ne
1.73._Škodě_Auto_hrozí_stávky.txt,hard_news,Ne
1.73._Škodě_Auto_hrozí_stávky.txt,informace,Ano
1.73._Škodě_Auto_hrozí_stávky.txt,kontext,Ne
1.73._Škodě_Auto_hrozí_stávky.txt,kriterium,vyhovující
1.73._Škodě_Auto_hrozí_stávky.txt,lokalni_dopad,Ne
1.73._Škodě_Auto_hrozí_stávky.txt,morbidnost,Ne
1.73._Škodě_Auto_hrozí_stávky.txt,obtezujici_okolnosti,Ne
1.73._Škodě_Auto_hrozí_stávky.txt,odstavce,13
1.73._Škodě_Auto_hrozí_stávky.txt,personalizace,Ne
1.73._Škodě_Auto_hrozí_stávky.txt,podpora,Ne
1.73._Škodě_Auto_hrozí_stávky.txt,politicka_zprava,Ne
1.73._Škodě_Auto_hrozí_stávky.txt,pozadavky,Ano
1.73._Škodě_Auto_hrozí_stávky.txt,problemy,Ne
1.73._Škodě_Auto_hrozí_stávky.txt,rady,Ano
1.73._Škodě_Auto_hrozí_stávky.txt,reakce,Ano
1.73._Škodě_Auto_hrozí_stávky.txt,senzacnost,Ne
1.73._Škodě_Auto_hrozí_stávky.txt,soukromy_zivot,Ne
1.73._Škodě_Auto_hrozí_stávky.txt,validace,Ne
1.73._Škodě_Auto_hrozí_stávky.txt,vzdelavani,Ne
1.74._Národní_fotbalový_stadion_zatím_nebude.txt,kriterium,krátký
1.75._Lobkovický_palác_láká_na_hvězdnou_expozici.txt,kriterium,krátký
1.76._Vláda_důkladně_prověří_Budvar.txt,kriterium,krátký
1.77._Hruda_Bruselu_jsme_nemuseli_nic_vracet.txt,kriterium,nezpravodajský
1.78._Ministerstvo_zemědělství_změnilo_vedení_fondu.txt,kriterium,nezpravodajský
1.79._Volfová_neuspěla_známé_tváře_nepřišly.txt,citace_a_parafraze,Ano
1.79._Volfová_neuspěla_známé_tváře_nepřišly.txt,dopad,Ne
1.79._Volfová_neuspěla_známé_tváře_nepřišly.txt,dotazy,Ne
1.79._Volfová_neuspěla_známé_tváře_nepřišly.txt,emoce,Ne
1.79._Volfová_neuspěla_známé_tváře_nepřišly.txt,fakta_a_nazory,Ano
1.79._Volfová_neuspěla_známé_tváře_nepřišly.txt,funkce,interpretace
1.79._Volfová_neuspěla_známé_tváře_nepřišly.txt,hard_news,Ano
1.79._Volfová_neuspěla_známé_tváře_nepřišly.txt,informace,Ne
1.79._Volfová_neuspěla_známé_tváře_nepřišly.txt,konflikt,Ne
1.79._Volfová_neuspěla_známé_tváře_nepřišly.txt,kontext,Ano
1.79._Volfová_neuspěla_známé_tváře_nepřišly.txt,kriterium,vyhovující
1.79._Volfová_neuspěla_známé_tváře_nepřišly.txt,lokalni_dopad,Ne
1.79._Volfová_neuspěla_známé_tváře_nepřišly.txt,morbidnost,Ne
1.79._Volfová_neuspěla_známé_tváře_nepřišly.txt,negativni_vyzneni,Ne
1.79._Volfová_neuspěla_známé_tváře_nepřišly.txt,nekompetence,Ne
1.79._Volfová_neuspěla_známé_tváře_nepřišly.txt,obtezujici_okolnosti,Ne
1.79._Volfová_neuspěla_známé_tváře_nepřišly.txt,odborny_zdroj,Ne
1.79._Volfová_neuspěla_známé_tváře_nepřišly.txt,odstavce,7
1.79._Volfová_neuspěla_známé_tváře_nepřišly.txt,personalizace,Ne
1.79._Volfová_neuspěla_známé_tváře_nepřišly.txt,podpora,Ne
1.79._Volfová_neuspěla_známé_tváře_nepřišly.txt,politicka_zprava,Ano
1.79._Volfová_neuspěla_známé_tváře_nepřišly.txt,pozadavky,Ne
1.79._Volfová_neuspěla_známé_tváře_nepřišly.txt,problemy,Ne
1.79._Volfová_neuspěla_známé_tváře_nepřišly.txt,protichudna_hlediska,Ano
1.79._Volfová_neuspěla_známé_tváře_nepřišly.txt,pyramida,Ne
1.79._Volfová_neuspěla_známé_tváře_nepřišly.txt,rady,Ne
1.79._Volfová_neuspěla_známé_tváře_nepřišly.txt,reakce,Ne
1.79._Volfová_neuspěla_známé_tváře_nepřišly.txt,senzacnost,Ne
1.79._Volfová_neuspěla_známé_tváře_nepřišly.txt,skandal,Ne
1.79._Volfová_neuspěla_známé_tváře_nepřišly.txt,soukromy_ramec,Ne
1.79._Volfová_neuspěla_známé_tváře_nepřišly.txt,soukromy_zivot,Ne
1.79._Volfová_neuspěla_známé_tváře_nepřišly.txt,strategicke,Ano
1.79._Volfová_neuspěla_známé_tváře_nepřišly.txt,validace,Ne
1.79._Volfová_neuspěla_známé_tváře_nepřišly.txt,vecne,Ne
1.79._Volfová_neuspěla_známé_tváře_nepřišly.txt,vyvazenost,různé úhly pohledu
1.79._Volfová_neuspěla_známé_tváře_nepřišly.txt,vzdelavani,Ne
1.8._Langer_chce_šéfa_policie_na_pět_let.txt,kriterium,krátký
1.80._ČESKÝ_RUCH.txt,kriterium,nezpravodajský
1.81._Zahraniční_dluh_Česka_stoupl_na_122_bilionu_korun.txt,kriterium,nezpravodajský
1.82._Žaloba_kvůli_emisím_nejdříve_za_dva_týdny.txt,kriterium,nezpravodajský
1.83._Za_které_léky_se_neplatí_lze_zjistit_na_internetu.txt,dopad,Ano
1.83._Za_které_léky_se_neplatí_lze_zjistit_na_internetu.txt,dotazy,Ne
1.83._Za_které_léky_se_neplatí_lze_zjistit_na_internetu.txt,emoce,Ne
1.83._Za_které_léky_se_neplatí_lze_zjistit_na_internetu.txt,hard_news,Ne
1.83._Za_které_léky_se_neplatí_lze_zjistit_na_internetu.txt,informace,Ne
1.83._Za_které_léky_se_neplatí_lze_zjistit_na_internetu.txt,kontext,Ne
1.83._Za_které_léky_se_neplatí_lze_zjistit_na_internetu.txt,kriterium,vyhovující
1.83._Za_které_léky_se_neplatí_lze_zjistit_na_internetu.txt,lokalni_dopad,Ne
1.83._Za_které_léky_se_neplatí_lze_zjistit_na_internetu.txt,morbidnost,Ne
1.83._Za_které_léky_se_neplatí_lze_zjistit_na_internetu.txt,obtezujici_okolnosti,Ne
1.83._Za_které_léky_se_neplatí_lze_zjistit_na_internetu.txt,personalizace,Ne
1.83._Za_které_léky_se_neplatí_lze_zjistit_na_internetu.txt,podpora,Ne
1.83._Za_které_léky_se_neplatí_lze_zjistit_na_internetu.txt,politicka_zprava,Ne
1.83._Za_které_léky_se_neplatí_lze_zjistit_na_internetu.txt,pozadavky,Ne
1.83._Za_které_léky_se_neplatí_lze_zjistit_na_internetu.txt,problemy,Ne
1.83._Za_které_léky_se_neplatí_lze_zjistit_na_internetu.txt,rady,Ano
1.83._Za_které_léky_se_neplatí_lze_zjistit_na_internetu.txt,reakce,Ano
1.83._Za_které_léky_se_neplatí_lze_zjistit_na_internetu.txt,senzacnost,Ne
1.83._Za_které_léky_se_neplatí_lze_zjistit_na_internetu.txt,soukromy_zivot,Ne
1.83._Za_které_léky_se_neplatí_lze_zjistit_na_internetu.txt,validace,Ne
1.83._Za_které_léky_se_neplatí_lze_zjistit_na_internetu.txt,vzdelavani,Ne
1.84._V_cizině_chtějí_český_systém_prodeje_letenek.txt,dopad,Ne
1.84._V_cizině_chtějí_český_systém_prodeje_letenek.txt,dotazy,Ne
1.84._V_cizině_chtějí_český_systém_prodeje_letenek.txt,emoce,Ne
1.84._V_cizině_chtějí_český_systém_prodeje_letenek.txt,hard_news,Ne
1.84._V_cizině_chtějí_český_systém_prodeje_letenek.txt,informace,Ne
1.84._V_cizině_chtějí_český_systém_prodeje_letenek.txt,kontext,Ne
1.84._V_cizině_chtějí_český_systém_prodeje_letenek.txt,kriterium,vyhovující
1.84._V_cizině_chtějí_český_systém_prodeje_letenek.txt,lokalni_dopad,Ne
1.84._V_cizině_chtějí_český_systém_prodeje_letenek.txt,morbidnost,Ne
1.84._V_cizině_chtějí_český_systém_prodeje_letenek.txt,obtezujici_okolnosti,Ne
1.84._V_cizině_chtějí_český_systém_prodeje_letenek.txt,odstavce,9
1.84._V_cizině_chtějí_český_systém_prodeje_letenek.txt,personalizace,Ne
1.84._V_cizině_chtějí_český_systém_prodeje_letenek.txt,podpora,Ne
1.84._V_cizině_chtějí_český_systém_prodeje_letenek.txt,politicka_zprava,Ne
1.84._V_cizině_chtějí_český_systém_prodeje_letenek.txt,pozadavky,Ne
1.84._V_cizině_chtějí_český_systém_prodeje_letenek.txt,problemy,Ne
1.84._V_cizině_chtějí_český_systém_prodeje_letenek.txt,rady,Ano
1.84._V_cizině_chtějí_český_systém_prodeje_letenek.txt,reakce,Ne
1.84._V_cizině_chtějí_český_systém_prodeje_letenek.txt,soukromy_zivot,Ne
1.84._V_cizině_chtějí_český_systém_prodeje_letenek.txt,validace,Ne
1.84._V_cizině_chtějí_český_systém_prodeje_letenek.txt,vzdelavani,Ne
1.85._ODS_podpořila_další_volbu_Klause_reformy_a_radar.txt,kriterium,krátký
1.86._Vyšetřování_prověrek_v_NBÚ_policie_odložila.txt,kriterium,krátký
1.87._POLITIKON_Jindřicha_Šídla.txt,kriterium,nezpravodajský
1.88._Strany_stále_víc_závisejí_na_státní_pokladně.txt,citace_a_parafraze,Ano
1.88._Strany_stále_víc_závisejí_na_státní_pokladně.txt,dopad,Ne
1.88._Strany_stále_víc_závisejí_na_státní_pokladně.txt,dotazy,Ne
1.88._Strany_stále_víc_závisejí_na_státní_pokladně.txt,emoce,Ne
1.88._Strany_stále_víc_závisejí_na_státní_pokladně.txt,fakta_a_nazory,Ano
1.88._Strany_stále_víc_závisejí_na_státní_pokladně.txt,funkce,kontextuální informace
1.88._Strany_stále_víc_závisejí_na_státní_pokladně.txt,hard_news,Ne
1.88._Strany_stále_víc_závisejí_na_státní_pokladně.txt,informace,Ano
1.88._Strany_stále_víc_závisejí_na_státní_pokladně.txt,konflikt,Ne
1.88._Strany_stále_víc_závisejí_na_státní_pokladně.txt,kontext,Ano
1.88._Strany_stále_víc_závisejí_na_státní_pokladně.txt,kriterium,vyhovující
1.88._Strany_stále_víc_závisejí_na_státní_pokladně.txt,lokalni_dopad,Ne
1.88._Strany_stále_víc_závisejí_na_státní_pokladně.txt,morbidnost,Ne
1.88._Strany_stále_víc_závisejí_na_státní_pokladně.txt,negativni_vyzneni,Ne
1.88._Strany_stále_víc_závisejí_na_státní_pokladně.txt,nekompetence,Ne
1.88._Strany_stále_víc_závisejí_na_státní_pokladně.txt,obtezujici_okolnosti,Ne
1.88._Strany_stále_víc_závisejí_na_státní_pokladně.txt,odborny_zdroj,Ne
1.88._Strany_stále_víc_závisejí_na_státní_pokladně.txt,odstavce,7
1.88._Strany_stále_víc_závisejí_na_státní_pokladně.txt,personalizace,Ne
1.88._Strany_stále_víc_závisejí_na_státní_pokladně.txt,podpora,Ne
1.88._Strany_stále_víc_závisejí_na_státní_pokladně.txt,politicka_zprava,Ano
1.88._Strany_stále_víc_závisejí_na_státní_pokladně.txt,pozadavky,Ne
1.88._Strany_stále_víc_závisejí_na_státní_pokladně.txt,problemy,Ne
1.88._Strany_stále_víc_závisejí_na_státní_pokladně.txt,protichudna_hlediska,Ne
1.88._Strany_stále_víc_závisejí_na_státní_pokladně.txt,pyramida,Ano
1.88._Strany_stále_víc_závisejí_na_státní_pokladně.txt,rady,Ne
1.88._Strany_stále_víc_závisejí_na_státní_pokladně.txt,reakce,Ne
1.88._Strany_stále_víc_závisejí_na_státní_pokladně.txt,senzacnost,Ne
1.88._Strany_stále_víc_závisejí_na_státní_pokladně.txt,skandal,Ne
1.88._Strany_stále_víc_závisejí_na_státní_pokladně.txt,soukromy_ramec,Ne
1.88._Strany_stále_víc_závisejí_na_státní_pokladně.txt,soukromy_zivot,Ne
1.88._Strany_stále_víc_závisejí_na_státní_pokladně.txt,strategicke,Ne
1.88._Strany_stále_víc_závisejí_na_státní_pokladně.txt,validace,Ne
1.88._Strany_stále_víc_závisejí_na_státní_pokladně.txt,vecne,Ne
1.88._Strany_stále_víc_závisejí_na_státní_pokladně.txt,vyvazenost,jednostrannost
1.88._Strany_stále_víc_závisejí_na_státní_pokladně.txt,vzdelavani,Ne
1.89._Padělky_měly_zničit_Británii_vězňům_zachránily_život.txt,kriterium,nezpravodajský
1.9._Dospělí_se_pořádně_zapotili.txt,dopad,Ne
1.9._Dospělí_se_pořádně_zapotili.txt,dotazy,Ne
1.9._Dospělí_se_pořádně_zapotili.txt,emoce,Ne
1.9._Dospělí_se_pořádně_zapotili.txt,hard_news,Ne
1.9._Dospělí_se_pořádně_zapotili.txt,informace,Ne
1.9._Dospělí_se_pořádně_zapotili.txt,kontext,Ne
1.9._Dospělí_se_pořádně_zapotili.txt,kriterium,vyhovující
1.9._Dospělí_se_pořádně_zapotili.txt,lokalni_dopad,Ne
1.9._Dospělí_se_pořádně_zapotili.txt,morbidnost,Ne
1.9._Dospělí_se_pořádně_zapotili.txt,obtezujici_okolnosti,Ne
1.9._Dospělí_se_pořádně_zapotili.txt,odstavce,12
1.9._Dospělí_se_pořádně_zapotili.txt,personalizace,Ano
1.9._Dospělí_se_pořádně_zapotili.txt,podpora,Ne
1.9._Dospělí_se_pořádně_zapotili.txt,politicka_zprava,Ne
1.9._Dospělí_se_pořádně_zapotili.txt,pozadavky,Ne
1.9._Dospělí_se_pořádně_zapotili.txt,problemy,Ne
1.9._Dospělí_se_pořádně_zapotili.txt,rady,Ne
1.9._Dospělí_se_pořádně_zapotili.txt,reakce,Ne
1.9._Dospělí_se_pořádně_zapotili.txt,senzacnost,Ano
1.9._Dospělí_se_pořádně_zapotili.txt,soukromy_zivot,Ne
1.9._Dospělí_se_pořádně_zapotili.txt,validace,Ne
1.9._Dospělí_se_pořádně_zapotili.txt,vzdelavani,Ne
1.90._Národní_fotbalový_stadion_Verdikt_se_odkládá.txt,dopad,Ne
1.90._Národní_fotbalový_stadion_Verdikt_se_odkládá.txt,dotazy,Ne
1.90._Národní_fotbalový_stadion_Verdikt_se_odkládá.txt,emoce,Ne
1.90._Národní_fotbalový_stadion_Verdikt_se_odkládá.txt,hard_news,Ne
1.90._Národní_fotbalový_stadion_Verdikt_se_odkládá.txt,informace,Ne
1.90._Národní_fotbalový_stadion_Verdikt_se_odkládá.txt,kontext,Ne
1.90._Národní_fotbalový_stadion_Verdikt_se_odkládá.txt,kriterium,vyhovující
1.90._Národní_fotbalový_stadion_Verdikt_se_odkládá.txt,lokalni_dopad,Ne
1.90._Národní_fotbalový_stadion_Verdikt_se_odkládá.txt,morbidnost,Ne
1.90._Národní_fotbalový_stadion_Verdikt_se_odkládá.txt,obtezujici_okolnosti,Ne
1.90._Národní_fotbalový_stadion_Verdikt_se_odkládá.txt,odstavce,12
1.90._Národní_fotbalový_stadion_Verdikt_se_odkládá.txt,personalizace,Ne
1.90._Národní_fotbalový_stadion_Verdikt_se_odkládá.txt,podpora,Ne
1.90._Národní_fotbalový_stadion_Verdikt_se_odkládá.txt,politicka_zprava,Ne
1.90._Národní_fotbalový_stadion_Verdikt_se_odkládá.txt,pozadavky,Ne
1.90._Národní_fotbalový_stadion_Verdikt_se_odkládá.txt,problemy,Ne
1.90._Národní_fotbalový_stadion_Verdikt_se_odkládá.txt,rady,Ne
1.90._Národní_fotbalový_stadion_Verdikt_se_odkládá.txt,reakce,Ne
1.90._Národní_fotbalový_stadion_Verdikt_se_odkládá.txt,senzacnost,Ne
1.90._Národní_fotbalový_stadion_Verdikt_se_odkládá.txt,soukromy_zivot,Ne
1.90._Národní_fotbalový_stadion_Verdikt_se_odkládá.txt,validace,Ne
1.90._Národní_fotbalový_stadion_Verdikt_se_odkládá.txt,vzdelavani,Ne
1.91._Agrobanka_čelí_konkurzu_stát_má_problém.txt,dopad,Ne
1.91._Agrobanka_čelí_konkurzu_stát_má_problém.txt,dotazy,Ne
1.91._Agrobanka_čelí_konkurzu_stát_má_problém.txt,emoce,Ne
1.91._Agrobanka_čelí_konkurzu_stát_má_problém.txt,hard_news,Ne
1.91._Agrobanka_čelí_konkurzu_stát_má_problém.txt,informace,Ne
1.91._Agrobanka_čelí_konkurzu_stát_má_problém.txt,kriterium,vyhovující
1.91._Agrobanka_čelí_konkurzu_stát_má_problém.txt,morbidnost,Ne
1.91._Agrobanka_čelí_konkurzu_stát_má_problém.txt,obtezujici_okolnosti,Ne
1.91._Agrobanka_čelí_konkurzu_stát_má_problém.txt,odstavce,16
1.91._Agrobanka_čelí_konkurzu_stát_má_problém.txt,personalizace,Ne
1.91._Agrobanka_čelí_konkurzu_stát_má_problém.txt,podpora,Ne
1.91._Agrobanka_čelí_konkurzu_stát_má_problém.txt,politicka_zprava,Ne
1.91._Agrobanka_čelí_konkurzu_stát_má_problém.txt,pozadavky,Ne
1.91._Agrobanka_čelí_konkurzu_stát_má_problém.txt,problemy,Ne
1.91._Agrobanka_čelí_konkurzu_stát_má_problém.txt,rady,Ne
1.91._Agrobanka_čelí_konkurzu_stát_má_problém.txt,reakce,Ne
1.91._Agrobanka_čelí_konkurzu_stát_má_problém.txt,senzacnost,Ne
1.91._Agrobanka_čelí_konkurzu_stát_má_problém.txt,soukromy_zivot,Ne
1.91._Agrobanka_čelí_konkurzu_stát_má_problém.txt,validace,Ne
1.91._Agrobanka_čelí_konkurzu_stát_má_problém.txt,vzdelavani,Ne
1.92._Lidé_nevěří_nabídkám_levné_letecké_přepravy.txt,kriterium,nezpravodajský
1.93._Sociolog_Čunek_vyvolává_rasové_démony.txt,citace_a_parafraze,Ano
1.93._Sociolog_Čunek_vyvolává_rasové_démony.txt,dopad,Ne
1.93._Sociolog_Čunek_vyvolává_rasové_démony.txt,dotazy,Ne
1.93._Sociolog_Čunek_vyvolává_rasové_démony.txt,emoce,Ne
1.93._Sociolog_Čunek_vyvolává_rasové_démony.txt,fakta_a_nazory,Ano
1.93._Sociolog_Čunek_vyvolává_rasové_démony.txt,funkce,interpretace
1.93._Sociolog_Čunek_vyvolává_rasové_démony.txt,hard_news,Ano
1.93._Sociolog_Čunek_vyvolává_rasové_démony.txt,informace,Ne
1.93._Sociolog_Čunek_vyvolává_rasové_démony.txt,konflikt,Ne
1.93._Sociolog_Čunek_vyvolává_rasové_démony.txt,kontext,Ano
1.93._Sociolog_Čunek_vyvolává_rasové_démony.txt,kriterium,vyhovující
1.93._Sociolog_Čunek_vyvolává_rasové_démony.txt,lokalni_dopad,Ne
1.93._Sociolog_Čunek_vyvolává_rasové_démony.txt,morbidnost,Ne
1.93._Sociolog_Čunek_vyvolává_rasové_démony.txt,negativni_vyzneni,Ano
1.93._Sociolog_Čunek_vyvolává_rasové_démony.txt,nekompetence,Ano
1.93._Sociolog_Čunek_vyvolává_rasové_démony.txt,obtezujici_okolnosti,Ne
1.93._Sociolog_Čunek_vyvolává_rasové_démony.txt,odborny_zdroj,Ano
1.93._Sociolog_Čunek_vyvolává_rasové_démony.txt,odstavce,9
1.93._Sociolog_Čunek_vyvolává_rasové_démony.txt,personalizace,Ne
1.93._Sociolog_Čunek_vyvolává_rasové_démony.txt,podpora,Ne
1.93._Sociolog_Čunek_vyvolává_rasové_démony.txt,politicka_zprava,Ano
1.93._Sociolog_Čunek_vyvolává_rasové_démony.txt,pozadavky,Ne
1.93._Sociolog_Čunek_vyvolává_rasové_démony.txt,problemy,Ne
1.93._Sociolog_Čunek_vyvolává_rasové_démony.txt,protichudna_hlediska,Ano
1.93._Sociolog_Čunek_vyvolává_rasové_démony.txt,pyramida,Ano
1.93._Sociolog_Čunek_vyvolává_rasové_démony.txt,rady,Ne
1.93._Sociolog_Čunek_vyvolává_rasové_démony.txt,reakce,Ano
1.93._Sociolog_Čunek_vyvolává_rasové_démony.txt,senzacnost,Ne
1.93._Sociolog_Čunek_vyvolává_rasové_démony.txt,skandal,Ne
1.93._Sociolog_Čunek_vyvolává_rasové_démony.txt,soukromy_ramec,Ne
1.93._Sociolog_Čunek_vyvolává_rasové_démony.txt,soukromy_zivot,Ne
1.93._Sociolog_Čunek_vyvolává_rasové_démony.txt,strategicke,Ne
1.93._Sociolog_Čunek_vyvolává_rasové_démony.txt,validace,Ne
1.93._Sociolog_Čunek_vyvolává_rasové_démony.txt,vecne,Ne
1.93._Sociolog_Čunek_vyvolává_rasové_démony.txt,vyvazenost,různé úhly pohledu
1.93._Sociolog_Čunek_vyvolává_rasové_démony.txt,vzdelavani,Ne
1.94._Češi_mění_hory_za_pobyt_u_moře.txt,dopad,Ne
1.94._Češi_mění_hory_za_pobyt_u_moře.txt,dotazy,Ne
1.94._Češi_mění_hory_za_pobyt_u_moře.txt,emoce,Ne
1.94._Češi_mění_hory_za_pobyt_u_moře.txt,hard_news,Ne
1.94._Češi_mění_hory_za_pobyt_u_moře.txt,informace,Ne
1.94._Češi_mění_hory_za_pobyt_u_moře.txt,kontext,Ne
1.94._Češi_mění_hory_za_pobyt_u_moře.txt,kriterium,vyhovující
1.94._Češi_mění_hory_za_pobyt_u_moře.txt,lokalni_dopad,Ne
1.94._Češi_mění_hory_za_pobyt_u_moře.txt,morbidnost,Ne
1.94._Češi_mění_hory_za_pobyt_u_moře.txt,obtezujici_okolnosti,Ne
1.94._Češi_mění_hory_za_pobyt_u_moře.txt,odstavce,12
1.94._Češi_mění_hory_za_pobyt_u_moře.txt,personalizace,Ne
1.94._Češi_mění_hory_za_pobyt_u_moře.txt,podpora,Ne
1.94._Češi_mění_hory_za_pobyt_u_moře.txt,politicka_zprava,Ne
1.94._Češi_mění_hory_za_pobyt_u_moře.txt,pozadavky,Ne
1.94._Češi_mění_hory_za_pobyt_u_moře.txt,problemy,Ne
1.94._Češi_mění_hory_za_pobyt_u_moře.txt,rady,Ano
1.94._Češi_mění_hory_za_pobyt_u_moře.txt,reakce,Ne
1.94._Češi_mění_hory_za_pobyt_u_moře.txt,senzacnost,Ne
1.94._Češi_mění_hory_za_pobyt_u_moře.txt,soukromy_zivot,Ne
1.94._Češi_mění_hory_za_pobyt_u_moře.txt,validace,Ne
1.94._Češi_mění_hory_za_pobyt_u_moře.txt,vzdelavani,Ne
1.95._Za_tři_měsíce_vyneslo_mýtné_132_miliardy.txt,kriterium,krátký
1.96._Hrad_a_církev_budou_spravovat_sv._Víta_spolu.txt,kriterium,krátký
1.97._Omluva.txt,kriterium,krátký
1.98._Čunek_Lhůta_pro_výpověď_z_bytu_déle_než_dva_roky.txt,kriterium,krátký
1.99._Česká_spořitelna_prodlužuje_provoz_na_pobočkách.txt,dopad,Ne
1.99._Česká_spořitelna_prodlužuje_provoz_na_pobočkách.txt,dotazy,Ne
1.99._Česká_spořitelna_prodlužuje_provoz_na_pobočkách.txt,emoce,Ne
1.99._Česká_spořitelna_prodlužuje_provoz_na_pobočkách.txt,hard_news,Ne
1.99._Česká_spořitelna_prodlužuje_provoz_na_pobočkách.txt,informace,Ne
1.99._Česká_spořitelna_prodlužuje_provoz_na_pobočkách.txt,kontext,Ne
1.99._Česká_spořitelna_prodlužuje_provoz_na_pobočkách.txt,kriterium,vyhovující
1.99._Česká_spořitelna_prodlužuje_provoz_na_pobočkách.txt,lokalni_dopad,Ne
1.99._Česká_spořitelna_prodlužuje_provoz_na_pobočkách.txt,morbidnost,Ne
1.99._Česká_spořitelna_prodlužuje_provoz_na_pobočkách.txt,obtezujici_okolnosti,Ne
1.99._Česká_spořitelna_prodlužuje_provoz_na_pobočkách.txt,odstavce,5
1.99._Česká_spořitelna_prodlužuje_provoz_na_pobočkách.txt,personalizace,Ne
1.99._Česká_spořitelna_prodlužuje_provoz_na_pobočkách.txt,podpora,Ne
1.99._Česká_spořitelna_prodlužuje_provoz_na_pobočkách.txt,politicka_zprava,Ne
1.99._Česká_spořitelna_prodlužuje_provoz_na_pobočkách.txt,pozadavky,Ne
1.99._Česká_spořitelna_prodlužuje_provoz_na_pobočkách.txt,problemy,Ne
1.99._Česká_spořitelna_prodlužuje_provoz_na_pobočkách.txt,rady,Ano
1.99._Česká_spořitelna_prodlužuje_provoz_na_pobočkách.txt,reakce,Ne
1.99._Česká_spořitelna_prodlužuje_provoz_na_pobočkách.txt,senzacnost,Ne
1.99._Česká_spořitelna_prodlužuje_provoz_na_pobočkách.txt,soukromy_zivot,Ne
1.99._Česká_spořitelna_prodlužuje_provoz_na_pobočkách.txt,validace,Ne
1.99._Česká_spořitelna_prodlužuje_provoz_na_pobočkách.txt,vzdelavani,Ne
