vyhovující,vyhovující,vyhovující
vyhovující,vyhovující,vyhovující
vyhovující,vyhovující,vyhovující
krátký,krátký,krátký
krátký,krátký,krátký
krátký,krátký,krátký
nezpravodajský,nezpravodajský,nezpravodajský
vyhovující,vyhovující,vyhovující
vyhovující,vyhovující,vyhovující
nezpravodajský,vyhovující,vyhovující
krátký,krátký,vyhovující
krátký,krátký,vyhovující
nezpravodajský,nezpravodajský,nezpravodajský
vyhovující,vyhovující,vyhovující
vyhovující,vyhovující,vyhovující
vyhovující,vyhovující,vyhovující
nezpravodajský,nezpravodajský,nezpravodajský
nezpravodajský,vyhovující,vyhovující
vyhovující,vyhovující,vyhovující
vyhovující,vyhovující,vyhovující
vyhovující,vyhovující,vyhovující
nezpravodajský,vyhovující,vyhovující
vyhovující,vyhovující,vyhovující
vyhovující,vyhovující,vyhovující
vyhovující,vyhovující,vyhovující
vyhovující,vyhovující,vyhovující
vyhovující,vyhovující,vyhovující
nezpravodajský,vyhovující,vyhovující
krátký,krátký,krátký
vyhovující,vyhovující,vyhovující
vyhovující,vyhovující,vyhovující
vyhovující,vyhovující,vyhovující
vyhovující,vyhovující,vyhovující
krátký,nezpravodajský,krátký
vyhovující,vyhovující,vyhovující
vyhovující,vyhovující,vyhovující
nezpravodajský,vyhovující,vyhovující
krátký,krátký,krátký
vyhovující,vyhovující,vyhovující
vyhovující,vyhovující,vyhovující
nezpravodajský,vyhovující,vyhovující
vyhovující,vyhovující,vyhovující
nezpravodajský,vyhovující,vyhovující
vyhovující,vyhovující,vyhovující
vyhovující,vyhovující,vyhovující
vyhovující,vyhovující,vyhovující
vyhovující,vyhovující,vyhovující
krátký,krátký,krátký
vyhovující,vyhovující,vyhovující
nezpravodajský,vyhovující,vyhovující
nezpravodajský,vyhovující,vyhovující
vyhovující,vyhovující,vyhovující
nezpravodajský,krátký,krátký
vyhovující,vyhovující,vyhovující
vyhovující,vyhovující,vyhovující
vyhovující,vyhovující,vyhovující
vyhovující,vyhovující,vyhovující
vyhovující,vyhovující,vyhovující
vyhovující,vyhovující,vyhovující
vyhovující,vyhovující,vyhovující
nezpravodajský,vyhovující,vyhovující
krátký,krátký,krátký
vyhovující,vyhovující,vyhovující
nezpravodajský,nezpravodajský,nezpravodajský
nezpravodajský,nezpravodajský,nezpravodajský
nezpravodajský,nezpravodajský,nezpravodajský
nezpravodajský,nezpravodajský,nezpravodajský
vyhovující,vyhovující,vyhovující
krátký,krátký,krátký
vyhovující,vyhovující,vyhovující
vyhovující,vyhovující,vyhovující
vyhovující,vyhovující,vyhovující
vyhovující,vyhovující,vyhovující
krátký,krátký,krátký
krátký,krátký,krátký
krátký,krátký,krátký
nezpravodajský,nezpravodajský,nezpravodajský
nezpravodajský,vyhovující,vyhovující
vyhovující,vyhovující,vyhovující
krátký,krátký,krátký
nezpravodajský,nezpravodajský,nezpravodajský
nezpravodajský,vyhovující,vyhovující
nezpravodajský,krátký,krátký
vyhovující,vyhovující,vyhovující
vyhovující,vyhovující,vyhovující
krátký,krátký,krátký
krátký,krátký,krátký
nezpravodajský,nezpravodajský,nezpravodajský
vyhovující,vyhovující,vyhovující
nezpravodajský,nezpravodajský,nezpravodajský
vyhovující,vyhovující,vyhovující
vyhovující,vyhovující,vyhovující
vyhovující,vyhovující,vyhovující
nezpravodajský,vyhovující,vyhovující
vyhovující,vyhovující,vyhovující
vyhovující,vyhovující,vyhovující
krátký,krátký,krátký
krátký,krátký,krátký
krátký,krátký,krátký
krátký,krátký,krátký
vyhovující,vyhovující,vyhovující
