různé úhly pohledu,různé úhly pohledu,různé úhly pohledu
různé úhly pohledu,různé úhly pohledu,
různé úhly pohledu,různé úhly pohledu,různé úhly pohledu
různé úhly pohledu,různé úhly pohledu,různé úhly pohledu
různé úhly pohledu,různé úhly pohledu,různé úhly pohledu
různé úhly pohledu,různé úhly pohledu,různé úhly pohledu
různé úhly pohledu,různé úhly pohledu,různé úhly pohledu
různé úhly pohledu,různé úhly pohledu,různé úhly pohledu
absence zdrojů a úhlů pohledu,,
různé úhly pohledu,různé úhly pohledu,
různé úhly pohledu,,
různé úhly pohledu,,
jednostrannost,jednostrannost,
různé úhly pohledu,různé úhly pohledu,různé úhly pohledu
různé úhly pohledu,různé úhly pohledu,
různé úhly pohledu,různé úhly pohledu,
různé úhly pohledu,různé úhly pohledu,různé úhly pohledu
jednostrannost,jednostrannost,
různé úhly pohledu,různé úhly pohledu,různé úhly pohledu
různé úhly pohledu,různé úhly pohledu,
různé úhly pohledu,,
různé úhly pohledu,různé úhly pohledu,různé úhly pohledu
jednostrannost,jednostrannost,
jednostrannost,,
různé úhly pohledu,různé úhly pohledu,různé úhly pohledu
různé úhly pohledu,,
jednostrannost,,
různé úhly pohledu,různé úhly pohledu,různé úhly pohledu
jednostrannost,,
různé úhly pohledu,,
jednostrannost,jednostrannost,jednostrannost
různé úhly pohledu,,
různé úhly pohledu,různé úhly pohledu,různé úhly pohledu
