2023-10-07T00-00-00_2023WN280011.txt,Zpravodajské hodnoty (multiple),Negativita negativity,Elitní osoby prominence
2023-10-07T00-00-00_2023WN280011.txt,Témata článku,Teroristické operace,Dopad na izraelské civilisty,Historie/kontextualizace
2023-10-07T00-00-00_2023WN280011.txt,Hlavní téma článku,Teroristické operace
2023-10-07T00-00-00_2023WN280011.txt,Mediální rámce (multiple),Rámec konfliktu,Lokální rámec
2023-10-07T00-00-00_2023WN280011.txt,Mluvčí,Média a novináři
2023-10-07T00-00-00_2023WN280056.txt,Zpravodajské hodnoty (multiple),Negativita negativity,Blízkost proximity,Elitní osoby prominence,Personalizace personalization,Dopad impact
2023-10-07T00-00-00_2023WN280056.txt,Témata článku,Historie/kontextualizace
2023-10-07T00-00-00_2023WN280056.txt,Hlavní téma článku,Historie/kontextualizace
2023-10-07T00-00-00_2023WN280056.txt,Mediální rámce (multiple),Rámec konfliktu
2023-10-07T00-00-00_2023WN280056.txt,Mluvčí,Politici ze ostatních světových zemí,Nezávislí experti a analytici
2023-10-09T09-11-00_2023WN282037.txt,Zpravodajské hodnoty (multiple),Negativita negativity,Personalizace personalization,Dopad impact
2023-10-09T09-11-00_2023WN282037.txt,Témata článku,Teroristické operace,Dopad na izraelské civilisty
2023-10-09T09-11-00_2023WN282037.txt,Hlavní téma článku,Teroristické operace
2023-10-09T09-11-00_2023WN282037.txt,Mediální rámce (multiple),Rámec konfliktu,Lokální rámec
2023-10-09T09-11-00_2023WN282037.txt,Mluvčí,Média a novináři,Očití svědci a civilisté z Izraele
2023-10-09T12-53-00_2023WN282086.txt,Zpravodajské hodnoty (multiple),Elitní osoby prominence
2023-10-09T12-53-00_2023WN282086.txt,Témata článku,Ekonomické důsledky
2023-10-09T12-53-00_2023WN282086.txt,Hlavní téma článku,Ekonomické důsledky
2023-10-09T12-53-00_2023WN282086.txt,Mediální rámce (multiple),Geopolitický rámec,Lokální rámec
2023-10-09T12-53-00_2023WN282086.txt,Mluvčí,Představitelé mezinárodních a neziskových organizací,Nezávislí experti a analytici,Média a novináři
2023-10-09T14-50-00_2023WN282113.txt,Zpravodajské hodnoty (multiple),Elitní osoby prominence
2023-10-09T14-50-00_2023WN282113.txt,Témata článku,Mezinárodní politické reakce,Vojenské operace Izraele,Teroristické operace,Globální reakce veřejnosti
2023-10-09T14-50-00_2023WN282113.txt,Hlavní téma článku,Mezinárodní politické reakce
2023-10-09T14-50-00_2023WN282113.txt,Mediální rámce (multiple),Rámec konfliktu,Geopolitický rámec
2023-10-09T14-50-00_2023WN282113.txt,Mluvčí,Politici ze ostatních světových zemí,Média a novináři
2023-10-09T16-46-00_2023WN282130.txt,Zpravodajské hodnoty (multiple),Negativita negativity,Dopad impact
2023-10-09T16-46-00_2023WN282130.txt,Témata článku,Globální reakce veřejnosti
2023-10-09T16-46-00_2023WN282130.txt,Hlavní téma článku,Globální reakce veřejnosti
2023-10-09T16-46-00_2023WN282130.txt,Mediální rámce (multiple),Geopolitický rámec
2023-10-09T16-46-00_2023WN282130.txt,Mluvčí,Politici ze ostatních světových zemí,Média a novináři
2023-10-10T18-48-00_2023WN283308.txt,Zpravodajské hodnoty (multiple),Elitní osoby prominence
2023-10-10T18-48-00_2023WN283308.txt,Témata článku,Vnitřní politické dění,Vojenské operace Izraele
2023-10-10T18-48-00_2023WN283308.txt,Hlavní téma článku,Vojenské operace Izraele
2023-10-10T18-48-00_2023WN283308.txt,Mediální rámce (multiple),Rámec konfliktu,Lokální rámec
2023-10-10T18-48-00_2023WN283308.txt,Mluvčí,Političtí představitelé Izraele,Vojenští představitelé Izraele,Média a novináři
2023-10-10T18-51-00_2023WN283162.txt,Zpravodajské hodnoty (multiple),Negativita negativity,Dopad impact
2023-10-10T18-51-00_2023WN283162.txt,Témata článku,Mezinárodní politické reakce,Dílčí konflikty a střety,Globální reakce veřejnosti
2023-10-10T18-51-00_2023WN283162.txt,Hlavní téma článku,Globální reakce veřejnosti
2023-10-10T18-51-00_2023WN283162.txt,Mediální rámce (multiple),Rámec konfliktu,Geopolitický rámec
2023-10-10T18-51-00_2023WN283162.txt,Mluvčí,Politici ze ostatních světových zemí,Představitelé mezinárodních a neziskových organizací
2023-10-10T21-42-00_2023WN283183.txt,Zpravodajské hodnoty (multiple),Negativita negativity,Personalizace personalization,Dopad impact
2023-10-10T21-42-00_2023WN283183.txt,Témata článku,Teroristické operace,Dílčí konflikty a střety,Dopad na izraelské civilisty
2023-10-10T21-42-00_2023WN283183.txt,Hlavní téma článku,Teroristické operace
2023-10-10T21-42-00_2023WN283183.txt,Mediální rámce (multiple),Rámec konfliktu,Humanitární rámec,Lokální rámec
2023-10-10T21-42-00_2023WN283183.txt,Mluvčí,Členové teroristických skupin,Očití svědci a civilisté z Izraele
2023-10-11T09-07-00_2023WN284024.txt,Zpravodajské hodnoty (multiple),Negativita negativity,Blízkost proximity,Elitní osoby prominence
2023-10-11T09-07-00_2023WN284024.txt,Témata článku,Ekonomické důsledky
2023-10-11T09-07-00_2023WN284024.txt,Hlavní téma článku,Ekonomické důsledky
2023-10-11T09-07-00_2023WN284024.txt,Mediální rámce (multiple),Geopolitický rámec
2023-10-11T09-07-00_2023WN284024.txt,Mluvčí,Nezávislí experti a analytici
2023-10-12T12-23-00_2023WN285197.txt,Zpravodajské hodnoty (multiple),Negativita negativity,Elitní osoby prominence,Dopad impact
2023-10-12T12-23-00_2023WN285197.txt,Témata článku,Vnitřní politické dění,Mezinárodní politické reakce,Dopad na izraelské civilisty
2023-10-12T12-23-00_2023WN285197.txt,Hlavní téma článku,Vnitřní politické dění
2023-10-12T12-23-00_2023WN285197.txt,Mediální rámce (multiple),Rámec konfliktu,Humanitární rámec,Geopolitický rámec,Lokální rámec
2023-10-12T12-23-00_2023WN285197.txt,Mluvčí,Političtí představitelé Izraele,Političtí představitelé Palestiny,Politici ze ostatních světových zemí,Média a novináři
2023-10-12T13-54-00_2023WN285106.txt,Zpravodajské hodnoty (multiple),Negativita negativity,Elitní osoby prominence,Dopad impact
2023-10-12T13-54-00_2023WN285106.txt,Témata článku,Vnitřní politické dění
2023-10-12T13-54-00_2023WN285106.txt,Hlavní téma článku,Vnitřní politické dění
2023-10-12T13-54-00_2023WN285106.txt,Mediální rámce (multiple),Rámec konfliktu,Lokální rámec
2023-10-12T13-54-00_2023WN285106.txt,Mluvčí,Političtí představitelé Izraele,Média a novináři,Očití svědci a civilisté z Izraele
2023-10-12T16-14-00_2023WN285137.txt,Zpravodajské hodnoty (multiple),Negativita negativity,Blízkost proximity,Elitní osoby prominence,Dopad impact
2023-10-12T16-14-00_2023WN285137.txt,Témata článku,Mezinárodní politické reakce,Vojenské operace Izraele,Teroristické operace,Dopad na izraelské civilisty,Dopad na palestinské civilisty,Ekonomické důsledky,Historie/kontextualizace
2023-10-12T16-14-00_2023WN285137.txt,Hlavní téma článku,Teroristické operace
2023-10-12T16-14-00_2023WN285137.txt,Mediální rámce (multiple),Rámec konfliktu,Humanitární rámec,Geopolitický rámec,Lokální rámec
2023-10-12T16-14-00_2023WN285137.txt,Mluvčí,Politici ze ostatních světových zemí
2023-10-13T06-36-00_2023WN286013.txt,Zpravodajské hodnoty (multiple),Negativita negativity,Elitní osoby prominence,Dopad impact
2023-10-13T06-36-00_2023WN286013.txt,Témata článku,Mezinárodní politické reakce,Dopad na palestinské civilisty,Humanitární pomoc
2023-10-13T06-36-00_2023WN286013.txt,Hlavní téma článku,Humanitární pomoc
2023-10-13T06-36-00_2023WN286013.txt,Mediální rámce (multiple),Humanitární rámec,Geopolitický rámec
2023-10-13T06-36-00_2023WN286013.txt,Mluvčí,Politici ze ostatních světových zemí,Média a novináři
2023-10-15T14-52-00_2023WN288050.txt,Zpravodajské hodnoty (multiple),Blízkost proximity,Elitní osoby prominence
2023-10-15T14-52-00_2023WN288050.txt,Témata článku,Mezinárodní politické reakce,Ekonomické důsledky
2023-10-15T14-52-00_2023WN288050.txt,Hlavní téma článku,Ekonomické důsledky
2023-10-15T14-52-00_2023WN288050.txt,Mediální rámce (multiple),Geopolitický rámec
2023-10-15T14-52-00_2023WN288050.txt,Mluvčí,Politici ze ostatních světových zemí,Nezávislí experti a analytici
2023-10-15T20-07-00_2023WN288080.txt,Zpravodajské hodnoty (multiple),Negativita negativity,Elitní osoby prominence,Dopad impact
2023-10-15T20-07-00_2023WN288080.txt,Témata článku,Vnitřní politické dění,Mezinárodní politické reakce,Dopad na palestinské civilisty,Humanitární pomoc
2023-10-15T20-07-00_2023WN288080.txt,Hlavní téma článku,Humanitární pomoc
2023-10-15T20-07-00_2023WN288080.txt,Mediální rámce (multiple),Rámec konfliktu,Humanitární rámec,Geopolitický rámec
2023-10-15T20-07-00_2023WN288080.txt,Mluvčí,Političtí představitelé Izraele,Politici ze ostatních světových zemí,Představitelé mezinárodních a neziskových organizací,Média a novináři,Očití svědci a civilisté z Palestiny
2023-10-16T10-36-00_2023WN289052.txt,Zpravodajské hodnoty (multiple),Negativita negativity,Elitní osoby prominence,Dopad impact
2023-10-16T10-36-00_2023WN289052.txt,Témata článku,Mezinárodní politické reakce,Vojenské operace Izraele,Dopad na palestinské civilisty,Humanitární pomoc
2023-10-16T10-36-00_2023WN289052.txt,Hlavní téma článku,Vojenské operace Izraele
2023-10-16T10-36-00_2023WN289052.txt,Mediální rámce (multiple),Rámec konfliktu,Humanitární rámec,Geopolitický rámec
2023-10-16T10-36-00_2023WN289052.txt,Mluvčí,Politici ze ostatních světových zemí,Představitelé mezinárodních a neziskových organizací,Vojenští představitelé Izraele,Média a novináři
2023-10-16T15-13-00_2023WN289115.txt,Zpravodajské hodnoty (multiple),Negativita negativity,Blízkost proximity,Dopad impact
2023-10-16T15-13-00_2023WN289115.txt,Témata článku,Teroristické operace,Dopad na izraelské civilisty,Globální reakce veřejnosti,Historie/kontextualizace
2023-10-16T15-13-00_2023WN289115.txt,Hlavní téma článku,Historie/kontextualizace
2023-10-16T15-13-00_2023WN289115.txt,Mediální rámce (multiple),Rámec konfliktu,Historicko-kulturní rámec,Geopolitický rámec
2023-10-16T15-13-00_2023WN289115.txt,Mluvčí,Členové teroristických skupin
2023-10-18T13-55-00_2023WN291081.txt,Zpravodajské hodnoty (multiple),Negativita negativity,Blízkost proximity,Personalizace personalization,Dopad impact
2023-10-18T13-55-00_2023WN291081.txt,Témata článku,Teroristické operace,Dopad na izraelské civilisty,Humanitární pomoc
2023-10-18T13-55-00_2023WN291081.txt,Hlavní téma článku,Dopad na izraelské civilisty
2023-10-18T13-55-00_2023WN291081.txt,Mediální rámce (multiple),Rámec konfliktu,Humanitární rámec,Lokální rámec
2023-10-18T13-55-00_2023WN291081.txt,Mluvčí,Očití svědci a civilisté z Izraele
2023-10-18T18-43-00_2023WN291136.txt,Zpravodajské hodnoty (multiple),Negativita negativity,Elitní osoby prominence,Dopad impact
2023-10-18T18-43-00_2023WN291136.txt,Témata článku,Vnitřní politické dění,Mezinárodní politické reakce,Vojenské operace Izraele,Teroristické operace,Dílčí konflikty a střety,Dopad na palestinské civilisty,Globální reakce veřejnosti
2023-10-18T18-43-00_2023WN291136.txt,Hlavní téma článku,Dílčí konflikty a střety
2023-10-18T18-43-00_2023WN291136.txt,Mediální rámce (multiple),Rámec konfliktu,Geopolitický rámec
2023-10-18T18-43-00_2023WN291136.txt,Mluvčí,Političtí představitelé Palestiny,Politici z blízkovýchodních zemí,Představitelé mezinárodních a neziskových organizací,Vojenští představitelé Izraele,Členové teroristických skupin,Média a novináři
2023-10-19T10-57-00_2023WN292057.txt,Zpravodajské hodnoty (multiple),Negativita negativity,Dopad impact
2023-10-19T10-57-00_2023WN292057.txt,Témata článku,Dílčí konflikty a střety,Dopad na palestinské civilisty,Globální reakce veřejnosti
2023-10-19T10-57-00_2023WN292057.txt,Hlavní téma článku,Globální reakce veřejnosti
2023-10-19T10-57-00_2023WN292057.txt,Mediální rámce (multiple),Rámec konfliktu,Geopolitický rámec
2023-10-19T10-57-00_2023WN292057.txt,Mluvčí,Média a novináři
2023-10-19T15-13-00_2023WN292147.txt,Zpravodajské hodnoty (multiple),Blízkost proximity,Elitní osoby prominence,Dopad impact
2023-10-19T15-13-00_2023WN292147.txt,Témata článku,Mezinárodní politické reakce,Globální reakce veřejnosti
2023-10-19T15-13-00_2023WN292147.txt,Hlavní téma článku,Globální reakce veřejnosti
2023-10-19T15-13-00_2023WN292147.txt,Mediální rámce (multiple),Rámec konfliktu,Geopolitický rámec
2023-10-19T15-13-00_2023WN292147.txt,Mluvčí,Politici ze ostatních světových zemí,Média a novináři
2023-10-22T07-25-00_2023WN295017.txt,Zpravodajské hodnoty (multiple),Negativita negativity,Blízkost proximity,Elitní osoby prominence,Dopad impact
2023-10-22T07-25-00_2023WN295017.txt,Témata článku,Mezinárodní politické reakce,Dílčí konflikty a střety,Globální reakce veřejnosti
2023-10-22T07-25-00_2023WN295017.txt,Hlavní téma článku,Globální reakce veřejnosti
2023-10-22T07-25-00_2023WN295017.txt,Mediální rámce (multiple),Rámec konfliktu,Geopolitický rámec
2023-10-22T07-25-00_2023WN295017.txt,Mluvčí,Politici ze ostatních světových zemí,Média a novináři
2023-10-22T07-25-00_2023WN295038.txt,Zpravodajské hodnoty (multiple),Negativita negativity
2023-10-22T07-25-00_2023WN295038.txt,Témata článku,Vojenské operace Izraele,Dílčí konflikty a střety
2023-10-22T07-25-00_2023WN295038.txt,Hlavní téma článku,Dílčí konflikty a střety
2023-10-22T07-25-00_2023WN295038.txt,Mediální rámce (multiple),Rámec konfliktu,Lokální rámec
2023-10-22T07-25-00_2023WN295038.txt,Mluvčí,Vojenští představitelé Izraele,Média a novináři
2023-10-23T09-18-00_2023WN296031.txt,Zpravodajské hodnoty (multiple),Negativita negativity,Elitní osoby prominence,Personalizace personalization,Dopad impact
2023-10-23T09-18-00_2023WN296031.txt,Témata článku,Mezinárodní politické reakce,Vojenské operace Izraele,Humanitární pomoc,Historie/kontextualizace
2023-10-23T09-18-00_2023WN296031.txt,Hlavní téma článku,Mezinárodní politické reakce
2023-10-23T09-18-00_2023WN296031.txt,Mediální rámce (multiple),Rámec konfliktu,Humanitární rámec,Geopolitický rámec
2023-10-23T09-18-00_2023WN296031.txt,Mluvčí,Političtí představitelé Izraele,Politici ze ostatních světových zemí,Média a novináři
2023-10-23T12-37-00_2023WN296192.txt,Zpravodajské hodnoty (multiple),Negativita negativity,Personalizace personalization,Dopad impact
2023-10-23T12-37-00_2023WN296192.txt,Témata článku,Teroristické operace,Dílčí konflikty a střety,Dopad na izraelské civilisty,Globální reakce veřejnosti
2023-10-23T12-37-00_2023WN296192.txt,Hlavní téma článku,Teroristické operace
2023-10-23T12-37-00_2023WN296192.txt,Mediální rámce (multiple),Rámec konfliktu,Humanitární rámec,Lokální rámec
2023-10-23T12-37-00_2023WN296192.txt,Mluvčí,Členové teroristických skupin,Média a novináři
2023-10-24T08-41-00_2023WN297021.txt,Zpravodajské hodnoty (multiple),Negativita negativity,Elitní osoby prominence,Dopad impact
2023-10-24T08-41-00_2023WN297021.txt,Témata článku,Vnitřní politické dění,Mezinárodní politické reakce,Humanitární pomoc
2023-10-24T08-41-00_2023WN297021.txt,Hlavní téma článku,Mezinárodní politické reakce
2023-10-24T08-41-00_2023WN297021.txt,Mediální rámce (multiple),Rámec konfliktu,Humanitární rámec,Geopolitický rámec
2023-10-24T08-41-00_2023WN297021.txt,Mluvčí,Politici ze ostatních světových zemí,Média a novináři
2023-10-24T12-12-00_2023WN297062.txt,Zpravodajské hodnoty (multiple),Negativita negativity,Elitní osoby prominence,Dopad impact
2023-10-24T12-12-00_2023WN297062.txt,Témata článku,Teroristické operace,Dopad na izraelské civilisty
2023-10-24T12-12-00_2023WN297062.txt,Hlavní téma článku,Teroristické operace
2023-10-24T12-12-00_2023WN297062.txt,Mediální rámce (multiple),Rámec konfliktu,Lokální rámec
2023-10-24T12-12-00_2023WN297062.txt,Mluvčí,Političtí představitelé Izraele,Členové teroristických skupin
2023-10-26T00-00-00_2023WN299091.txt,Zpravodajské hodnoty (multiple),Blízkost proximity,Elitní osoby prominence
2023-10-26T00-00-00_2023WN299091.txt,Témata článku,Ekonomické důsledky
2023-10-26T00-00-00_2023WN299091.txt,Hlavní téma článku,Ekonomické důsledky
2023-10-26T00-00-00_2023WN299091.txt,Mediální rámce (multiple),Geopolitický rámec
2023-10-26T00-00-00_2023WN299091.txt,Mluvčí,Nezávislí experti a analytici
2023-10-26T00-00-00_2023WN299176.txt,Zpravodajské hodnoty (multiple),Negativita negativity,Dopad impact
2023-10-26T00-00-00_2023WN299176.txt,Témata článku,Vojenské operace Izraele,Dopad na izraelské civilisty
2023-10-26T00-00-00_2023WN299176.txt,Hlavní téma článku,Dopad na izraelské civilisty
2023-10-26T00-00-00_2023WN299176.txt,Mediální rámce (multiple),Rámec konfliktu,Humanitární rámec,Lokální rámec
2023-10-26T00-00-00_2023WN299176.txt,Mluvčí,Média a novináři
2023-10-26T00-00-00_2023WN299198.txt,Zpravodajské hodnoty (multiple),Negativita negativity,Elitní osoby prominence,Dopad impact
2023-10-26T00-00-00_2023WN299198.txt,Témata článku,Vnitřní politické dění,Vojenské operace Izraele,Teroristické operace
2023-10-26T00-00-00_2023WN299198.txt,Hlavní téma článku,Teroristické operace
2023-10-26T00-00-00_2023WN299198.txt,Mediální rámce (multiple),Rámec konfliktu,Lokální rámec
2023-10-26T00-00-00_2023WN299198.txt,Mluvčí,Političtí představitelé Izraele,Vojenští představitelé Izraele,Média a novináři
2023-10-27T00-00-00_2023WN300050.txt,Zpravodajské hodnoty (multiple),Negativita negativity,Elitní osoby prominence,Personalizace personalization,Dopad impact
2023-10-27T00-00-00_2023WN300050.txt,Témata článku,Teroristické operace,Dílčí konflikty a střety,Dopad na izraelské civilisty
2023-10-27T00-00-00_2023WN300050.txt,Hlavní téma článku,Teroristické operace
2023-10-27T00-00-00_2023WN300050.txt,Mediální rámce (multiple),Rámec konfliktu,Humanitární rámec,Lokální rámec
2023-10-27T00-00-00_2023WN300050.txt,Mluvčí,Političtí představitelé Palestiny,Média a novináři
2023-10-30T00-00-00_2023WN303025.txt,Zpravodajské hodnoty (multiple),Negativita negativity,Elitní osoby prominence,Dopad impact
2023-10-30T00-00-00_2023WN303025.txt,Témata článku,Vojenské operace Izraele,Dílčí konflikty a střety
2023-10-30T00-00-00_2023WN303025.txt,Hlavní téma článku,Vojenské operace Izraele
2023-10-30T00-00-00_2023WN303025.txt,Mediální rámce (multiple),Rámec konfliktu,Lokální rámec
2023-10-30T00-00-00_2023WN303025.txt,Mluvčí,Vojenští představitelé Izraele,Média a novináři
2023-10-30T00-00-00_2023WN303134.txt,Zpravodajské hodnoty (multiple),Negativita negativity,Elitní osoby prominence,Personalizace personalization,Dopad impact
2023-10-30T00-00-00_2023WN303134.txt,Témata článku,Teroristické operace,Dopad na izraelské civilisty
2023-10-30T00-00-00_2023WN303134.txt,Hlavní téma článku,Dopad na izraelské civilisty
2023-10-30T00-00-00_2023WN303134.txt,Mediální rámce (multiple),Rámec konfliktu,Humanitární rámec,Lokální rámec
2023-10-30T00-00-00_2023WN303134.txt,Mluvčí,Vojenští představitelé Izraele,Média a novináři,Očití svědci a civilisté z Izraele
2023-10-30T11-19-00_2023WN303199.txt,Zpravodajské hodnoty (multiple),Negativita negativity,Elitní osoby prominence,Dopad impact
2023-10-30T11-19-00_2023WN303199.txt,Témata článku,Vnitřní politické dění,Historie/kontextualizace
2023-10-30T11-19-00_2023WN303199.txt,Hlavní téma článku,Vnitřní politické dění
2023-10-30T11-19-00_2023WN303199.txt,Mediální rámce (multiple),Historicko-kulturní rámec,Lokální rámec
2023-10-30T11-19-00_2023WN303199.txt,Mluvčí,Nezávislí experti a analytici,Média a novináři,Očití svědci a civilisté z Izraele
2023-10-31T08-47-00_2023WN304015.txt,Zpravodajské hodnoty (multiple),Negativita negativity,Blízkost proximity,Dopad impact
2023-10-31T08-47-00_2023WN304015.txt,Témata článku,Mezinárodní politické reakce,Globální reakce veřejnosti,Historie/kontextualizace
2023-10-31T08-47-00_2023WN304015.txt,Hlavní téma článku,Globální reakce veřejnosti
2023-10-31T08-47-00_2023WN304015.txt,Mediální rámce (multiple),Rámec konfliktu,Historicko-kulturní rámec,Geopolitický rámec
2023-10-31T08-47-00_2023WN304015.txt,Mluvčí,Média a novináři
2023-11-01T16-09-00_2023WN305157.txt,Zpravodajské hodnoty (multiple),Negativita negativity,Blízkost proximity,Elitní osoby prominence,Dopad impact
2023-11-01T16-09-00_2023WN305157.txt,Témata článku,Mezinárodní politické reakce,Humanitární pomoc
2023-11-01T16-09-00_2023WN305157.txt,Hlavní téma článku,Mezinárodní politické reakce
2023-11-01T16-09-00_2023WN305157.txt,Mediální rámce (multiple),Rámec budování míru,Historicko-kulturní rámec,Geopolitický rámec
2023-11-01T16-09-00_2023WN305157.txt,Mluvčí,Politici ze ostatních světových zemí,Představitelé mezinárodních a neziskových organizací
2023-11-01T20-08-00_2023WN305204.txt,Zpravodajské hodnoty (multiple),Negativita negativity,Blízkost proximity,Elitní osoby prominence,Dopad impact
2023-11-01T20-08-00_2023WN305204.txt,Témata článku,Mezinárodní politické reakce,Globální reakce veřejnosti,Historie/kontextualizace
2023-11-01T20-08-00_2023WN305204.txt,Hlavní téma článku,Globální reakce veřejnosti
2023-11-01T20-08-00_2023WN305204.txt,Mediální rámce (multiple),Rámec konfliktu,Humanitární rámec,Historicko-kulturní rámec,Geopolitický rámec
2023-11-01T20-08-00_2023WN305204.txt,Mluvčí,Politici ze ostatních světových zemí
2023-11-02T08-14-00_2023WN306018.txt,Zpravodajské hodnoty (multiple),Negativita negativity,Elitní osoby prominence,Dopad impact
2023-11-02T08-14-00_2023WN306018.txt,Témata článku,Vnitřní politické dění,Vojenské operace Izraele,Dílčí konflikty a střety,Dopad na palestinské civilisty,Humanitární pomoc
2023-11-02T08-14-00_2023WN306018.txt,Hlavní téma článku,Dopad na palestinské civilisty
2023-11-02T08-14-00_2023WN306018.txt,Mediální rámce (multiple),Rámec konfliktu,Humanitární rámec,Lokální rámec
2023-11-02T08-14-00_2023WN306018.txt,Mluvčí,Političtí představitelé Palestiny,Vojenští představitelé Izraele,Média a novináři
2023-11-02T11-09-00_2023WN306067.txt,Zpravodajské hodnoty (multiple),Negativita negativity,Blízkost proximity,Elitní osoby prominence,Dopad impact
2023-11-02T11-09-00_2023WN306067.txt,Témata článku,Mezinárodní politické reakce,Vojenské operace Izraele,Globální reakce veřejnosti,Historie/kontextualizace
2023-11-02T11-09-00_2023WN306067.txt,Hlavní téma článku,Globální reakce veřejnosti
2023-11-02T11-09-00_2023WN306067.txt,Mediální rámce (multiple),Rámec konfliktu,Geopolitický rámec
2023-11-02T11-09-00_2023WN306067.txt,Mluvčí,Politici ze ostatních světových zemí
2023-11-04T16-30-00_2023WN308069.txt,Zpravodajské hodnoty (multiple),Negativita negativity,Elitní osoby prominence,Dopad impact
2023-11-04T16-30-00_2023WN308069.txt,Témata článku,Mezinárodní politické reakce
2023-11-04T16-30-00_2023WN308069.txt,Hlavní téma článku,Mezinárodní politické reakce
2023-11-04T16-30-00_2023WN308069.txt,Mediální rámce (multiple),Rámec budování míru,Geopolitický rámec
2023-11-04T16-30-00_2023WN308069.txt,Mluvčí,Politici z blízkovýchodních zemí,Politici ze ostatních světových zemí,Členové teroristických skupin,Média a novináři
2023-11-05T08-41-00_2023WN309011.txt,Zpravodajské hodnoty (multiple),Dopad impact
2023-11-05T08-41-00_2023WN309011.txt,Témata článku,Vnitřní politické dění,Vojenské operace Izraele,Teroristické operace,Historie/kontextualizace
2023-11-05T08-41-00_2023WN309011.txt,Hlavní téma článku,Historie/kontextualizace
2023-11-05T08-41-00_2023WN309011.txt,Mediální rámce (multiple),Rámec konfliktu,Historicko-kulturní rámec,Lokální rámec
2023-11-05T08-41-00_2023WN309011.txt,Mluvčí,
2023-11-05T08-41-00_2023WN309016.txt,Zpravodajské hodnoty (multiple),Blízkost proximity
2023-11-05T08-41-00_2023WN309016.txt,Témata článku,Historie/kontextualizace
2023-11-05T08-41-00_2023WN309016.txt,Hlavní téma článku,Historie/kontextualizace
2023-11-05T08-41-00_2023WN309016.txt,Mediální rámce (multiple),Historicko-kulturní rámec
2023-11-05T08-41-00_2023WN309016.txt,Mluvčí,
2023-11-05T10-57-00_2023WN309100.txt,Zpravodajské hodnoty (multiple),Negativita negativity,Elitní osoby prominence,Dopad impact
2023-11-05T10-57-00_2023WN309100.txt,Témata článku,Vnitřní politické dění,Mezinárodní politické reakce,Dopad na palestinské civilisty
2023-11-05T10-57-00_2023WN309100.txt,Hlavní téma článku,Mezinárodní politické reakce
2023-11-05T10-57-00_2023WN309100.txt,Mediální rámce (multiple),Rámec budování míru,Humanitární rámec,Geopolitický rámec
2023-11-05T10-57-00_2023WN309100.txt,Mluvčí,Političtí představitelé Palestiny,Politici ze ostatních světových zemí,Média a novináři
2023-11-08T08-45-00_2023WN312032.txt,Zpravodajské hodnoty (multiple),Negativita negativity,Blízkost proximity,Elitní osoby prominence,Personalizace personalization,Dopad impact
2023-11-08T08-45-00_2023WN312032.txt,Témata článku,Mezinárodní politické reakce,Humanitární pomoc,Ekonomické důsledky
2023-11-08T08-45-00_2023WN312032.txt,Hlavní téma článku,Mezinárodní politické reakce
2023-11-08T08-45-00_2023WN312032.txt,Mediální rámce (multiple),Rámec konfliktu,Humanitární rámec,Geopolitický rámec
2023-11-08T08-45-00_2023WN312032.txt,Mluvčí,Politici ze ostatních světových zemí,Média a novináři
2023-11-08T11-17-00_2023WN312083.txt,Zpravodajské hodnoty (multiple),Dopad impact
2023-11-08T11-17-00_2023WN312083.txt,Témata článku,Vojenské operace Izraele,Historie/kontextualizace
2023-11-08T11-17-00_2023WN312083.txt,Hlavní téma článku,Historie/kontextualizace
2023-11-08T11-17-00_2023WN312083.txt,Mediální rámce (multiple),Historicko-kulturní rámec,Lokální rámec
2023-11-08T11-17-00_2023WN312083.txt,Mluvčí,Představitelé mezinárodních a neziskových organizací,Nezávislí experti a analytici,Média a novináři
2023-11-08T17-35-00_2023WN312200.txt,Zpravodajské hodnoty (multiple),Elitní osoby prominence,Dopad impact
2023-11-08T17-35-00_2023WN312200.txt,Témata článku,Mezinárodní politické reakce,Ekonomické důsledky,Historie/kontextualizace
2023-11-08T17-35-00_2023WN312200.txt,Hlavní téma článku,Mezinárodní politické reakce
2023-11-08T17-35-00_2023WN312200.txt,Mediální rámce (multiple),Rámec budování míru,Historicko-kulturní rámec,Geopolitický rámec
2023-11-08T17-35-00_2023WN312200.txt,Mluvčí,Politici z blízkovýchodních zemí,Nezávislí experti a analytici,Média a novináři
2023-11-09T09-11-00_2023WN313029.txt,Zpravodajské hodnoty (multiple),Blízkost proximity,Elitní osoby prominence
2023-11-09T09-11-00_2023WN313029.txt,Témata článku,Historie/kontextualizace
2023-11-09T09-11-00_2023WN313029.txt,Hlavní téma článku,Historie/kontextualizace
2023-11-09T09-11-00_2023WN313029.txt,Mediální rámce (multiple),Rámec budování míru,Historicko-kulturní rámec
2023-11-09T09-11-00_2023WN313029.txt,Mluvčí,Nezávislí experti a analytici
2023-11-12T06-03-00_2023WN316008.txt,Zpravodajské hodnoty (multiple),Negativita negativity,Blízkost proximity,Personalizace personalization,Dopad impact
2023-11-12T06-03-00_2023WN316008.txt,Témata článku,Teroristické operace,Dopad na izraelské civilisty,Globální reakce veřejnosti,Historie/kontextualizace
2023-11-12T06-03-00_2023WN316008.txt,Hlavní téma článku,Teroristické operace
2023-11-12T06-03-00_2023WN316008.txt,Mediální rámce (multiple),Rámec konfliktu,Humanitární rámec,Historicko-kulturní rámec,Lokální rámec
2023-11-12T06-03-00_2023WN316008.txt,Mluvčí,
2023-11-12T10-35-00_2023WN316132.txt,Zpravodajské hodnoty (multiple),Negativita negativity,Elitní osoby prominence,Dopad impact
2023-11-12T10-35-00_2023WN316132.txt,Témata článku,Dílčí konflikty a střety,Globální reakce veřejnosti
2023-11-12T10-35-00_2023WN316132.txt,Hlavní téma článku,Dílčí konflikty a střety
2023-11-12T10-35-00_2023WN316132.txt,Mediální rámce (multiple),Rámec konfliktu,Geopolitický rámec
2023-11-12T10-35-00_2023WN316132.txt,Mluvčí,Politici ze ostatních světových zemí,Představitelé mezinárodních a neziskových organizací,Média a novináři
2023-11-13T08-16-00_2023WN317030.txt,Zpravodajské hodnoty (multiple),Negativita negativity,Elitní osoby prominence,Dopad impact
2023-11-13T08-16-00_2023WN317030.txt,Témata článku,Vojenské operace Izraele,Dopad na palestinské civilisty,Humanitární pomoc
2023-11-13T08-16-00_2023WN317030.txt,Hlavní téma článku,Dopad na palestinské civilisty
2023-11-13T08-16-00_2023WN317030.txt,Mediální rámce (multiple),Rámec konfliktu,Humanitární rámec,Lokální rámec
2023-11-13T08-16-00_2023WN317030.txt,Mluvčí,Političtí představitelé Izraele,Političtí představitelé Palestiny,Představitelé mezinárodních a neziskových organizací,Vojenští představitelé Izraele,Média a novináři,Očití svědci a civilisté z Palestiny
2023-11-13T11-01-00_2023WN317254.txt,Zpravodajské hodnoty (multiple),Negativita negativity,Elitní osoby prominence,Dopad impact
2023-11-13T11-01-00_2023WN317254.txt,Témata článku,Mezinárodní politické reakce,Vojenské operace Izraele,Dopad na palestinské civilisty,Humanitární pomoc
2023-11-13T11-01-00_2023WN317254.txt,Hlavní téma článku,Dopad na palestinské civilisty
2023-11-13T11-01-00_2023WN317254.txt,Mediální rámce (multiple),Rámec konfliktu,Humanitární rámec,Lokální rámec
2023-11-13T11-01-00_2023WN317254.txt,Mluvčí,Politici ze ostatních světových zemí,Představitelé mezinárodních a neziskových organizací,Média a novináři
2023-11-15T13-35-00_2023WN319151.txt,Zpravodajské hodnoty (multiple),Negativita negativity,Elitní osoby prominence,Dopad impact
2023-11-15T13-35-00_2023WN319151.txt,Témata článku,Vnitřní politické dění,Dopad na izraelské civilisty,Historie/kontextualizace
2023-11-15T13-35-00_2023WN319151.txt,Hlavní téma článku,Dopad na izraelské civilisty
2023-11-15T13-35-00_2023WN319151.txt,Mediální rámce (multiple),Rámec konfliktu,Lokální rámec
2023-11-15T13-35-00_2023WN319151.txt,Mluvčí,Političtí představitelé Izraele,Média a novináři
2023-11-15T16-48-00_2023WN319208.txt,Zpravodajské hodnoty (multiple),Negativita negativity,Elitní osoby prominence,Dopad impact
2023-11-15T16-48-00_2023WN319208.txt,Témata článku,Mezinárodní politické reakce,Vojenské operace Izraele,Dopad na palestinské civilisty,Historie/kontextualizace
2023-11-15T16-48-00_2023WN319208.txt,Hlavní téma článku,Mezinárodní politické reakce
2023-11-15T16-48-00_2023WN319208.txt,Mediální rámce (multiple),Rámec konfliktu,Geopolitický rámec
2023-11-15T16-48-00_2023WN319208.txt,Mluvčí,Političtí představitelé Izraele,Politici z blízkovýchodních zemí,Politici ze ostatních světových zemí,Média a novináři
2023-11-16T08-16-00_2023WN320030.txt,Zpravodajské hodnoty (multiple),Negativita negativity,Blízkost proximity,Elitní osoby prominence,Dopad impact
2023-11-16T08-16-00_2023WN320030.txt,Témata článku,Mezinárodní politické reakce,Humanitární pomoc
2023-11-16T08-16-00_2023WN320030.txt,Hlavní téma článku,Mezinárodní politické reakce
2023-11-16T08-16-00_2023WN320030.txt,Mediální rámce (multiple),Rámec budování míru,Humanitární rámec,Geopolitický rámec
2023-11-16T08-16-00_2023WN320030.txt,Mluvčí,Političtí představitelé Izraele,Politici ze ostatních světových zemí,Představitelé mezinárodních a neziskových organizací
2023-11-16T15-21-00_2023WN320146.txt,Zpravodajské hodnoty (multiple),Negativita negativity,Blízkost proximity,Elitní osoby prominence,Dopad impact
2023-11-16T15-21-00_2023WN320146.txt,Témata článku,Mezinárodní politické reakce
2023-11-16T15-21-00_2023WN320146.txt,Hlavní téma článku,Mezinárodní politické reakce
2023-11-16T15-21-00_2023WN320146.txt,Mediální rámce (multiple),Rámec konfliktu,Geopolitický rámec
2023-11-16T15-21-00_2023WN320146.txt,Mluvčí,Politici ze ostatních světových zemí,Média a novináři
2023-11-19T19-42-00_2023WN323084.txt,Zpravodajské hodnoty (multiple),Negativita negativity,Elitní osoby prominence,Dopad impact
2023-11-19T19-42-00_2023WN323084.txt,Témata článku,Vnitřní politické dění,Vojenské operace Izraele,Dopad na palestinské civilisty
2023-11-19T19-42-00_2023WN323084.txt,Hlavní téma článku,Vojenské operace Izraele
2023-11-19T19-42-00_2023WN323084.txt,Mediální rámce (multiple),Rámec konfliktu,Lokální rámec
2023-11-19T19-42-00_2023WN323084.txt,Mluvčí,Političtí představitelé Palestiny,Vojenští představitelé Izraele,Nezávislí experti a analytici,Média a novináři
2023-11-20T09-03-00_2023WN324033.txt,Zpravodajské hodnoty (multiple),Negativita negativity,Blízkost proximity,Dopad impact
2023-11-20T09-03-00_2023WN324033.txt,Témata článku,Mezinárodní politické reakce,Globální reakce veřejnosti
2023-11-20T09-03-00_2023WN324033.txt,Hlavní téma článku,Globální reakce veřejnosti
2023-11-20T09-03-00_2023WN324033.txt,Mediální rámce (multiple),Rámec konfliktu,Geopolitický rámec
2023-11-20T09-03-00_2023WN324033.txt,Mluvčí,Nezávislí experti a analytici
2023-11-20T15-21-00_2023WN324135.txt,Zpravodajské hodnoty (multiple),Negativita negativity,Elitní osoby prominence,Dopad impact
2023-11-20T15-21-00_2023WN324135.txt,Témata článku,Mezinárodní politické reakce,Globální reakce veřejnosti
2023-11-20T15-21-00_2023WN324135.txt,Hlavní téma článku,Globální reakce veřejnosti
2023-11-20T15-21-00_2023WN324135.txt,Mediální rámce (multiple),Rámec konfliktu,Geopolitický rámec
2023-11-20T15-21-00_2023WN324135.txt,Mluvčí,Politici ze ostatních světových zemí,Média a novináři
2023-11-20T20-25-00_2023WN324202.txt,Zpravodajské hodnoty (multiple),Negativita negativity,Blízkost proximity,Dopad impact
2023-11-20T20-25-00_2023WN324202.txt,Témata článku,Dopad na izraelské civilisty,Humanitární pomoc,Globální reakce veřejnosti
2023-11-20T20-25-00_2023WN324202.txt,Hlavní téma článku,Globální reakce veřejnosti
2023-11-20T20-25-00_2023WN324202.txt,Mediální rámce (multiple),Humanitární rámec,Geopolitický rámec
2023-11-20T20-25-00_2023WN324202.txt,Mluvčí,
2023-11-23T11-44-00_2023WN327073.txt,Zpravodajské hodnoty (multiple),Negativita negativity,Elitní osoby prominence,Dopad impact
2023-11-23T11-44-00_2023WN327073.txt,Témata článku,Vnitřní politické dění,Vojenské operace Izraele
2023-11-23T11-44-00_2023WN327073.txt,Hlavní téma článku,Vojenské operace Izraele
2023-11-23T11-44-00_2023WN327073.txt,Mediální rámce (multiple),Rámec konfliktu,Lokální rámec
2023-11-23T11-44-00_2023WN327073.txt,Mluvčí,Členové teroristických skupin,Média a novináři,Očití svědci a civilisté z Palestiny
2023-11-23T16-26-00_2023WN327164.txt,Zpravodajské hodnoty (multiple),Elitní osoby prominence,Dopad impact
2023-11-23T16-26-00_2023WN327164.txt,Témata článku,Vnitřní politické dění,Mezinárodní politické reakce,Humanitární pomoc
2023-11-23T16-26-00_2023WN327164.txt,Hlavní téma článku,Vnitřní politické dění
2023-11-23T16-26-00_2023WN327164.txt,Mediální rámce (multiple),Rámec budování míru,Humanitární rámec,Lokální rámec
2023-11-23T16-26-00_2023WN327164.txt,Mluvčí,Političtí představitelé Izraele,Političtí představitelé Palestiny,Politici z blízkovýchodních zemí
2023-11-24T12-39-00_2023WN328101.txt,Zpravodajské hodnoty (multiple),Blízkost proximity,Elitní osoby prominence
2023-11-24T12-39-00_2023WN328101.txt,Témata článku,Ekonomické důsledky
2023-11-24T12-39-00_2023WN328101.txt,Hlavní téma článku,Ekonomické důsledky
2023-11-24T12-39-00_2023WN328101.txt,Mediální rámce (multiple),Geopolitický rámec
2023-11-24T12-39-00_2023WN328101.txt,Mluvčí,Nezávislí experti a analytici
2023-11-24T21-16-00_2023WN328215.txt,Zpravodajské hodnoty (multiple),Negativita negativity,Elitní osoby prominence,Dopad impact
2023-11-24T21-16-00_2023WN328215.txt,Témata článku,Mezinárodní politické reakce,Dopad na palestinské civilisty,Humanitární pomoc
2023-11-24T21-16-00_2023WN328215.txt,Hlavní téma článku,Mezinárodní politické reakce
2023-11-24T21-16-00_2023WN328215.txt,Mediální rámce (multiple),Rámec budování míru,Humanitární rámec,Geopolitický rámec
2023-11-24T21-16-00_2023WN328215.txt,Mluvčí,Političtí představitelé Izraele,Politici ze ostatních světových zemí
2023-11-29T08-32-00_2023WN333030.txt,Zpravodajské hodnoty (multiple),Negativita negativity,Elitní osoby prominence,Dopad impact
2023-11-29T08-32-00_2023WN333030.txt,Témata článku,Globální reakce veřejnosti
2023-11-29T08-32-00_2023WN333030.txt,Hlavní téma článku,Globální reakce veřejnosti
2023-11-29T08-32-00_2023WN333030.txt,Mediální rámce (multiple),Rámec konfliktu,Geopolitický rámec
2023-11-29T08-32-00_2023WN333030.txt,Mluvčí,Politici ze ostatních světových zemí,Představitelé mezinárodních a neziskových organizací,Média a novináři
2023-11-29T15-51-00_2023WN333171.txt,Zpravodajské hodnoty (multiple),Elitní osoby prominence,Dopad impact
2023-11-29T15-51-00_2023WN333171.txt,Témata článku,Vnitřní politické dění,Mezinárodní politické reakce
2023-11-29T15-51-00_2023WN333171.txt,Hlavní téma článku,Vnitřní politické dění
2023-11-29T15-51-00_2023WN333171.txt,Mediální rámce (multiple),Rámec budování míru,Geopolitický rámec
2023-11-29T15-51-00_2023WN333171.txt,Mluvčí,Političtí představitelé Palestiny,Média a novináři
2023-11-30T06-54-00_2023WN334015.txt,Zpravodajské hodnoty (multiple),Negativita negativity,Elitní osoby prominence
2023-11-30T06-54-00_2023WN334015.txt,Témata článku,Historie/kontextualizace
2023-11-30T06-54-00_2023WN334015.txt,Hlavní téma článku,Historie/kontextualizace
2023-11-30T06-54-00_2023WN334015.txt,Mediální rámce (multiple),Rámec budování míru,Historicko-kulturní rámec,Geopolitický rámec
2023-11-30T06-54-00_2023WN334015.txt,Mluvčí,Média a novináři
2023-11-30T11-33-00_2023WN334072.txt,Zpravodajské hodnoty (multiple),Elitní osoby prominence,Dopad impact
2023-11-30T11-33-00_2023WN334072.txt,Témata článku,Mezinárodní politické reakce,Globální reakce veřejnosti
2023-11-30T11-33-00_2023WN334072.txt,Hlavní téma článku,Globální reakce veřejnosti
2023-11-30T11-33-00_2023WN334072.txt,Mediální rámce (multiple),Rámec konfliktu,Geopolitický rámec
2023-11-30T11-33-00_2023WN334072.txt,Mluvčí,Politici ze ostatních světových zemí,Média a novináři
2023-12-04T12-14-00_2023WN338101.txt,Zpravodajské hodnoty (multiple),Negativita negativity,Blízkost proximity,Elitní osoby prominence,Dopad impact
2023-12-04T12-14-00_2023WN338101.txt,Témata článku,Mezinárodní politické reakce,Globální reakce veřejnosti
2023-12-04T12-14-00_2023WN338101.txt,Hlavní téma článku,Mezinárodní politické reakce
2023-12-04T12-14-00_2023WN338101.txt,Mediální rámce (multiple),Rámec konfliktu,Geopolitický rámec
2023-12-04T12-14-00_2023WN338101.txt,Mluvčí,Politici ze ostatních světových zemí,Média a novináři
2023-12-05T06-39-00_2023WN339011.txt,Zpravodajské hodnoty (multiple),Negativita negativity,Elitní osoby prominence,Dopad impact
2023-12-05T06-39-00_2023WN339011.txt,Témata článku,Teroristické operace,Dopad na izraelské civilisty,Historie/kontextualizace
2023-12-05T06-39-00_2023WN339011.txt,Hlavní téma článku,Teroristické operace
2023-12-05T06-39-00_2023WN339011.txt,Mediální rámce (multiple),Rámec konfliktu,Humanitární rámec,Historicko-kulturní rámec,Lokální rámec
2023-12-05T06-39-00_2023WN339011.txt,Mluvčí,Političtí představitelé Izraele,Média a novináři
2023-12-05T14-45-00_2023WN339132.txt,Zpravodajské hodnoty (multiple),Negativita negativity,Blízkost proximity,Elitní osoby prominence,Dopad impact
2023-12-05T14-45-00_2023WN339132.txt,Témata článku,Mezinárodní politické reakce,Vojenské operace Izraele,Teroristické operace
2023-12-05T14-45-00_2023WN339132.txt,Hlavní téma článku,Mezinárodní politické reakce
2023-12-05T14-45-00_2023WN339132.txt,Mediální rámce (multiple),Rámec konfliktu,Geopolitický rámec
2023-12-05T14-45-00_2023WN339132.txt,Mluvčí,Nezávislí experti a analytici
2023-12-06T09-06-00_2023WN340025.txt,Zpravodajské hodnoty (multiple),Negativita negativity,Elitní osoby prominence,Dopad impact
2023-12-06T09-06-00_2023WN340025.txt,Témata článku,Vnitřní politické dění,Vojenské operace Izraele,Dopad na palestinské civilisty
2023-12-06T09-06-00_2023WN340025.txt,Hlavní téma článku,Vojenské operace Izraele
2023-12-06T09-06-00_2023WN340025.txt,Mediální rámce (multiple),Rámec konfliktu,Humanitární rámec,Lokální rámec
2023-12-06T09-06-00_2023WN340025.txt,Mluvčí,Vojenští představitelé Izraele,Média a novináři,Očití svědci a civilisté z Palestiny
2023-12-09T11-05-00_2023WN343035.txt,Zpravodajské hodnoty (multiple),Negativita negativity,Elitní osoby prominence,Personalizace personalization,Dopad impact
2023-12-09T11-05-00_2023WN343035.txt,Témata článku,Globální reakce veřejnosti
2023-12-09T11-05-00_2023WN343035.txt,Hlavní téma článku,Globální reakce veřejnosti
2023-12-09T11-05-00_2023WN343035.txt,Mediální rámce (multiple),Rámec konfliktu,Geopolitický rámec
2023-12-09T11-05-00_2023WN343035.txt,Mluvčí,Politici ze ostatních světových zemí,Představitelé mezinárodních a neziskových organizací,Nezávislí experti a analytici,Média a novináři
2023-12-09T19-24-00_2023WN343081.txt,Zpravodajské hodnoty (multiple),Negativita negativity,Elitní osoby prominence,Dopad impact
2023-12-09T19-24-00_2023WN343081.txt,Témata článku,Mezinárodní politické reakce,Teroristické operace
2023-12-09T19-24-00_2023WN343081.txt,Hlavní téma článku,Teroristické operace
2023-12-09T19-24-00_2023WN343081.txt,Mediální rámce (multiple),Rámec konfliktu,Geopolitický rámec
2023-12-09T19-24-00_2023WN343081.txt,Mluvčí,Členové teroristických skupin,Média a novináři
2023-12-10T08-59-00_2023WN344015.txt,Zpravodajské hodnoty (multiple),Negativita negativity,Elitní osoby prominence,Dopad impact
2023-12-10T08-59-00_2023WN344015.txt,Témata článku,Mezinárodní politické reakce,Globální reakce veřejnosti,Historie/kontextualizace
2023-12-10T08-59-00_2023WN344015.txt,Hlavní téma článku,Globální reakce veřejnosti
2023-12-10T08-59-00_2023WN344015.txt,Mediální rámce (multiple),Rámec konfliktu,Geopolitický rámec
2023-12-10T08-59-00_2023WN344015.txt,Mluvčí,
2023-12-14T08-16-00_2023WN348008.txt,Zpravodajské hodnoty (multiple),Elitní osoby prominence,Dopad impact
2023-12-14T08-16-00_2023WN348008.txt,Témata článku,Mezinárodní politické reakce
2023-12-14T08-16-00_2023WN348008.txt,Hlavní téma článku,Mezinárodní politické reakce
2023-12-14T08-16-00_2023WN348008.txt,Mediální rámce (multiple),Rámec konfliktu,Geopolitický rámec
2023-12-14T08-16-00_2023WN348008.txt,Mluvčí,Politici ze ostatních světových zemí,Média a novináři
2023-12-14T16-08-00_2023WN348142.txt,Zpravodajské hodnoty (multiple),Negativita negativity,Dopad impact
2023-12-14T16-08-00_2023WN348142.txt,Témata článku,Vnitřní politické dění
2023-12-14T16-08-00_2023WN348142.txt,Hlavní téma článku,Vnitřní politické dění
2023-12-14T16-08-00_2023WN348142.txt,Mediální rámce (multiple),Rámec konfliktu,Lokální rámec
2023-12-14T16-08-00_2023WN348142.txt,Mluvčí,Nezávislí experti a analytici,Očití svědci a civilisté z Palestiny
2023-12-15T12-15-00_2023WN349091.txt,Zpravodajské hodnoty (multiple),Dopad impact
2023-12-15T12-15-00_2023WN349091.txt,Témata článku,Globální reakce veřejnosti
2023-12-15T12-15-00_2023WN349091.txt,Hlavní téma článku,Globální reakce veřejnosti
2023-12-15T12-15-00_2023WN349091.txt,Mediální rámce (multiple),Rámec konfliktu,Geopolitický rámec
2023-12-15T12-15-00_2023WN349091.txt,Mluvčí,Nezávislí experti a analytici,Média a novináři
2023-12-20T16-52-00_2023WN354149.txt,Zpravodajské hodnoty (multiple),Blízkost proximity,Elitní osoby prominence,Dopad impact
2023-12-20T16-52-00_2023WN354149.txt,Témata článku,Mezinárodní politické reakce,Humanitární pomoc
2023-12-20T16-52-00_2023WN354149.txt,Hlavní téma článku,Mezinárodní politické reakce
2023-12-20T16-52-00_2023WN354149.txt,Mediální rámce (multiple),Rámec budování míru,Humanitární rámec,Geopolitický rámec
2023-12-20T16-52-00_2023WN354149.txt,Mluvčí,Politici ze ostatních světových zemí
2023-12-21T09-21-00_2023WN355034.txt,Zpravodajské hodnoty (multiple),Negativita negativity,Blízkost proximity,Elitní osoby prominence,Personalizace personalization,Dopad impact
2023-12-21T09-21-00_2023WN355034.txt,Témata článku,Mezinárodní politické reakce,Vojenské operace Izraele,Teroristické operace,Dopad na izraelské civilisty,Dopad na palestinské civilisty,Humanitární pomoc,Ekonomické důsledky,Historie/kontextualizace
2023-12-21T09-21-00_2023WN355034.txt,Hlavní téma článku,Teroristické operace
2023-12-21T09-21-00_2023WN355034.txt,Mediální rámce (multiple),Rámec konfliktu,Humanitární rámec,Geopolitický rámec
2023-12-21T09-21-00_2023WN355034.txt,Mluvčí,Politici ze ostatních světových zemí,Nezávislí experti a analytici,Média a novináři
2023-12-21T21-05-00_2023WN355189.txt,Zpravodajské hodnoty (multiple),Negativita negativity,Blízkost proximity,Dopad impact
2023-12-21T21-05-00_2023WN355189.txt,Témata článku,Dílčí konflikty a střety
2023-12-21T21-05-00_2023WN355189.txt,Hlavní téma článku,Dílčí konflikty a střety
2023-12-21T21-05-00_2023WN355189.txt,Mediální rámce (multiple),Geopolitický rámec
2023-12-21T21-05-00_2023WN355189.txt,Mluvčí,
2023-12-30T12-42-00_2023WN364030.txt,Zpravodajské hodnoty (multiple),Negativita negativity,Elitní osoby prominence,Dopad impact
2023-12-30T12-42-00_2023WN364030.txt,Témata článku,Vojenské operace Izraele,Teroristické operace
2023-12-30T12-42-00_2023WN364030.txt,Hlavní téma článku,Vojenské operace Izraele
2023-12-30T12-42-00_2023WN364030.txt,Mediální rámce (multiple),Rámec konfliktu,Lokální rámec
2023-12-30T12-42-00_2023WN364030.txt,Mluvčí,Političtí představitelé Izraele,Vojenští představitelé Izraele,Média a novináři
2024-01-01T20-24-00_2024WN001075.txt,Zpravodajské hodnoty (multiple),Negativita negativity,Elitní osoby prominence,Dopad impact
2024-01-01T20-24-00_2024WN001075.txt,Témata článku,Vnitřní politické dění
2024-01-01T20-24-00_2024WN001075.txt,Hlavní téma článku,Vnitřní politické dění
2024-01-01T20-24-00_2024WN001075.txt,Mediální rámce (multiple),Rámec konfliktu,Lokální rámec
2024-01-01T20-24-00_2024WN001075.txt,Mluvčí,Političtí představitelé Izraele,Média a novináři,Očití svědci a civilisté z Izraele
2024-01-02T16-55-00_2024WN002143.txt,Zpravodajské hodnoty (multiple),Negativita negativity,Elitní osoby prominence,Dopad impact
2024-01-02T16-55-00_2024WN002143.txt,Témata článku,Vnitřní politické dění,Mezinárodní politické reakce,Vojenské operace Izraele,Dílčí konflikty a střety,Historie/kontextualizace
2024-01-02T16-55-00_2024WN002143.txt,Hlavní téma článku,Mezinárodní politické reakce
2024-01-02T16-55-00_2024WN002143.txt,Mediální rámce (multiple),Rámec konfliktu,Geopolitický rámec
2024-01-02T16-55-00_2024WN002143.txt,Mluvčí,Političtí představitelé Izraele,Politici ze ostatních světových zemí,Média a novináři
2024-01-11T16-10-00_2024WN011155.txt,Zpravodajské hodnoty (multiple),Negativita negativity,Elitní osoby prominence,Personalizace personalization,Dopad impact
2024-01-11T16-10-00_2024WN011155.txt,Témata článku,Vnitřní politické dění,Dopad na izraelské civilisty
2024-01-11T16-10-00_2024WN011155.txt,Hlavní téma článku,Dopad na izraelské civilisty
2024-01-11T16-10-00_2024WN011155.txt,Mediální rámce (multiple),Rámec konfliktu,Humanitární rámec,Lokální rámec
2024-01-11T16-10-00_2024WN011155.txt,Mluvčí,Političtí představitelé Izraele,Političtí představitelé Palestiny,Média a novináři,Očití svědci a civilisté z Izraele
2024-01-12T10-01-00_2024WN012058.txt,Zpravodajské hodnoty (multiple),Negativita negativity,Elitní osoby prominence,Dopad impact
2024-01-12T10-01-00_2024WN012058.txt,Témata článku,Mezinárodní politické reakce,Teroristické operace,Dílčí konflikty a střety
2024-01-12T10-01-00_2024WN012058.txt,Hlavní téma článku,Mezinárodní politické reakce
2024-01-12T10-01-00_2024WN012058.txt,Mediální rámce (multiple),Rámec konfliktu,Geopolitický rámec
2024-01-12T10-01-00_2024WN012058.txt,Mluvčí,Politici ze ostatních světových zemí,Členové teroristických skupin,Média a novináři
2024-01-12T15-46-00_2024WN012144.txt,Zpravodajské hodnoty (multiple),Blízkost proximity,Personalizace personalization,Dopad impact
2024-01-12T15-46-00_2024WN012144.txt,Témata článku,Globální reakce veřejnosti
2024-01-12T15-46-00_2024WN012144.txt,Hlavní téma článku,Globální reakce veřejnosti
2024-01-12T15-46-00_2024WN012144.txt,Mediální rámce (multiple),Geopolitický rámec
2024-01-12T15-46-00_2024WN012144.txt,Mluvčí,
2024-01-18T10-32-00_2024WN018055.txt,Zpravodajské hodnoty (multiple),Negativita negativity,Elitní osoby prominence,Personalizace personalization,Dopad impact
2024-01-18T10-32-00_2024WN018055.txt,Témata článku,Teroristické operace,Dopad na izraelské civilisty
2024-01-18T10-32-00_2024WN018055.txt,Hlavní téma článku,Dopad na izraelské civilisty
2024-01-18T10-32-00_2024WN018055.txt,Mediální rámce (multiple),Rámec konfliktu,Lokální rámec
2024-01-18T10-32-00_2024WN018055.txt,Mluvčí,Političtí představitelé Izraele,Vojenští představitelé Izraele,Členové teroristických skupin,Média a novináři,Očití svědci a civilisté z Izraele
2024-01-19T12-20-00_2024WN019033.txt,Zpravodajské hodnoty (multiple),Negativita negativity,Elitní osoby prominence,Dopad impact
2024-01-19T12-20-00_2024WN019033.txt,Témata článku,Mezinárodní politické reakce
2024-01-19T12-20-00_2024WN019033.txt,Hlavní téma článku,Mezinárodní politické reakce
2024-01-19T12-20-00_2024WN019033.txt,Mediální rámce (multiple),Rámec konfliktu,Geopolitický rámec
2024-01-19T12-20-00_2024WN019033.txt,Mluvčí,Politici ze ostatních světových zemí,Média a novináři
2024-01-20T10-17-00_2024WN020031.txt,Zpravodajské hodnoty (multiple),Negativita negativity,Dopad impact
2024-01-20T10-17-00_2024WN020031.txt,Témata článku,Vojenské operace Izraele,Historie/kontextualizace
2024-01-20T10-17-00_2024WN020031.txt,Hlavní téma článku,Vojenské operace Izraele
2024-01-20T10-17-00_2024WN020031.txt,Mediální rámce (multiple),Rámec konfliktu,Lokální rámec
2024-01-20T10-17-00_2024WN020031.txt,Mluvčí,Média a novináři
2024-01-28T19-21-00_2024WN028084.txt,Zpravodajské hodnoty (multiple),Negativita negativity,Elitní osoby prominence,Dopad impact
2024-01-28T19-21-00_2024WN028084.txt,Témata článku,Mezinárodní politické reakce,Dopad na izraelské civilisty,Dopad na palestinské civilisty,Humanitární pomoc
2024-01-28T19-21-00_2024WN028084.txt,Hlavní téma článku,Humanitární pomoc
2024-01-28T19-21-00_2024WN028084.txt,Mediální rámce (multiple),Rámec konfliktu,Humanitární rámec,Lokální rámec
2024-01-28T19-21-00_2024WN028084.txt,Mluvčí,Představitelé mezinárodních a neziskových organizací,Vojenští představitelé Izraele,Média a novináři,Očití svědci a civilisté z Izraele
2024-01-29T12-00-00_2024WN029085.txt,Zpravodajské hodnoty (multiple),
2024-01-29T12-00-00_2024WN029085.txt,Témata článku,Ekonomické důsledky
2024-01-29T12-00-00_2024WN029085.txt,Hlavní téma článku,Ekonomické důsledky
2024-01-29T12-00-00_2024WN029085.txt,Mediální rámce (multiple),Geopolitický rámec
2024-01-29T12-00-00_2024WN029085.txt,Mluvčí,Nezávislí experti a analytici
2024-01-30T12-22-00_2024WN030086.txt,Zpravodajské hodnoty (multiple),Negativita negativity,Elitní osoby prominence,Dopad impact
2024-01-30T12-22-00_2024WN030086.txt,Témata článku,Vnitřní politické dění,Vojenské operace Izraele
2024-01-30T12-22-00_2024WN030086.txt,Hlavní téma článku,Vojenské operace Izraele
2024-01-30T12-22-00_2024WN030086.txt,Mediální rámce (multiple),Rámec konfliktu,Lokální rámec
2024-01-30T12-22-00_2024WN030086.txt,Mluvčí,Političtí představitelé Palestiny,Média a novináři,Očití svědci a civilisté z Palestiny
2024-02-06T20-53-00_2024WN037171.txt,Zpravodajské hodnoty (multiple),Negativita negativity,Elitní osoby prominence,Dopad impact
2024-02-06T20-53-00_2024WN037171.txt,Témata článku,Vnitřní politické dění,Dopad na izraelské civilisty
2024-02-06T20-53-00_2024WN037171.txt,Hlavní téma článku,Dopad na izraelské civilisty
2024-02-06T20-53-00_2024WN037171.txt,Mediální rámce (multiple),Rámec konfliktu,Lokální rámec
2024-02-06T20-53-00_2024WN037171.txt,Mluvčí,Političtí představitelé Palestiny,Politici z blízkovýchodních zemí,Vojenští představitelé Izraele,Média a novináři
2024-02-07T20-29-00_2024WN038197.txt,Zpravodajské hodnoty (multiple),Elitní osoby prominence
2024-02-07T20-29-00_2024WN038197.txt,Témata článku,Mezinárodní politické reakce
2024-02-07T20-29-00_2024WN038197.txt,Hlavní téma článku,Mezinárodní politické reakce
2024-02-07T20-29-00_2024WN038197.txt,Mediální rámce (multiple),Geopolitický rámec
2024-02-07T20-29-00_2024WN038197.txt,Mluvčí,Politici ze ostatních světových zemí,Nezávislí experti a analytici,Média a novináři
2024-02-08T12-53-00_2024WN039088.txt,Zpravodajské hodnoty (multiple),Blízkost proximity,Elitní osoby prominence
2024-02-08T12-53-00_2024WN039088.txt,Témata článku,Ekonomické důsledky
2024-02-08T12-53-00_2024WN039088.txt,Hlavní téma článku,Ekonomické důsledky
2024-02-08T12-53-00_2024WN039088.txt,Mediální rámce (multiple),
2024-02-08T12-53-00_2024WN039088.txt,Mluvčí,Politici ze ostatních světových zemí
2024-02-14T18-32-00_2024WN045167.txt,Zpravodajské hodnoty (multiple),Blízkost proximity,Elitní osoby prominence
2024-02-14T18-32-00_2024WN045167.txt,Témata článku,Ekonomické důsledky
2024-02-14T18-32-00_2024WN045167.txt,Hlavní téma článku,Ekonomické důsledky
2024-02-14T18-32-00_2024WN045167.txt,Mediální rámce (multiple),
2024-02-14T18-32-00_2024WN045167.txt,Mluvčí,Nezávislí experti a analytici
2024-02-15T13-18-00_2024WN046102.txt,Zpravodajské hodnoty (multiple),Blízkost proximity,Elitní osoby prominence
2024-02-15T13-18-00_2024WN046102.txt,Témata článku,Mezinárodní politické reakce
2024-02-15T13-18-00_2024WN046102.txt,Hlavní téma článku,Vnitřní politické dění
2024-02-15T13-18-00_2024WN046102.txt,Mediální rámce (multiple),Geopolitický rámec
2024-02-15T13-18-00_2024WN046102.txt,Mluvčí,Politici ze ostatních světových zemí
2024-02-15T21-49-00_2024WN046201.txt,Zpravodajské hodnoty (multiple),Negativita negativity,Elitní osoby prominence,Dopad impact
2024-02-15T21-49-00_2024WN046201.txt,Témata článku,Vnitřní politické dění,Mezinárodní politické reakce,Teroristické operace,Ekonomické důsledky
2024-02-15T21-49-00_2024WN046201.txt,Hlavní téma článku,Teroristické operace
2024-02-15T21-49-00_2024WN046201.txt,Mediální rámce (multiple),Rámec konfliktu,Geopolitický rámec
2024-02-15T21-49-00_2024WN046201.txt,Mluvčí,Členové teroristických skupin,Média a novináři
2024-02-21T16-43-00_2024WN052158.txt,Zpravodajské hodnoty (multiple),Blízkost proximity,Dopad impact
2024-02-21T16-43-00_2024WN052158.txt,Témata článku,Ekonomické důsledky
2024-02-21T16-43-00_2024WN052158.txt,Hlavní téma článku,Ekonomické důsledky
2024-02-21T16-43-00_2024WN052158.txt,Mediální rámce (multiple),Geopolitický rámec
2024-02-21T16-43-00_2024WN052158.txt,Mluvčí,Média a novináři
