Humanitární pomoc,Teroristické operace
Historie/kontextualizace,Historie/kontextualizace
Teroristické operace,Teroristické operace
Ekonomické důsledky,Ekonomické důsledky
Mezinárodní politické reakce,Mezinárodní politické reakce
Globální reakce veřejnosti,Globální reakce veřejnosti
Vojenské operace Izraele,Vojenské operace Izraele
Globální reakce veřejnosti,Globální reakce veřejnosti
Teroristické operace,Teroristické operace
Ekonomické důsledky,Ekonomické důsledky
Teroristické operace,Vnitřní politické dění
Vnitřní politické dění,Vnitřní politické dění
Mezinárodní politické reakce,Teroristické operace
Mezinárodní politické reakce,Humanitární pomoc
Ekonomické důsledky,Ekonomické důsledky
Humanitární pomoc,Humanitární pomoc
Vojenské operace Izraele,Vojenské operace Izraele
Dopad na izraelské civilisty,Dopad na izraelské civilisty
Dílčí konflikty a střety,Dopad na palestinské civilisty
Globální reakce veřejnosti,Globální reakce veřejnosti
Globální reakce veřejnosti,Globální reakce veřejnosti
Globální reakce veřejnosti,Globální reakce veřejnosti
Vojenské operace Izraele,Vojenské operace Izraele
Mezinárodní politické reakce,Mezinárodní politické reakce
Teroristické operace,Teroristické operace
Mezinárodní politické reakce,Mezinárodní politické reakce
Teroristické operace,Teroristické operace
Ekonomické důsledky,Ekonomické důsledky
Dopad na izraelské civilisty,Dopad na izraelské civilisty
Teroristické operace,Teroristické operace
Teroristické operace,Teroristické operace
Vojenské operace Izraele,Vojenské operace Izraele
Dopad na izraelské civilisty,Dopad na izraelské civilisty
Vnitřní politické dění,Vnitřní politické dění
Mezinárodní politické reakce,Mezinárodní politické reakce
Vojenské operace Izraele,Dopad na palestinské civilisty
Globální reakce veřejnosti,Globální reakce veřejnosti
Mezinárodní politické reakce,Mezinárodní politické reakce
Historie/kontextualizace,Historie/kontextualizace
Historie/kontextualizace,Historie/kontextualizace
Dopad na palestinské civilisty,Mezinárodní politické reakce
Historie/kontextualizace,Mezinárodní politické reakce
Historie/kontextualizace,Vojenské operace Izraele
Mezinárodní politické reakce,Mezinárodní politické reakce
Globální reakce veřejnosti,Globální reakce veřejnosti
Vojenské operace Izraele,Dopad na palestinské civilisty
Mezinárodní politické reakce,Dopad na palestinské civilisty
Vnitřní politické dění,Dopad na izraelské civilisty
Mezinárodní politické reakce,Mezinárodní politické reakce
Mezinárodní politické reakce,Mezinárodní politické reakce
Historie/kontextualizace,Mezinárodní politické reakce
Vojenské operace Izraele,Vojenské operace Izraele
Globální reakce veřejnosti,Globální reakce veřejnosti
Vojenské operace Izraele,Vojenské operace Izraele
Humanitární pomoc,Mezinárodní politické reakce
Mezinárodní politické reakce,Mezinárodní politické reakce
Globální reakce veřejnosti,Globální reakce veřejnosti
Teroristické operace,Mezinárodní politické reakce
Historie/kontextualizace,Historie/kontextualizace
Ekonomické důsledky,Globální reakce veřejnosti
Mezinárodní politické reakce,Mezinárodní politické reakce
Vojenské operace Izraele,Vojenské operace Izraele
Historie/kontextualizace,Mezinárodní politické reakce
Vojenské operace Izraele,Vojenské operace Izraele
Globální reakce veřejnosti,Globální reakce veřejnosti
Teroristické operace,Teroristické operace
Mezinárodní politické reakce,Mezinárodní politické reakce
Vnitřní politické dění,Vnitřní politické dění
Globální reakce veřejnosti,Globální reakce veřejnosti
Mezinárodní politické reakce,Mezinárodní politické reakce
Vnitřní politické dění,Vojenské operace Izraele
Vnitřní politické dění,Vnitřní politické dění
Vojenské operace Izraele,Mezinárodní politické reakce
Dopad na izraelské civilisty,Dopad na izraelské civilisty
Teroristické operace,Mezinárodní politické reakce
Historie/kontextualizace,Globální reakce veřejnosti
Dílčí konflikty a střety,Dopad na izraelské civilisty
Historie/kontextualizace,Mezinárodní politické reakce
Vojenské operace Izraele,Vojenské operace Izraele
Dopad na izraelské civilisty,Vnitřní politické dění
Vojenské operace Izraele,Vojenské operace Izraele
Teroristické operace,Dopad na izraelské civilisty
Ekonomické důsledky,Ekonomické důsledky
Teroristické operace,Teroristické operace
