1.1._Zelení_chtějí_hlavu_Čunka,citace_a_parafraze,Ano
1.1._Zelení_chtějí_hlavu_Čunka,dopad,Ne
1.1._Zelení_chtějí_hlavu_Čunka,dotazy,Ne
1.1._Zelení_chtějí_hlavu_Čunka,emoce,Ne
1.1._Zelení_chtějí_hlavu_Čunka,fakta_a_nazory,Ano
1.1._Zelení_chtějí_hlavu_Čunka,funkce,kontextuální informace
1.1._Zelení_chtějí_hlavu_Čunka,hard_news,Ano
1.1._Zelení_chtějí_hlavu_Čunka,informace,Ne
1.1._Zelení_chtějí_hlavu_Čunka,konflikt,Ne
1.1._Zelení_chtějí_hlavu_Čunka,kontext,Ano
1.1._Zelení_chtějí_hlavu_Čunka,kriterium,vyhovující
1.1._Zelení_chtějí_hlavu_Čunka,lokalni_dopad,Ne
1.1._Zelení_chtějí_hlavu_Čunka,morbidnost,Ne
1.1._Zelení_chtějí_hlavu_Čunka,negativni_vyzneni,Ne
1.1._Zelení_chtějí_hlavu_Čunka,nekompetence,Ne
1.1._Zelení_chtějí_hlavu_Čunka,obtezujici_okolnosti,Ne
1.1._Zelení_chtějí_hlavu_Čunka,odborny_zdroj,Ne
1.1._Zelení_chtějí_hlavu_Čunka,odstavce,19
1.1._Zelení_chtějí_hlavu_Čunka,personalizace,Ne
1.1._Zelení_chtějí_hlavu_Čunka,podpora,Ne
1.1._Zelení_chtějí_hlavu_Čunka,politicka_zprava,Ano
1.1._Zelení_chtějí_hlavu_Čunka,pozadavky,Ne
1.1._Zelení_chtějí_hlavu_Čunka,problemy,Ne
1.1._Zelení_chtějí_hlavu_Čunka,protichudna_hlediska,Ano
1.1._Zelení_chtějí_hlavu_Čunka,pyramida,Ano
1.1._Zelení_chtějí_hlavu_Čunka,rady,Ne
1.1._Zelení_chtějí_hlavu_Čunka,reakce,Ne
1.1._Zelení_chtějí_hlavu_Čunka,senzacnost,Ne
1.1._Zelení_chtějí_hlavu_Čunka,skandal,Ano
1.1._Zelení_chtějí_hlavu_Čunka,soukromy_ramec,Ne
1.1._Zelení_chtějí_hlavu_Čunka,soukromy_zivot,Ne
1.1._Zelení_chtějí_hlavu_Čunka,strategicke,Ne
1.1._Zelení_chtějí_hlavu_Čunka,validace,Ne
1.1._Zelení_chtějí_hlavu_Čunka,vecne,Ne
1.1._Zelení_chtějí_hlavu_Čunka,vyvazenost,různé úhly pohledu
1.1._Zelení_chtějí_hlavu_Čunka,vzdelavani,Ne
1.10._Hokejka_z_Nagana_pomohla_dětem,dopad,Ne
1.10._Hokejka_z_Nagana_pomohla_dětem,dotazy,Ne
1.10._Hokejka_z_Nagana_pomohla_dětem,emoce,Ne
1.10._Hokejka_z_Nagana_pomohla_dětem,hard_news,Ne
1.10._Hokejka_z_Nagana_pomohla_dětem,informace,Ne
1.10._Hokejka_z_Nagana_pomohla_dětem,kontext,Ne
1.10._Hokejka_z_Nagana_pomohla_dětem,kriterium,vyhovující
1.10._Hokejka_z_Nagana_pomohla_dětem,lokalni_dopad,Ano
1.10._Hokejka_z_Nagana_pomohla_dětem,morbidnost,Ne
1.10._Hokejka_z_Nagana_pomohla_dětem,obtezujici_okolnosti,Ne
1.10._Hokejka_z_Nagana_pomohla_dětem,odstavce,2
1.10._Hokejka_z_Nagana_pomohla_dětem,personalizace,Ne
1.10._Hokejka_z_Nagana_pomohla_dětem,podpora,Ne
1.10._Hokejka_z_Nagana_pomohla_dětem,politicka_zprava,Ne
1.10._Hokejka_z_Nagana_pomohla_dětem,pozadavky,Ne
1.10._Hokejka_z_Nagana_pomohla_dětem,problemy,Ne
1.10._Hokejka_z_Nagana_pomohla_dětem,rady,Ne
1.10._Hokejka_z_Nagana_pomohla_dětem,reakce,Ne
1.10._Hokejka_z_Nagana_pomohla_dětem,senzacnost,Ne
1.10._Hokejka_z_Nagana_pomohla_dětem,soukromy_zivot,Ne
1.10._Hokejka_z_Nagana_pomohla_dětem,validace,Ne
1.10._Hokejka_z_Nagana_pomohla_dětem,vzdelavani,Ne
1.100._Vyšší_mzdy_ve_Škodě_ohrozí_její_rozvoj,dopad,Ne
1.100._Vyšší_mzdy_ve_Škodě_ohrozí_její_rozvoj,dotazy,Ne
1.100._Vyšší_mzdy_ve_Škodě_ohrozí_její_rozvoj,emoce,Ne
1.100._Vyšší_mzdy_ve_Škodě_ohrozí_její_rozvoj,hard_news,Ne
1.100._Vyšší_mzdy_ve_Škodě_ohrozí_její_rozvoj,informace,Ne
1.100._Vyšší_mzdy_ve_Škodě_ohrozí_její_rozvoj,kontext,Ne
1.100._Vyšší_mzdy_ve_Škodě_ohrozí_její_rozvoj,kriterium,vyhovující
1.100._Vyšší_mzdy_ve_Škodě_ohrozí_její_rozvoj,lokalni_dopad,Ne
1.100._Vyšší_mzdy_ve_Škodě_ohrozí_její_rozvoj,morbidnost,Ne
1.100._Vyšší_mzdy_ve_Škodě_ohrozí_její_rozvoj,obtezujici_okolnosti,Ne
1.100._Vyšší_mzdy_ve_Škodě_ohrozí_její_rozvoj,odstavce,9
1.100._Vyšší_mzdy_ve_Škodě_ohrozí_její_rozvoj,personalizace,Ne
1.100._Vyšší_mzdy_ve_Škodě_ohrozí_její_rozvoj,podpora,Ne
1.100._Vyšší_mzdy_ve_Škodě_ohrozí_její_rozvoj,politicka_zprava,Ne
1.100._Vyšší_mzdy_ve_Škodě_ohrozí_její_rozvoj,pozadavky,Ne
1.100._Vyšší_mzdy_ve_Škodě_ohrozí_její_rozvoj,problemy,Ne
1.100._Vyšší_mzdy_ve_Škodě_ohrozí_její_rozvoj,rady,Ne
1.100._Vyšší_mzdy_ve_Škodě_ohrozí_její_rozvoj,reakce,Ne
1.100._Vyšší_mzdy_ve_Škodě_ohrozí_její_rozvoj,senzacnost,Ne
1.100._Vyšší_mzdy_ve_Škodě_ohrozí_její_rozvoj,soukromy_zivot,Ne
1.100._Vyšší_mzdy_ve_Škodě_ohrozí_její_rozvoj,validace,Ne
1.100._Vyšší_mzdy_ve_Škodě_ohrozí_její_rozvoj,vzdelavani,Ne
1.101._Unimex_Group_loni_vydělal_téměř_miliardu,kriterium,krátký
1.11._Dva_muži_napadli_policejní_hlídku,kriterium,krátký
1.12._Zneužila_Transparency_International_dotaci?,kriterium,krátký
1.13._Takto_žáky_zkoušet_nechceme,kriterium,nezpravodajský
1.14._Velikonoce_budou_slunečné,dopad,Ano
1.14._Velikonoce_budou_slunečné,dotazy,Ne
1.14._Velikonoce_budou_slunečné,emoce,Ne
1.14._Velikonoce_budou_slunečné,hard_news,Ano
1.14._Velikonoce_budou_slunečné,informace,Ne
1.14._Velikonoce_budou_slunečné,kontext,Ne
1.14._Velikonoce_budou_slunečné,kriterium,vyhovující
1.14._Velikonoce_budou_slunečné,lokalni_dopad,Ne
1.14._Velikonoce_budou_slunečné,morbidnost,Ne
1.14._Velikonoce_budou_slunečné,obtezujici_okolnosti,Ne
1.14._Velikonoce_budou_slunečné,odstavce,13
1.14._Velikonoce_budou_slunečné,personalizace,Ne
1.14._Velikonoce_budou_slunečné,podpora,Ne
1.14._Velikonoce_budou_slunečné,politicka_zprava,Ne
1.14._Velikonoce_budou_slunečné,pozadavky,Ne
1.14._Velikonoce_budou_slunečné,problemy,Ne
1.14._Velikonoce_budou_slunečné,rady,Ano
1.14._Velikonoce_budou_slunečné,reakce,Ano
1.14._Velikonoce_budou_slunečné,senzacnost,Ne
1.14._Velikonoce_budou_slunečné,soukromy_zivot,Ne
1.14._Velikonoce_budou_slunečné,validace,Ne
1.14._Velikonoce_budou_slunečné,vzdelavani,Ne
1.15._Tunel_v_Praze_pod_Letnou_se_může_začít_stavět,citace_a_parafraze,Ano
1.15._Tunel_v_Praze_pod_Letnou_se_může_začít_stavět,dopad,Ne
1.15._Tunel_v_Praze_pod_Letnou_se_může_začít_stavět,dotazy,Ne
1.15._Tunel_v_Praze_pod_Letnou_se_může_začít_stavět,emoce,Ne
1.15._Tunel_v_Praze_pod_Letnou_se_může_začít_stavět,fakta_a_nazory,Ano
1.15._Tunel_v_Praze_pod_Letnou_se_může_začít_stavět,funkce,aktuálních fakta a události
1.15._Tunel_v_Praze_pod_Letnou_se_může_začít_stavět,hard_news,Ano
1.15._Tunel_v_Praze_pod_Letnou_se_může_začít_stavět,informace,Ano
1.15._Tunel_v_Praze_pod_Letnou_se_může_začít_stavět,konflikt,Ne
1.15._Tunel_v_Praze_pod_Letnou_se_může_začít_stavět,kontext,Ne
1.15._Tunel_v_Praze_pod_Letnou_se_může_začít_stavět,kriterium,vyhovující
1.15._Tunel_v_Praze_pod_Letnou_se_může_začít_stavět,lokalni_dopad,Ano
1.15._Tunel_v_Praze_pod_Letnou_se_může_začít_stavět,morbidnost,Ne
1.15._Tunel_v_Praze_pod_Letnou_se_může_začít_stavět,negativni_vyzneni,Ne
1.15._Tunel_v_Praze_pod_Letnou_se_může_začít_stavět,nekompetence,Ne
1.15._Tunel_v_Praze_pod_Letnou_se_může_začít_stavět,obtezujici_okolnosti,Ne
1.15._Tunel_v_Praze_pod_Letnou_se_může_začít_stavět,odborny_zdroj,Ne
1.15._Tunel_v_Praze_pod_Letnou_se_může_začít_stavět,odstavce,4
1.15._Tunel_v_Praze_pod_Letnou_se_může_začít_stavět,personalizace,Ne
1.15._Tunel_v_Praze_pod_Letnou_se_může_začít_stavět,podpora,Ne
1.15._Tunel_v_Praze_pod_Letnou_se_může_začít_stavět,politicka_zprava,Ano
1.15._Tunel_v_Praze_pod_Letnou_se_může_začít_stavět,pozadavky,Ano
1.15._Tunel_v_Praze_pod_Letnou_se_může_začít_stavět,problemy,Ne
1.15._Tunel_v_Praze_pod_Letnou_se_může_začít_stavět,protichudna_hlediska,Ano
1.15._Tunel_v_Praze_pod_Letnou_se_může_začít_stavět,pyramida,Ano
1.15._Tunel_v_Praze_pod_Letnou_se_může_začít_stavět,rady,Ne
1.15._Tunel_v_Praze_pod_Letnou_se_může_začít_stavět,reakce,Ano
1.15._Tunel_v_Praze_pod_Letnou_se_může_začít_stavět,senzacnost,Ne
1.15._Tunel_v_Praze_pod_Letnou_se_může_začít_stavět,skandal,Ne
1.15._Tunel_v_Praze_pod_Letnou_se_může_začít_stavět,soukromy_ramec,Ne
1.15._Tunel_v_Praze_pod_Letnou_se_může_začít_stavět,soukromy_zivot,Ne
1.15._Tunel_v_Praze_pod_Letnou_se_může_začít_stavět,strategicke,Ne
1.15._Tunel_v_Praze_pod_Letnou_se_může_začít_stavět,validace,Ne
1.15._Tunel_v_Praze_pod_Letnou_se_může_začít_stavět,vecne,Ano
1.15._Tunel_v_Praze_pod_Letnou_se_může_začít_stavět,vyvazenost,různé úhly pohledu
1.15._Tunel_v_Praze_pod_Letnou_se_může_začít_stavět,vzdelavani,Ne
1.16._Premiér_otevřel_v_Kábulu_českou_polní_nemocnici,kriterium,vyhovující
1.17._ČSSD_kvůli_Kubicemu_dává_trestní_oznámení,kriterium,krátký
1.18._Do_zoo_se_„slétlo“_nejvíc_Slavíků,kriterium,krátký
1.19._Na_všechny_kamery_musí_být_povolení,kriterium,nezpravodajský
1.2._Kamery_viděly_do_soukromí._Soud_to_potrestal,dopad,Ne
1.2._Kamery_viděly_do_soukromí._Soud_to_potrestal,dotazy,Ne
1.2._Kamery_viděly_do_soukromí._Soud_to_potrestal,emoce,Ne
1.2._Kamery_viděly_do_soukromí._Soud_to_potrestal,hard_news,Ne
1.2._Kamery_viděly_do_soukromí._Soud_to_potrestal,informace,Ne
1.2._Kamery_viděly_do_soukromí._Soud_to_potrestal,kontext,Ne
1.2._Kamery_viděly_do_soukromí._Soud_to_potrestal,kriterium,vyhovující
1.2._Kamery_viděly_do_soukromí._Soud_to_potrestal,lokalni_dopad,Ne
1.2._Kamery_viděly_do_soukromí._Soud_to_potrestal,morbidnost,Ne
1.2._Kamery_viděly_do_soukromí._Soud_to_potrestal,obtezujici_okolnosti,Ne
1.2._Kamery_viděly_do_soukromí._Soud_to_potrestal,odstavce,9
1.2._Kamery_viděly_do_soukromí._Soud_to_potrestal,personalizace,Ne
1.2._Kamery_viděly_do_soukromí._Soud_to_potrestal,podpora,Ne
1.2._Kamery_viděly_do_soukromí._Soud_to_potrestal,politicka_zprava,Ne
1.2._Kamery_viděly_do_soukromí._Soud_to_potrestal,pozadavky,Ne
1.2._Kamery_viděly_do_soukromí._Soud_to_potrestal,problemy,Ne
1.2._Kamery_viděly_do_soukromí._Soud_to_potrestal,rady,Ano
1.2._Kamery_viděly_do_soukromí._Soud_to_potrestal,reakce,Ne
1.2._Kamery_viděly_do_soukromí._Soud_to_potrestal,senzacnost,Ne
1.2._Kamery_viděly_do_soukromí._Soud_to_potrestal,soukromy_zivot,Ne
1.2._Kamery_viděly_do_soukromí._Soud_to_potrestal,validace,Ne
1.2._Kamery_viděly_do_soukromí._Soud_to_potrestal,vzdelavani,Ne
1.20._Heslem_Nic_než_národ_„bojují“_za_životní_prostředí,dopad,Ne
1.20._Heslem_Nic_než_národ_„bojují“_za_životní_prostředí,dotazy,Ne
1.20._Heslem_Nic_než_národ_„bojují“_za_životní_prostředí,emoce,Ne
1.20._Heslem_Nic_než_národ_„bojují“_za_životní_prostředí,hard_news,Ano
1.20._Heslem_Nic_než_národ_„bojují“_za_životní_prostředí,informace,Ano
1.20._Heslem_Nic_než_národ_„bojují“_za_životní_prostředí,kontext,Ne
1.20._Heslem_Nic_než_národ_„bojují“_za_životní_prostředí,kriterium,vyhovující
1.20._Heslem_Nic_než_národ_„bojují“_za_životní_prostředí,lokalni_dopad,Ne
1.20._Heslem_Nic_než_národ_„bojují“_za_životní_prostředí,morbidnost,Ne
1.20._Heslem_Nic_než_národ_„bojují“_za_životní_prostředí,obtezujici_okolnosti,Ne
1.20._Heslem_Nic_než_národ_„bojují“_za_životní_prostředí,odstavce,8
1.20._Heslem_Nic_než_národ_„bojují“_za_životní_prostředí,personalizace,Ne
1.20._Heslem_Nic_než_národ_„bojují“_za_životní_prostředí,podpora,Ne
1.20._Heslem_Nic_než_národ_„bojují“_za_životní_prostředí,politicka_zprava,Ne
1.20._Heslem_Nic_než_národ_„bojují“_za_životní_prostředí,pozadavky,Ne
1.20._Heslem_Nic_než_národ_„bojují“_za_životní_prostředí,problemy,Ne
1.20._Heslem_Nic_než_národ_„bojují“_za_životní_prostředí,rady,Ne
1.20._Heslem_Nic_než_národ_„bojují“_za_životní_prostředí,reakce,Ne
1.20._Heslem_Nic_než_národ_„bojují“_za_životní_prostředí,senzacnost,Ne
1.20._Heslem_Nic_než_národ_„bojují“_za_životní_prostředí,soukromy_zivot,Ne
1.20._Heslem_Nic_než_národ_„bojují“_za_životní_prostředí,validace,Ne
1.20._Heslem_Nic_než_národ_„bojují“_za_životní_prostředí,vzdelavani,Ne
1.21._Jak_„naučit“_děti_číst,dopad,Ne
1.21._Jak_„naučit“_děti_číst,dotazy,Ne
1.21._Jak_„naučit“_děti_číst,emoce,Ne
1.21._Jak_„naučit“_děti_číst,hard_news,Ne
1.21._Jak_„naučit“_děti_číst,informace,Ne
1.21._Jak_„naučit“_děti_číst,kontext,Ne
1.21._Jak_„naučit“_děti_číst,kriterium,vyhovující
1.21._Jak_„naučit“_děti_číst,lokalni_dopad,Ne
1.21._Jak_„naučit“_děti_číst,morbidnost,Ne
1.21._Jak_„naučit“_děti_číst,obtezujici_okolnosti,Ne
1.21._Jak_„naučit“_děti_číst,odstavce,8
1.21._Jak_„naučit“_děti_číst,personalizace,Ne
1.21._Jak_„naučit“_děti_číst,podpora,Ne
1.21._Jak_„naučit“_děti_číst,politicka_zprava,Ne
1.21._Jak_„naučit“_děti_číst,pozadavky,Ne
1.21._Jak_„naučit“_děti_číst,problemy,Ne
1.21._Jak_„naučit“_děti_číst,rady,Ano
1.21._Jak_„naučit“_děti_číst,reakce,Ne
1.21._Jak_„naučit“_děti_číst,senzacnost,Ne
1.21._Jak_„naučit“_děti_číst,soukromy_zivot,Ne
1.21._Jak_„naučit“_děti_číst,validace,Ne
1.21._Jak_„naučit“_děti_číst,vzdelavani,Ne
1.22._Co_říkáte_zkouškám?,kriterium,nezpravodajský
1.23._Velikonoce_budou_slunečné,kriterium,vyhovující
1.24._Schwarzenberg_k_odsunu:_bylo_to_vyhnání,citace_a_parafraze,Ano
1.24._Schwarzenberg_k_odsunu:_bylo_to_vyhnání,dopad,Ne
1.24._Schwarzenberg_k_odsunu:_bylo_to_vyhnání,dotazy,Ne
1.24._Schwarzenberg_k_odsunu:_bylo_to_vyhnání,emoce,Ne
1.24._Schwarzenberg_k_odsunu:_bylo_to_vyhnání,fakta_a_nazory,Ano
1.24._Schwarzenberg_k_odsunu:_bylo_to_vyhnání,funkce,interpretace
1.24._Schwarzenberg_k_odsunu:_bylo_to_vyhnání,hard_news,Ne
1.24._Schwarzenberg_k_odsunu:_bylo_to_vyhnání,informace,Ne
1.24._Schwarzenberg_k_odsunu:_bylo_to_vyhnání,konflikt,Ne
1.24._Schwarzenberg_k_odsunu:_bylo_to_vyhnání,kontext,Ne
1.24._Schwarzenberg_k_odsunu:_bylo_to_vyhnání,kriterium,vyhovující
1.24._Schwarzenberg_k_odsunu:_bylo_to_vyhnání,lokalni_dopad,Ne
1.24._Schwarzenberg_k_odsunu:_bylo_to_vyhnání,morbidnost,Ne
1.24._Schwarzenberg_k_odsunu:_bylo_to_vyhnání,negativni_vyzneni,Ne
1.24._Schwarzenberg_k_odsunu:_bylo_to_vyhnání,nekompetence,Ne
1.24._Schwarzenberg_k_odsunu:_bylo_to_vyhnání,obtezujici_okolnosti,Ne
1.24._Schwarzenberg_k_odsunu:_bylo_to_vyhnání,odborny_zdroj,Ne
1.24._Schwarzenberg_k_odsunu:_bylo_to_vyhnání,odstavce,15
1.24._Schwarzenberg_k_odsunu:_bylo_to_vyhnání,personalizace,Ne
1.24._Schwarzenberg_k_odsunu:_bylo_to_vyhnání,podpora,Ne
1.24._Schwarzenberg_k_odsunu:_bylo_to_vyhnání,politicka_zprava,Ano
1.24._Schwarzenberg_k_odsunu:_bylo_to_vyhnání,pozadavky,Ne
1.24._Schwarzenberg_k_odsunu:_bylo_to_vyhnání,problemy,Ne
1.24._Schwarzenberg_k_odsunu:_bylo_to_vyhnání,protichudna_hlediska,Ano
1.24._Schwarzenberg_k_odsunu:_bylo_to_vyhnání,pyramida,Ano
1.24._Schwarzenberg_k_odsunu:_bylo_to_vyhnání,rady,Ne
1.24._Schwarzenberg_k_odsunu:_bylo_to_vyhnání,reakce,Ne
1.24._Schwarzenberg_k_odsunu:_bylo_to_vyhnání,senzacnost,Ne
1.24._Schwarzenberg_k_odsunu:_bylo_to_vyhnání,skandal,Ne
1.24._Schwarzenberg_k_odsunu:_bylo_to_vyhnání,soukromy_ramec,Ne
1.24._Schwarzenberg_k_odsunu:_bylo_to_vyhnání,soukromy_zivot,Ne
1.24._Schwarzenberg_k_odsunu:_bylo_to_vyhnání,strategicke,Ne
1.24._Schwarzenberg_k_odsunu:_bylo_to_vyhnání,validace,Ne
1.24._Schwarzenberg_k_odsunu:_bylo_to_vyhnání,vecne,Ne
1.24._Schwarzenberg_k_odsunu:_bylo_to_vyhnání,vyvazenost,různé úhly pohledu
1.24._Schwarzenberg_k_odsunu:_bylo_to_vyhnání,vzdelavani,Ne
1.25._Zelení_už_mají_Čunka_dost,citace_a_parafraze,Ano
1.25._Zelení_už_mají_Čunka_dost,dopad,Ne
1.25._Zelení_už_mají_Čunka_dost,dotazy,Ne
1.25._Zelení_už_mají_Čunka_dost,emoce,Ne
1.25._Zelení_už_mají_Čunka_dost,fakta_a_nazory,Ano
1.25._Zelení_už_mají_Čunka_dost,funkce,kontextuální informace
1.25._Zelení_už_mají_Čunka_dost,hard_news,Ano
1.25._Zelení_už_mají_Čunka_dost,informace,Ne
1.25._Zelení_už_mají_Čunka_dost,konflikt,Ano
1.25._Zelení_už_mají_Čunka_dost,kontext,Ne
1.25._Zelení_už_mají_Čunka_dost,kriterium,vyhovující
1.25._Zelení_už_mají_Čunka_dost,lokalni_dopad,Ne
1.25._Zelení_už_mají_Čunka_dost,morbidnost,Ne
1.25._Zelení_už_mají_Čunka_dost,negativni_vyzneni,Ne
1.25._Zelení_už_mají_Čunka_dost,nekompetence,Ne
1.25._Zelení_už_mají_Čunka_dost,obtezujici_okolnosti,Ne
1.25._Zelení_už_mají_Čunka_dost,odborny_zdroj,Ne
1.25._Zelení_už_mají_Čunka_dost,odstavce,21
1.25._Zelení_už_mají_Čunka_dost,personalizace,Ne
1.25._Zelení_už_mají_Čunka_dost,podpora,Ne
1.25._Zelení_už_mají_Čunka_dost,politicka_zprava,Ano
1.25._Zelení_už_mají_Čunka_dost,pozadavky,Ne
1.25._Zelení_už_mají_Čunka_dost,problemy,Ne
1.25._Zelení_už_mají_Čunka_dost,protichudna_hlediska,Ano
1.25._Zelení_už_mají_Čunka_dost,pyramida,Ano
1.25._Zelení_už_mají_Čunka_dost,rady,Ne
1.25._Zelení_už_mají_Čunka_dost,reakce,Ano
1.25._Zelení_už_mají_Čunka_dost,senzacnost,Ne
1.25._Zelení_už_mají_Čunka_dost,skandal,Ano
1.25._Zelení_už_mají_Čunka_dost,soukromy_ramec,Ne
1.25._Zelení_už_mají_Čunka_dost,soukromy_zivot,Ne
1.25._Zelení_už_mají_Čunka_dost,strategicke,Ne
1.25._Zelení_už_mají_Čunka_dost,validace,Ne
1.25._Zelení_už_mají_Čunka_dost,vecne,Ne
1.25._Zelení_už_mají_Čunka_dost,vyvazenost,různé úhly pohledu
1.25._Zelení_už_mají_Čunka_dost,vzdelavani,Ne
1.26._Zeman_byl_u_zrodu_nové_strany_Jany_Volfové,citace_a_parafraze,Ano
1.26._Zeman_byl_u_zrodu_nové_strany_Jany_Volfové,dopad,Ne
1.26._Zeman_byl_u_zrodu_nové_strany_Jany_Volfové,dotazy,Ne
1.26._Zeman_byl_u_zrodu_nové_strany_Jany_Volfové,emoce,Ne
1.26._Zeman_byl_u_zrodu_nové_strany_Jany_Volfové,fakta_a_nazory,Ano
1.26._Zeman_byl_u_zrodu_nové_strany_Jany_Volfové,funkce,aktuálních fakta a události
1.26._Zeman_byl_u_zrodu_nové_strany_Jany_Volfové,hard_news,Ne
1.26._Zeman_byl_u_zrodu_nové_strany_Jany_Volfové,informace,Ne
1.26._Zeman_byl_u_zrodu_nové_strany_Jany_Volfové,konflikt,Ne
1.26._Zeman_byl_u_zrodu_nové_strany_Jany_Volfové,kontext,Ano
1.26._Zeman_byl_u_zrodu_nové_strany_Jany_Volfové,kriterium,vyhovující
1.26._Zeman_byl_u_zrodu_nové_strany_Jany_Volfové,lokalni_dopad,Ne
1.26._Zeman_byl_u_zrodu_nové_strany_Jany_Volfové,morbidnost,Ne
1.26._Zeman_byl_u_zrodu_nové_strany_Jany_Volfové,negativni_vyzneni,Ne
1.26._Zeman_byl_u_zrodu_nové_strany_Jany_Volfové,nekompetence,Ne
1.26._Zeman_byl_u_zrodu_nové_strany_Jany_Volfové,obtezujici_okolnosti,Ne
1.26._Zeman_byl_u_zrodu_nové_strany_Jany_Volfové,odborny_zdroj,Ne
1.26._Zeman_byl_u_zrodu_nové_strany_Jany_Volfové,odstavce,10
1.26._Zeman_byl_u_zrodu_nové_strany_Jany_Volfové,personalizace,Ne
1.26._Zeman_byl_u_zrodu_nové_strany_Jany_Volfové,podpora,Ne
1.26._Zeman_byl_u_zrodu_nové_strany_Jany_Volfové,politicka_zprava,Ano
1.26._Zeman_byl_u_zrodu_nové_strany_Jany_Volfové,pozadavky,Ne
1.26._Zeman_byl_u_zrodu_nové_strany_Jany_Volfové,problemy,Ne
1.26._Zeman_byl_u_zrodu_nové_strany_Jany_Volfové,protichudna_hlediska,Ano
1.26._Zeman_byl_u_zrodu_nové_strany_Jany_Volfové,pyramida,Ano
1.26._Zeman_byl_u_zrodu_nové_strany_Jany_Volfové,rady,Ne
1.26._Zeman_byl_u_zrodu_nové_strany_Jany_Volfové,reakce,Ne
1.26._Zeman_byl_u_zrodu_nové_strany_Jany_Volfové,senzacnost,Ne
1.26._Zeman_byl_u_zrodu_nové_strany_Jany_Volfové,skandal,Ne
1.26._Zeman_byl_u_zrodu_nové_strany_Jany_Volfové,soukromy_ramec,Ne
1.26._Zeman_byl_u_zrodu_nové_strany_Jany_Volfové,soukromy_zivot,Ne
1.26._Zeman_byl_u_zrodu_nové_strany_Jany_Volfové,strategicke,Ano
1.26._Zeman_byl_u_zrodu_nové_strany_Jany_Volfové,validace,Ne
1.26._Zeman_byl_u_zrodu_nové_strany_Jany_Volfové,vecne,Ne
1.26._Zeman_byl_u_zrodu_nové_strany_Jany_Volfové,vyvazenost,různé úhly pohledu
1.26._Zeman_byl_u_zrodu_nové_strany_Jany_Volfové,vzdelavani,Ne
1.27._V_obcích_uspěli_opět_nezávislí,kriterium,vyhovující
1.28._ODS_podpořila_Klause_na_Hrad,citace_a_parafraze,Ano
1.28._ODS_podpořila_Klause_na_Hrad,dopad,Ne
1.28._ODS_podpořila_Klause_na_Hrad,dotazy,Ne
1.28._ODS_podpořila_Klause_na_Hrad,emoce,Ne
1.28._ODS_podpořila_Klause_na_Hrad,fakta_a_nazory,Ano
1.28._ODS_podpořila_Klause_na_Hrad,funkce,kontextuální informace
1.28._ODS_podpořila_Klause_na_Hrad,hard_news,Ano
1.28._ODS_podpořila_Klause_na_Hrad,informace,Ne
1.28._ODS_podpořila_Klause_na_Hrad,konflikt,Ano
1.28._ODS_podpořila_Klause_na_Hrad,kontext,Ano
1.28._ODS_podpořila_Klause_na_Hrad,kriterium,vyhovující
1.28._ODS_podpořila_Klause_na_Hrad,lokalni_dopad,Ano
1.28._ODS_podpořila_Klause_na_Hrad,morbidnost,Ne
1.28._ODS_podpořila_Klause_na_Hrad,negativni_vyzneni,Ne
1.28._ODS_podpořila_Klause_na_Hrad,nekompetence,Ne
1.28._ODS_podpořila_Klause_na_Hrad,obtezujici_okolnosti,Ne
1.28._ODS_podpořila_Klause_na_Hrad,odborny_zdroj,Ne
1.28._ODS_podpořila_Klause_na_Hrad,odstavce,15
1.28._ODS_podpořila_Klause_na_Hrad,personalizace,Ne
1.28._ODS_podpořila_Klause_na_Hrad,podpora,Ne
1.28._ODS_podpořila_Klause_na_Hrad,politicka_zprava,Ano
1.28._ODS_podpořila_Klause_na_Hrad,pozadavky,Ne
1.28._ODS_podpořila_Klause_na_Hrad,problemy,Ne
1.28._ODS_podpořila_Klause_na_Hrad,protichudna_hlediska,Ano
1.28._ODS_podpořila_Klause_na_Hrad,pyramida,Ne
1.28._ODS_podpořila_Klause_na_Hrad,rady,Ne
1.28._ODS_podpořila_Klause_na_Hrad,reakce,Ne
1.28._ODS_podpořila_Klause_na_Hrad,senzacnost,Ne
1.28._ODS_podpořila_Klause_na_Hrad,skandal,Ne
1.28._ODS_podpořila_Klause_na_Hrad,soukromy_ramec,Ne
1.28._ODS_podpořila_Klause_na_Hrad,soukromy_zivot,Ne
1.28._ODS_podpořila_Klause_na_Hrad,strategicke,Ano
1.28._ODS_podpořila_Klause_na_Hrad,validace,Ne
1.28._ODS_podpořila_Klause_na_Hrad,vecne,Ne
1.28._ODS_podpořila_Klause_na_Hrad,vyvazenost,různé úhly pohledu
1.28._ODS_podpořila_Klause_na_Hrad,vzdelavani,Ne
1.29._Dnes_je_poslední_den_na_přiznání_a_zaplacení_daně,dopad,Ne
1.29._Dnes_je_poslední_den_na_přiznání_a_zaplacení_daně,dotazy,Ne
1.29._Dnes_je_poslední_den_na_přiznání_a_zaplacení_daně,emoce,Ne
1.29._Dnes_je_poslední_den_na_přiznání_a_zaplacení_daně,hard_news,Ne
1.29._Dnes_je_poslední_den_na_přiznání_a_zaplacení_daně,informace,Ne
1.29._Dnes_je_poslední_den_na_přiznání_a_zaplacení_daně,kontext,Ne
1.29._Dnes_je_poslední_den_na_přiznání_a_zaplacení_daně,kriterium,vyhovující
1.29._Dnes_je_poslední_den_na_přiznání_a_zaplacení_daně,lokalni_dopad,Ne
1.29._Dnes_je_poslední_den_na_přiznání_a_zaplacení_daně,morbidnost,Ne
1.29._Dnes_je_poslední_den_na_přiznání_a_zaplacení_daně,obtezujici_okolnosti,Ne
1.29._Dnes_je_poslední_den_na_přiznání_a_zaplacení_daně,odstavce,5
1.29._Dnes_je_poslední_den_na_přiznání_a_zaplacení_daně,personalizace,Ne
1.29._Dnes_je_poslední_den_na_přiznání_a_zaplacení_daně,podpora,Ne
1.29._Dnes_je_poslední_den_na_přiznání_a_zaplacení_daně,politicka_zprava,Ne
1.29._Dnes_je_poslední_den_na_přiznání_a_zaplacení_daně,pozadavky,Ne
1.29._Dnes_je_poslední_den_na_přiznání_a_zaplacení_daně,problemy,Ne
1.29._Dnes_je_poslední_den_na_přiznání_a_zaplacení_daně,rady,Ano
1.29._Dnes_je_poslední_den_na_přiznání_a_zaplacení_daně,reakce,Ne
1.29._Dnes_je_poslední_den_na_přiznání_a_zaplacení_daně,senzacnost,Ne
1.29._Dnes_je_poslední_den_na_přiznání_a_zaplacení_daně,soukromy_zivot,Ne
1.29._Dnes_je_poslední_den_na_přiznání_a_zaplacení_daně,validace,Ne
1.29._Dnes_je_poslední_den_na_přiznání_a_zaplacení_daně,vzdelavani,Ano
1.3._Test_MF_DNES:_Přijímačky_jsou_těžké_i_pro_dospělé,dopad,Ne
1.3._Test_MF_DNES:_Přijímačky_jsou_těžké_i_pro_dospělé,dotazy,Ne
1.3._Test_MF_DNES:_Přijímačky_jsou_těžké_i_pro_dospělé,emoce,Ne
1.3._Test_MF_DNES:_Přijímačky_jsou_těžké_i_pro_dospělé,hard_news,Ne
1.3._Test_MF_DNES:_Přijímačky_jsou_těžké_i_pro_dospělé,informace,Ne
1.3._Test_MF_DNES:_Přijímačky_jsou_těžké_i_pro_dospělé,kontext,Ne
1.3._Test_MF_DNES:_Přijímačky_jsou_těžké_i_pro_dospělé,kriterium,vyhovující
1.3._Test_MF_DNES:_Přijímačky_jsou_těžké_i_pro_dospělé,lokalni_dopad,Ne
1.3._Test_MF_DNES:_Přijímačky_jsou_těžké_i_pro_dospělé,morbidnost,Ne
1.3._Test_MF_DNES:_Přijímačky_jsou_těžké_i_pro_dospělé,obtezujici_okolnosti,Ne
1.3._Test_MF_DNES:_Přijímačky_jsou_těžké_i_pro_dospělé,odstavce,6
1.3._Test_MF_DNES:_Přijímačky_jsou_těžké_i_pro_dospělé,personalizace,Ne
1.3._Test_MF_DNES:_Přijímačky_jsou_těžké_i_pro_dospělé,podpora,Ne
1.3._Test_MF_DNES:_Přijímačky_jsou_těžké_i_pro_dospělé,politicka_zprava,Ne
1.3._Test_MF_DNES:_Přijímačky_jsou_těžké_i_pro_dospělé,pozadavky,Ne
1.3._Test_MF_DNES:_Přijímačky_jsou_těžké_i_pro_dospělé,problemy,Ne
1.3._Test_MF_DNES:_Přijímačky_jsou_těžké_i_pro_dospělé,rady,Ne
1.3._Test_MF_DNES:_Přijímačky_jsou_těžké_i_pro_dospělé,reakce,Ne
1.3._Test_MF_DNES:_Přijímačky_jsou_těžké_i_pro_dospělé,senzacnost,Ne
1.3._Test_MF_DNES:_Přijímačky_jsou_těžké_i_pro_dospělé,soukromy_zivot,Ne
1.3._Test_MF_DNES:_Přijímačky_jsou_těžké_i_pro_dospělé,validace,Ne
1.3._Test_MF_DNES:_Přijímačky_jsou_těžké_i_pro_dospělé,vzdelavani,Ne
1.30._Spadl_ze_skály,dopad,Ne
1.30._Spadl_ze_skály,dotazy,Ne
1.30._Spadl_ze_skály,emoce,Ne
1.30._Spadl_ze_skály,hard_news,Ne
1.30._Spadl_ze_skály,informace,Ne
1.30._Spadl_ze_skály,kontext,Ne
1.30._Spadl_ze_skály,kriterium,vyhovující
1.30._Spadl_ze_skály,lokalni_dopad,Ne
1.30._Spadl_ze_skály,morbidnost,Ne
1.30._Spadl_ze_skály,obtezujici_okolnosti,Ne
1.30._Spadl_ze_skály,odstavce,2
1.30._Spadl_ze_skály,personalizace,Ne
1.30._Spadl_ze_skály,podpora,Ne
1.30._Spadl_ze_skály,politicka_zprava,Ne
1.30._Spadl_ze_skály,pozadavky,Ne
1.30._Spadl_ze_skály,problemy,Ne
1.30._Spadl_ze_skály,rady,Ne
1.30._Spadl_ze_skály,reakce,Ne
1.30._Spadl_ze_skály,senzacnost,Ne
1.30._Spadl_ze_skály,soukromy_zivot,Ne
1.30._Spadl_ze_skály,validace,Ne
1.30._Spadl_ze_skály,vzdelavani,Ne
1.31._Akcie_ČEZ_jsou_opět_nad_940_Kč,dopad,Ne
1.31._Akcie_ČEZ_jsou_opět_nad_940_Kč,dotazy,Ne
1.31._Akcie_ČEZ_jsou_opět_nad_940_Kč,emoce,Ne
1.31._Akcie_ČEZ_jsou_opět_nad_940_Kč,hard_news,Ne
1.31._Akcie_ČEZ_jsou_opět_nad_940_Kč,informace,Ne
1.31._Akcie_ČEZ_jsou_opět_nad_940_Kč,kontext,Ne
1.31._Akcie_ČEZ_jsou_opět_nad_940_Kč,kriterium,vyhovující
1.31._Akcie_ČEZ_jsou_opět_nad_940_Kč,lokalni_dopad,Ne
1.31._Akcie_ČEZ_jsou_opět_nad_940_Kč,morbidnost,Ne
1.31._Akcie_ČEZ_jsou_opět_nad_940_Kč,obtezujici_okolnosti,Ne
1.31._Akcie_ČEZ_jsou_opět_nad_940_Kč,odstavce,6
1.31._Akcie_ČEZ_jsou_opět_nad_940_Kč,personalizace,Ne
1.31._Akcie_ČEZ_jsou_opět_nad_940_Kč,podpora,Ne
1.31._Akcie_ČEZ_jsou_opět_nad_940_Kč,politicka_zprava,Ne
1.31._Akcie_ČEZ_jsou_opět_nad_940_Kč,pozadavky,Ne
1.31._Akcie_ČEZ_jsou_opět_nad_940_Kč,problemy,Ne
1.31._Akcie_ČEZ_jsou_opět_nad_940_Kč,rady,Ano
1.31._Akcie_ČEZ_jsou_opět_nad_940_Kč,reakce,Ne
1.31._Akcie_ČEZ_jsou_opět_nad_940_Kč,senzacnost,Ne
1.31._Akcie_ČEZ_jsou_opět_nad_940_Kč,soukromy_zivot,Ne
1.31._Akcie_ČEZ_jsou_opět_nad_940_Kč,validace,Ne
1.31._Akcie_ČEZ_jsou_opět_nad_940_Kč,vzdelavani,Ne
1.32._Mladistvý_hrozil_mačetou,kriterium,vyhovující
1.33._Viník_nehody_ujel,kriterium,krátký
1.34._Policejní_prezident_by_mohl_mít_časově_omezené_funkční_období,citace_a_parafraze,Ano
1.34._Policejní_prezident_by_mohl_mít_časově_omezené_funkční_období,dopad,Ne
1.34._Policejní_prezident_by_mohl_mít_časově_omezené_funkční_období,dotazy,Ne
1.34._Policejní_prezident_by_mohl_mít_časově_omezené_funkční_období,emoce,Ne
1.34._Policejní_prezident_by_mohl_mít_časově_omezené_funkční_období,fakta_a_nazory,Ano
1.34._Policejní_prezident_by_mohl_mít_časově_omezené_funkční_období,funkce,aktuálních fakta a události
1.34._Policejní_prezident_by_mohl_mít_časově_omezené_funkční_období,hard_news,Ne
1.34._Policejní_prezident_by_mohl_mít_časově_omezené_funkční_období,informace,Ne
1.34._Policejní_prezident_by_mohl_mít_časově_omezené_funkční_období,konflikt,Ne
1.34._Policejní_prezident_by_mohl_mít_časově_omezené_funkční_období,kontext,Ne
1.34._Policejní_prezident_by_mohl_mít_časově_omezené_funkční_období,kriterium,vyhovující
1.34._Policejní_prezident_by_mohl_mít_časově_omezené_funkční_období,lokalni_dopad,Ne
1.34._Policejní_prezident_by_mohl_mít_časově_omezené_funkční_období,morbidnost,Ne
1.34._Policejní_prezident_by_mohl_mít_časově_omezené_funkční_období,negativni_vyzneni,Ne
1.34._Policejní_prezident_by_mohl_mít_časově_omezené_funkční_období,nekompetence,Ne
1.34._Policejní_prezident_by_mohl_mít_časově_omezené_funkční_období,obtezujici_okolnosti,Ne
1.34._Policejní_prezident_by_mohl_mít_časově_omezené_funkční_období,odborny_zdroj,Ne
1.34._Policejní_prezident_by_mohl_mít_časově_omezené_funkční_období,odstavce,7
1.34._Policejní_prezident_by_mohl_mít_časově_omezené_funkční_období,personalizace,Ne
1.34._Policejní_prezident_by_mohl_mít_časově_omezené_funkční_období,podpora,Ne
1.34._Policejní_prezident_by_mohl_mít_časově_omezené_funkční_období,politicka_zprava,Ano
1.34._Policejní_prezident_by_mohl_mít_časově_omezené_funkční_období,pozadavky,Ne
1.34._Policejní_prezident_by_mohl_mít_časově_omezené_funkční_období,problemy,Ne
1.34._Policejní_prezident_by_mohl_mít_časově_omezené_funkční_období,protichudna_hlediska,Ne
1.34._Policejní_prezident_by_mohl_mít_časově_omezené_funkční_období,pyramida,Ano
1.34._Policejní_prezident_by_mohl_mít_časově_omezené_funkční_období,rady,Ne
1.34._Policejní_prezident_by_mohl_mít_časově_omezené_funkční_období,reakce,Ne
1.34._Policejní_prezident_by_mohl_mít_časově_omezené_funkční_období,senzacnost,Ne
1.34._Policejní_prezident_by_mohl_mít_časově_omezené_funkční_období,skandal,Ne
1.34._Policejní_prezident_by_mohl_mít_časově_omezené_funkční_období,soukromy_ramec,Ne
1.34._Policejní_prezident_by_mohl_mít_časově_omezené_funkční_období,soukromy_zivot,Ne
1.34._Policejní_prezident_by_mohl_mít_časově_omezené_funkční_období,strategicke,Ne
1.34._Policejní_prezident_by_mohl_mít_časově_omezené_funkční_období,validace,Ne
1.34._Policejní_prezident_by_mohl_mít_časově_omezené_funkční_období,vecne,Ano
1.34._Policejní_prezident_by_mohl_mít_časově_omezené_funkční_období,vyvazenost,různé úhly pohledu
1.34._Policejní_prezident_by_mohl_mít_časově_omezené_funkční_období,vzdelavani,Ne
1.35._ČSSD_viní_Langra_z_ovlivňování_kauzy_Kubice,citace_a_parafraze,Ano
1.35._ČSSD_viní_Langra_z_ovlivňování_kauzy_Kubice,dopad,Ne
1.35._ČSSD_viní_Langra_z_ovlivňování_kauzy_Kubice,dotazy,Ne
1.35._ČSSD_viní_Langra_z_ovlivňování_kauzy_Kubice,emoce,Ne
1.35._ČSSD_viní_Langra_z_ovlivňování_kauzy_Kubice,fakta_a_nazory,Ano
1.35._ČSSD_viní_Langra_z_ovlivňování_kauzy_Kubice,funkce,aktuálních fakta a události
1.35._ČSSD_viní_Langra_z_ovlivňování_kauzy_Kubice,hard_news,Ano
1.35._ČSSD_viní_Langra_z_ovlivňování_kauzy_Kubice,informace,Ne
1.35._ČSSD_viní_Langra_z_ovlivňování_kauzy_Kubice,konflikt,Ano
1.35._ČSSD_viní_Langra_z_ovlivňování_kauzy_Kubice,kontext,Ne
1.35._ČSSD_viní_Langra_z_ovlivňování_kauzy_Kubice,kriterium,vyhovující
1.35._ČSSD_viní_Langra_z_ovlivňování_kauzy_Kubice,lokalni_dopad,Ne
1.35._ČSSD_viní_Langra_z_ovlivňování_kauzy_Kubice,morbidnost,Ne
1.35._ČSSD_viní_Langra_z_ovlivňování_kauzy_Kubice,negativni_vyzneni,Ne
1.35._ČSSD_viní_Langra_z_ovlivňování_kauzy_Kubice,nekompetence,Ne
1.35._ČSSD_viní_Langra_z_ovlivňování_kauzy_Kubice,obtezujici_okolnosti,Ne
1.35._ČSSD_viní_Langra_z_ovlivňování_kauzy_Kubice,odborny_zdroj,Ne
1.35._ČSSD_viní_Langra_z_ovlivňování_kauzy_Kubice,odstavce,6
1.35._ČSSD_viní_Langra_z_ovlivňování_kauzy_Kubice,personalizace,Ne
1.35._ČSSD_viní_Langra_z_ovlivňování_kauzy_Kubice,podpora,Ne
1.35._ČSSD_viní_Langra_z_ovlivňování_kauzy_Kubice,politicka_zprava,Ano
1.35._ČSSD_viní_Langra_z_ovlivňování_kauzy_Kubice,pozadavky,Ne
1.35._ČSSD_viní_Langra_z_ovlivňování_kauzy_Kubice,problemy,Ne
1.35._ČSSD_viní_Langra_z_ovlivňování_kauzy_Kubice,protichudna_hlediska,Ano
1.35._ČSSD_viní_Langra_z_ovlivňování_kauzy_Kubice,pyramida,Ano
1.35._ČSSD_viní_Langra_z_ovlivňování_kauzy_Kubice,rady,Ne
1.35._ČSSD_viní_Langra_z_ovlivňování_kauzy_Kubice,reakce,Ne
1.35._ČSSD_viní_Langra_z_ovlivňování_kauzy_Kubice,senzacnost,Ne
1.35._ČSSD_viní_Langra_z_ovlivňování_kauzy_Kubice,skandal,Ne
1.35._ČSSD_viní_Langra_z_ovlivňování_kauzy_Kubice,soukromy_ramec,Ne
1.35._ČSSD_viní_Langra_z_ovlivňování_kauzy_Kubice,soukromy_zivot,Ne
1.35._ČSSD_viní_Langra_z_ovlivňování_kauzy_Kubice,strategicke,Ne
1.35._ČSSD_viní_Langra_z_ovlivňování_kauzy_Kubice,validace,Ne
1.35._ČSSD_viní_Langra_z_ovlivňování_kauzy_Kubice,vecne,Ne
1.35._ČSSD_viní_Langra_z_ovlivňování_kauzy_Kubice,vyvazenost,různé úhly pohledu
1.35._ČSSD_viní_Langra_z_ovlivňování_kauzy_Kubice,vzdelavani,Ne
1.36._Transparency_Int._prý_nevrátila_část_půjčky,dopad,Ne
1.36._Transparency_Int._prý_nevrátila_část_půjčky,dotazy,Ne
1.36._Transparency_Int._prý_nevrátila_část_půjčky,emoce,Ne
1.36._Transparency_Int._prý_nevrátila_část_půjčky,hard_news,Ne
1.36._Transparency_Int._prý_nevrátila_část_půjčky,informace,Ne
1.36._Transparency_Int._prý_nevrátila_část_půjčky,kontext,Ne
1.36._Transparency_Int._prý_nevrátila_část_půjčky,kriterium,vyhovující
1.36._Transparency_Int._prý_nevrátila_část_půjčky,lokalni_dopad,Ne
1.36._Transparency_Int._prý_nevrátila_část_půjčky,morbidnost,Ne
1.36._Transparency_Int._prý_nevrátila_část_půjčky,obtezujici_okolnosti,Ne
1.36._Transparency_Int._prý_nevrátila_část_půjčky,odstavce,2
1.36._Transparency_Int._prý_nevrátila_část_půjčky,personalizace,Ne
1.36._Transparency_Int._prý_nevrátila_část_půjčky,podpora,Ne
1.36._Transparency_Int._prý_nevrátila_část_půjčky,politicka_zprava,Ne
1.36._Transparency_Int._prý_nevrátila_část_půjčky,pozadavky,Ne
1.36._Transparency_Int._prý_nevrátila_část_půjčky,problemy,Ne
1.36._Transparency_Int._prý_nevrátila_část_půjčky,rady,Ne
1.36._Transparency_Int._prý_nevrátila_část_půjčky,reakce,Ne
1.36._Transparency_Int._prý_nevrátila_část_půjčky,senzacnost,Ne
1.36._Transparency_Int._prý_nevrátila_část_půjčky,soukromy_zivot,Ne
1.36._Transparency_Int._prý_nevrátila_část_půjčky,validace,Ne
1.36._Transparency_Int._prý_nevrátila_část_půjčky,vzdelavani,Ne
"1.37._Když_poslanci_neumějí_cizí_jazyky,_stojí_to_milióny_korun",citace_a_parafraze,Ano
"1.37._Když_poslanci_neumějí_cizí_jazyky,_stojí_to_milióny_korun",dopad,Ne
"1.37._Když_poslanci_neumějí_cizí_jazyky,_stojí_to_milióny_korun",dotazy,Ne
"1.37._Když_poslanci_neumějí_cizí_jazyky,_stojí_to_milióny_korun",emoce,Ne
"1.37._Když_poslanci_neumějí_cizí_jazyky,_stojí_to_milióny_korun",fakta_a_nazory,Ano
"1.37._Když_poslanci_neumějí_cizí_jazyky,_stojí_to_milióny_korun",funkce,interpretace
"1.37._Když_poslanci_neumějí_cizí_jazyky,_stojí_to_milióny_korun",hard_news,Ne
"1.37._Když_poslanci_neumějí_cizí_jazyky,_stojí_to_milióny_korun",informace,Ne
"1.37._Když_poslanci_neumějí_cizí_jazyky,_stojí_to_milióny_korun",konflikt,Ne
"1.37._Když_poslanci_neumějí_cizí_jazyky,_stojí_to_milióny_korun",kontext,Ano
"1.37._Když_poslanci_neumějí_cizí_jazyky,_stojí_to_milióny_korun",kriterium,vyhovující
"1.37._Když_poslanci_neumějí_cizí_jazyky,_stojí_to_milióny_korun",lokalni_dopad,Ne
"1.37._Když_poslanci_neumějí_cizí_jazyky,_stojí_to_milióny_korun",morbidnost,Ne
"1.37._Když_poslanci_neumějí_cizí_jazyky,_stojí_to_milióny_korun",negativni_vyzneni,Ne
"1.37._Když_poslanci_neumějí_cizí_jazyky,_stojí_to_milióny_korun",nekompetence,Ne
"1.37._Když_poslanci_neumějí_cizí_jazyky,_stojí_to_milióny_korun",obtezujici_okolnosti,Ne
"1.37._Když_poslanci_neumějí_cizí_jazyky,_stojí_to_milióny_korun",odborny_zdroj,Ne
"1.37._Když_poslanci_neumějí_cizí_jazyky,_stojí_to_milióny_korun",odstavce,24
"1.37._Když_poslanci_neumějí_cizí_jazyky,_stojí_to_milióny_korun",personalizace,Ne
"1.37._Když_poslanci_neumějí_cizí_jazyky,_stojí_to_milióny_korun",podpora,Ne
"1.37._Když_poslanci_neumějí_cizí_jazyky,_stojí_to_milióny_korun",politicka_zprava,Ano
"1.37._Když_poslanci_neumějí_cizí_jazyky,_stojí_to_milióny_korun",pozadavky,Ne
"1.37._Když_poslanci_neumějí_cizí_jazyky,_stojí_to_milióny_korun",problemy,Ne
"1.37._Když_poslanci_neumějí_cizí_jazyky,_stojí_to_milióny_korun",protichudna_hlediska,Ano
"1.37._Když_poslanci_neumějí_cizí_jazyky,_stojí_to_milióny_korun",pyramida,Ano
"1.37._Když_poslanci_neumějí_cizí_jazyky,_stojí_to_milióny_korun",rady,Ne
"1.37._Když_poslanci_neumějí_cizí_jazyky,_stojí_to_milióny_korun",reakce,Ne
"1.37._Když_poslanci_neumějí_cizí_jazyky,_stojí_to_milióny_korun",senzacnost,Ne
"1.37._Když_poslanci_neumějí_cizí_jazyky,_stojí_to_milióny_korun",skandal,Ne
"1.37._Když_poslanci_neumějí_cizí_jazyky,_stojí_to_milióny_korun",soukromy_ramec,Ne
"1.37._Když_poslanci_neumějí_cizí_jazyky,_stojí_to_milióny_korun",soukromy_zivot,Ano
"1.37._Když_poslanci_neumějí_cizí_jazyky,_stojí_to_milióny_korun",strategicke,Ne
"1.37._Když_poslanci_neumějí_cizí_jazyky,_stojí_to_milióny_korun",validace,Ne
"1.37._Když_poslanci_neumějí_cizí_jazyky,_stojí_to_milióny_korun",vecne,Ne
"1.37._Když_poslanci_neumějí_cizí_jazyky,_stojí_to_milióny_korun",vyvazenost,různé úhly pohledu
"1.37._Když_poslanci_neumějí_cizí_jazyky,_stojí_to_milióny_korun",vzdelavani,Ne
1.38._Kurzy_ČNB_od_30._3._2007,kriterium,nezpravodajský
1.39._Rodiče_osmiměsíční_dívky_čelí_obvinění_z_týrání,dopad,Ne
1.39._Rodiče_osmiměsíční_dívky_čelí_obvinění_z_týrání,dotazy,Ne
1.39._Rodiče_osmiměsíční_dívky_čelí_obvinění_z_týrání,emoce,Ne
1.39._Rodiče_osmiměsíční_dívky_čelí_obvinění_z_týrání,hard_news,Ne
1.39._Rodiče_osmiměsíční_dívky_čelí_obvinění_z_týrání,informace,Ne
1.39._Rodiče_osmiměsíční_dívky_čelí_obvinění_z_týrání,kontext,Ne
1.39._Rodiče_osmiměsíční_dívky_čelí_obvinění_z_týrání,kriterium,vyhovující
1.39._Rodiče_osmiměsíční_dívky_čelí_obvinění_z_týrání,lokalni_dopad,Ne
1.39._Rodiče_osmiměsíční_dívky_čelí_obvinění_z_týrání,morbidnost,Ano
1.39._Rodiče_osmiměsíční_dívky_čelí_obvinění_z_týrání,obtezujici_okolnosti,Ne
1.39._Rodiče_osmiměsíční_dívky_čelí_obvinění_z_týrání,odstavce,5
1.39._Rodiče_osmiměsíční_dívky_čelí_obvinění_z_týrání,personalizace,Ano
1.39._Rodiče_osmiměsíční_dívky_čelí_obvinění_z_týrání,podpora,Ne
1.39._Rodiče_osmiměsíční_dívky_čelí_obvinění_z_týrání,politicka_zprava,Ne
1.39._Rodiče_osmiměsíční_dívky_čelí_obvinění_z_týrání,pozadavky,Ne
1.39._Rodiče_osmiměsíční_dívky_čelí_obvinění_z_týrání,problemy,Ne
1.39._Rodiče_osmiměsíční_dívky_čelí_obvinění_z_týrání,rady,Ne
1.39._Rodiče_osmiměsíční_dívky_čelí_obvinění_z_týrání,reakce,Ne
1.39._Rodiče_osmiměsíční_dívky_čelí_obvinění_z_týrání,senzacnost,Ne
1.39._Rodiče_osmiměsíční_dívky_čelí_obvinění_z_týrání,soukromy_zivot,Ano
1.39._Rodiče_osmiměsíční_dívky_čelí_obvinění_z_týrání,validace,Ne
1.39._Rodiče_osmiměsíční_dívky_čelí_obvinění_z_týrání,vzdelavani,Ne
1.4._Sledují_každý_náš_krok,dotazy,Ne
1.4._Sledují_každý_náš_krok,emoce,Ne
1.4._Sledují_každý_náš_krok,hard_news,Ne
1.4._Sledují_každý_náš_krok,informace,Ne
1.4._Sledují_každý_náš_krok,kontext,Ne
1.4._Sledují_každý_náš_krok,kriterium,vyhovující
1.4._Sledují_každý_náš_krok,lokalni_dopad,Ne
1.4._Sledují_každý_náš_krok,morbidnost,Ne
1.4._Sledují_každý_náš_krok,obtezujici_okolnosti,Ne
1.4._Sledují_každý_náš_krok,odstavce,9
1.4._Sledují_každý_náš_krok,personalizace,Ne
1.4._Sledují_každý_náš_krok,podpora,Ne
1.4._Sledují_každý_náš_krok,politicka_zprava,Ne
1.4._Sledují_každý_náš_krok,pozadavky,Ne
1.4._Sledují_každý_náš_krok,problemy,Ne
1.4._Sledují_každý_náš_krok,rady,Ne
1.4._Sledují_každý_náš_krok,reakce,Ne
1.4._Sledují_každý_náš_krok,senzacnost,Ne
1.4._Sledují_každý_náš_krok,soukromy_zivot,Ne
1.4._Sledují_každý_náš_krok,validace,Ne
1.4._Sledují_každý_náš_krok,vzdelavani,Ne
1.40._Mladí_farmáři_mají_vydělat,kriterium,vyhovující
1.41._Vodáci_odemkli_Lužnici,kriterium,krátký
1.42._Dětské_oběti_vypovídají_ve_speciální_místnosti,dopad,Ne
1.42._Dětské_oběti_vypovídají_ve_speciální_místnosti,dotazy,Ne
1.42._Dětské_oběti_vypovídají_ve_speciální_místnosti,emoce,Ne
1.42._Dětské_oběti_vypovídají_ve_speciální_místnosti,hard_news,Ne
1.42._Dětské_oběti_vypovídají_ve_speciální_místnosti,informace,Ne
1.42._Dětské_oběti_vypovídají_ve_speciální_místnosti,kontext,Ne
1.42._Dětské_oběti_vypovídají_ve_speciální_místnosti,kriterium,vyhovující
1.42._Dětské_oběti_vypovídají_ve_speciální_místnosti,lokalni_dopad,Ano
1.42._Dětské_oběti_vypovídají_ve_speciální_místnosti,morbidnost,Ne
1.42._Dětské_oběti_vypovídají_ve_speciální_místnosti,obtezujici_okolnosti,Ne
1.42._Dětské_oběti_vypovídají_ve_speciální_místnosti,odstavce,8
1.42._Dětské_oběti_vypovídají_ve_speciální_místnosti,personalizace,Ne
1.42._Dětské_oběti_vypovídají_ve_speciální_místnosti,podpora,Ne
1.42._Dětské_oběti_vypovídají_ve_speciální_místnosti,politicka_zprava,Ne
1.42._Dětské_oběti_vypovídají_ve_speciální_místnosti,pozadavky,Ne
1.42._Dětské_oběti_vypovídají_ve_speciální_místnosti,problemy,Ne
1.42._Dětské_oběti_vypovídají_ve_speciální_místnosti,rady,Ne
1.42._Dětské_oběti_vypovídají_ve_speciální_místnosti,reakce,Ne
1.42._Dětské_oběti_vypovídají_ve_speciální_místnosti,senzacnost,Ne
1.42._Dětské_oběti_vypovídají_ve_speciální_místnosti,soukromy_zivot,Ne
1.42._Dětské_oběti_vypovídají_ve_speciální_místnosti,validace,Ne
1.42._Dětské_oběti_vypovídají_ve_speciální_místnosti,vzdelavani,Ne
1.43._Hrady_a_zámky_otevřely_brány_návštěvníkům,dopad,Ne
1.43._Hrady_a_zámky_otevřely_brány_návštěvníkům,dotazy,Ne
1.43._Hrady_a_zámky_otevřely_brány_návštěvníkům,emoce,Ne
1.43._Hrady_a_zámky_otevřely_brány_návštěvníkům,hard_news,Ne
1.43._Hrady_a_zámky_otevřely_brány_návštěvníkům,informace,Ne
1.43._Hrady_a_zámky_otevřely_brány_návštěvníkům,kontext,Ne
1.43._Hrady_a_zámky_otevřely_brány_návštěvníkům,kriterium,vyhovující
1.43._Hrady_a_zámky_otevřely_brány_návštěvníkům,lokalni_dopad,Ano
1.43._Hrady_a_zámky_otevřely_brány_návštěvníkům,morbidnost,Ne
1.43._Hrady_a_zámky_otevřely_brány_návštěvníkům,obtezujici_okolnosti,Ne
1.43._Hrady_a_zámky_otevřely_brány_návštěvníkům,odstavce,9
1.43._Hrady_a_zámky_otevřely_brány_návštěvníkům,personalizace,Ne
1.43._Hrady_a_zámky_otevřely_brány_návštěvníkům,podpora,Ne
1.43._Hrady_a_zámky_otevřely_brány_návštěvníkům,politicka_zprava,Ne
1.43._Hrady_a_zámky_otevřely_brány_návštěvníkům,pozadavky,Ne
1.43._Hrady_a_zámky_otevřely_brány_návštěvníkům,problemy,Ne
1.43._Hrady_a_zámky_otevřely_brány_návštěvníkům,rady,Ne
1.43._Hrady_a_zámky_otevřely_brány_návštěvníkům,reakce,Ne
1.43._Hrady_a_zámky_otevřely_brány_návštěvníkům,senzacnost,Ne
1.43._Hrady_a_zámky_otevřely_brány_návštěvníkům,soukromy_zivot,Ne
1.43._Hrady_a_zámky_otevřely_brány_návštěvníkům,validace,Ne
1.43._Hrady_a_zámky_otevřely_brány_návštěvníkům,vzdelavani,Ne
"1.44._ČNB_v_loňském_roce_skončila_ve_ztrátě_56,4_miliardy_korun",kriterium,vyhovující
1.45._Špatná_strava_a_málo_pohybu_zvyšuje_riziko_infarktu_33krát,dopad,Ne
1.45._Špatná_strava_a_málo_pohybu_zvyšuje_riziko_infarktu_33krát,dotazy,Ne
1.45._Špatná_strava_a_málo_pohybu_zvyšuje_riziko_infarktu_33krát,emoce,Ne
1.45._Špatná_strava_a_málo_pohybu_zvyšuje_riziko_infarktu_33krát,hard_news,Ne
1.45._Špatná_strava_a_málo_pohybu_zvyšuje_riziko_infarktu_33krát,informace,Ne
1.45._Špatná_strava_a_málo_pohybu_zvyšuje_riziko_infarktu_33krát,kontext,Ne
1.45._Špatná_strava_a_málo_pohybu_zvyšuje_riziko_infarktu_33krát,kriterium,vyhovující
1.45._Špatná_strava_a_málo_pohybu_zvyšuje_riziko_infarktu_33krát,lokalni_dopad,Ne
1.45._Špatná_strava_a_málo_pohybu_zvyšuje_riziko_infarktu_33krát,morbidnost,Ne
1.45._Špatná_strava_a_málo_pohybu_zvyšuje_riziko_infarktu_33krát,obtezujici_okolnosti,Ne
1.45._Špatná_strava_a_málo_pohybu_zvyšuje_riziko_infarktu_33krát,odstavce,11
1.45._Špatná_strava_a_málo_pohybu_zvyšuje_riziko_infarktu_33krát,personalizace,Ne
1.45._Špatná_strava_a_málo_pohybu_zvyšuje_riziko_infarktu_33krát,podpora,Ne
1.45._Špatná_strava_a_málo_pohybu_zvyšuje_riziko_infarktu_33krát,politicka_zprava,Ne
1.45._Špatná_strava_a_málo_pohybu_zvyšuje_riziko_infarktu_33krát,pozadavky,Ne
1.45._Špatná_strava_a_málo_pohybu_zvyšuje_riziko_infarktu_33krát,problemy,Ne
1.45._Špatná_strava_a_málo_pohybu_zvyšuje_riziko_infarktu_33krát,rady,Ne
1.45._Špatná_strava_a_málo_pohybu_zvyšuje_riziko_infarktu_33krát,reakce,Ne
1.45._Špatná_strava_a_málo_pohybu_zvyšuje_riziko_infarktu_33krát,senzacnost,Ne
1.45._Špatná_strava_a_málo_pohybu_zvyšuje_riziko_infarktu_33krát,soukromy_zivot,Ne
1.45._Špatná_strava_a_málo_pohybu_zvyšuje_riziko_infarktu_33krát,validace,Ne
1.45._Špatná_strava_a_málo_pohybu_zvyšuje_riziko_infarktu_33krát,vzdelavani,Ne
1.46._Co_říkají_ke_spolupráci_ODS_a_KSČM,kriterium,vyhovující
1.47._Opilci_napadali_policisty,dopad,Ne
1.47._Opilci_napadali_policisty,dotazy,Ne
1.47._Opilci_napadali_policisty,emoce,Ne
1.47._Opilci_napadali_policisty,hard_news,Ne
1.47._Opilci_napadali_policisty,informace,Ne
1.47._Opilci_napadali_policisty,kontext,Ne
1.47._Opilci_napadali_policisty,kriterium,vyhovující
1.47._Opilci_napadali_policisty,lokalni_dopad,Ne
1.47._Opilci_napadali_policisty,morbidnost,Ne
1.47._Opilci_napadali_policisty,obtezujici_okolnosti,Ne
1.47._Opilci_napadali_policisty,odstavce,5
1.47._Opilci_napadali_policisty,personalizace,Ne
1.47._Opilci_napadali_policisty,podpora,Ne
1.47._Opilci_napadali_policisty,politicka_zprava,Ne
1.47._Opilci_napadali_policisty,pozadavky,Ne
1.47._Opilci_napadali_policisty,problemy,Ne
1.47._Opilci_napadali_policisty,rady,Ne
1.47._Opilci_napadali_policisty,reakce,Ne
1.47._Opilci_napadali_policisty,senzacnost,Ne
1.47._Opilci_napadali_policisty,soukromy_zivot,Ne
1.47._Opilci_napadali_policisty,validace,Ne
1.47._Opilci_napadali_policisty,vzdelavani,Ne
1.48._Dceru_matce_vrátil_až_za_policejní_asistence,dopad,Ne
1.48._Dceru_matce_vrátil_až_za_policejní_asistence,dotazy,Ne
1.48._Dceru_matce_vrátil_až_za_policejní_asistence,emoce,Ne
1.48._Dceru_matce_vrátil_až_za_policejní_asistence,hard_news,Ne
1.48._Dceru_matce_vrátil_až_za_policejní_asistence,informace,Ne
1.48._Dceru_matce_vrátil_až_za_policejní_asistence,kontext,Ne
1.48._Dceru_matce_vrátil_až_za_policejní_asistence,kriterium,vyhovující
1.48._Dceru_matce_vrátil_až_za_policejní_asistence,lokalni_dopad,Ne
1.48._Dceru_matce_vrátil_až_za_policejní_asistence,morbidnost,Ne
1.48._Dceru_matce_vrátil_až_za_policejní_asistence,obtezujici_okolnosti,Ne
1.48._Dceru_matce_vrátil_až_za_policejní_asistence,odstavce,3
1.48._Dceru_matce_vrátil_až_za_policejní_asistence,personalizace,Ne
1.48._Dceru_matce_vrátil_až_za_policejní_asistence,podpora,Ne
1.48._Dceru_matce_vrátil_až_za_policejní_asistence,politicka_zprava,Ne
1.48._Dceru_matce_vrátil_až_za_policejní_asistence,pozadavky,Ne
1.48._Dceru_matce_vrátil_až_za_policejní_asistence,problemy,Ne
1.48._Dceru_matce_vrátil_až_za_policejní_asistence,rady,Ne
1.48._Dceru_matce_vrátil_až_za_policejní_asistence,reakce,Ne
1.48._Dceru_matce_vrátil_až_za_policejní_asistence,senzacnost,Ne
1.48._Dceru_matce_vrátil_až_za_policejní_asistence,soukromy_zivot,Ne
1.48._Dceru_matce_vrátil_až_za_policejní_asistence,validace,Ne
1.48._Dceru_matce_vrátil_až_za_policejní_asistence,vzdelavani,Ne
1.49._Pacienti_mají_znát_vše_důležité,citace_a_parafraze,Ano
1.49._Pacienti_mají_znát_vše_důležité,dopad,Ano
1.49._Pacienti_mají_znát_vše_důležité,dotazy,Ne
1.49._Pacienti_mají_znát_vše_důležité,emoce,Ne
1.49._Pacienti_mají_znát_vše_důležité,fakta_a_nazory,Ano
1.49._Pacienti_mají_znát_vše_důležité,funkce,aktuálních fakta a události
1.49._Pacienti_mají_znát_vše_důležité,hard_news,Ne
1.49._Pacienti_mají_znát_vše_důležité,informace,Ne
1.49._Pacienti_mají_znát_vše_důležité,konflikt,Ne
1.49._Pacienti_mají_znát_vše_důležité,kontext,Ne
1.49._Pacienti_mají_znát_vše_důležité,kriterium,vyhovující
1.49._Pacienti_mají_znát_vše_důležité,lokalni_dopad,Ne
1.49._Pacienti_mají_znát_vše_důležité,morbidnost,Ne
1.49._Pacienti_mají_znát_vše_důležité,negativni_vyzneni,Ne
1.49._Pacienti_mají_znát_vše_důležité,nekompetence,Ne
1.49._Pacienti_mají_znát_vše_důležité,obtezujici_okolnosti,Ne
1.49._Pacienti_mají_znát_vše_důležité,odborny_zdroj,Ne
1.49._Pacienti_mají_znát_vše_důležité,odstavce,6
1.49._Pacienti_mají_znát_vše_důležité,personalizace,Ne
1.49._Pacienti_mají_znát_vše_důležité,podpora,Ne
1.49._Pacienti_mají_znát_vše_důležité,politicka_zprava,Ano
1.49._Pacienti_mají_znát_vše_důležité,pozadavky,Ne
1.49._Pacienti_mají_znát_vše_důležité,problemy,Ne
1.49._Pacienti_mají_znát_vše_důležité,protichudna_hlediska,Ne
1.49._Pacienti_mají_znát_vše_důležité,pyramida,Ano
1.49._Pacienti_mají_znát_vše_důležité,rady,Ne
1.49._Pacienti_mají_znát_vše_důležité,reakce,Ne
1.49._Pacienti_mají_znát_vše_důležité,senzacnost,Ne
1.49._Pacienti_mají_znát_vše_důležité,skandal,Ne
1.49._Pacienti_mají_znát_vše_důležité,soukromy_ramec,Ne
1.49._Pacienti_mají_znát_vše_důležité,soukromy_zivot,Ne
1.49._Pacienti_mají_znát_vše_důležité,strategicke,Ne
1.49._Pacienti_mají_znát_vše_důležité,validace,Ne
1.49._Pacienti_mají_znát_vše_důležité,vecne,Ano
1.49._Pacienti_mají_znát_vše_důležité,vyvazenost,jednostrannost
1.49._Pacienti_mají_znát_vše_důležité,vzdelavani,Ne
1.5._Vedení_ODS:_Zvolte_Klause_opět_prezidentem,citace_a_parafraze,Ano
1.5._Vedení_ODS:_Zvolte_Klause_opět_prezidentem,dopad,Ne
1.5._Vedení_ODS:_Zvolte_Klause_opět_prezidentem,dotazy,Ne
1.5._Vedení_ODS:_Zvolte_Klause_opět_prezidentem,emoce,Ne
1.5._Vedení_ODS:_Zvolte_Klause_opět_prezidentem,fakta_a_nazory,Ano
1.5._Vedení_ODS:_Zvolte_Klause_opět_prezidentem,funkce,interpretace
1.5._Vedení_ODS:_Zvolte_Klause_opět_prezidentem,hard_news,Ano
1.5._Vedení_ODS:_Zvolte_Klause_opět_prezidentem,informace,Ne
1.5._Vedení_ODS:_Zvolte_Klause_opět_prezidentem,konflikt,Ano
1.5._Vedení_ODS:_Zvolte_Klause_opět_prezidentem,kontext,Ano
1.5._Vedení_ODS:_Zvolte_Klause_opět_prezidentem,kriterium,vyhovující
1.5._Vedení_ODS:_Zvolte_Klause_opět_prezidentem,lokalni_dopad,Ne
1.5._Vedení_ODS:_Zvolte_Klause_opět_prezidentem,morbidnost,Ne
1.5._Vedení_ODS:_Zvolte_Klause_opět_prezidentem,negativni_vyzneni,Ne
1.5._Vedení_ODS:_Zvolte_Klause_opět_prezidentem,nekompetence,Ne
1.5._Vedení_ODS:_Zvolte_Klause_opět_prezidentem,obtezujici_okolnosti,Ne
1.5._Vedení_ODS:_Zvolte_Klause_opět_prezidentem,odborny_zdroj,Ne
1.5._Vedení_ODS:_Zvolte_Klause_opět_prezidentem,odstavce,7
1.5._Vedení_ODS:_Zvolte_Klause_opět_prezidentem,personalizace,Ne
1.5._Vedení_ODS:_Zvolte_Klause_opět_prezidentem,podpora,Ne
1.5._Vedení_ODS:_Zvolte_Klause_opět_prezidentem,politicka_zprava,Ano
1.5._Vedení_ODS:_Zvolte_Klause_opět_prezidentem,pozadavky,Ne
1.5._Vedení_ODS:_Zvolte_Klause_opět_prezidentem,problemy,Ne
1.5._Vedení_ODS:_Zvolte_Klause_opět_prezidentem,protichudna_hlediska,Ano
1.5._Vedení_ODS:_Zvolte_Klause_opět_prezidentem,pyramida,Ano
1.5._Vedení_ODS:_Zvolte_Klause_opět_prezidentem,rady,Ne
1.5._Vedení_ODS:_Zvolte_Klause_opět_prezidentem,reakce,Ne
1.5._Vedení_ODS:_Zvolte_Klause_opět_prezidentem,senzacnost,Ne
1.5._Vedení_ODS:_Zvolte_Klause_opět_prezidentem,skandal,Ne
1.5._Vedení_ODS:_Zvolte_Klause_opět_prezidentem,soukromy_ramec,Ne
1.5._Vedení_ODS:_Zvolte_Klause_opět_prezidentem,soukromy_zivot,Ne
1.5._Vedení_ODS:_Zvolte_Klause_opět_prezidentem,strategicke,Ne
1.5._Vedení_ODS:_Zvolte_Klause_opět_prezidentem,validace,Ne
1.5._Vedení_ODS:_Zvolte_Klause_opět_prezidentem,vecne,Ne
1.5._Vedení_ODS:_Zvolte_Klause_opět_prezidentem,vyvazenost,různé úhly pohledu
1.5._Vedení_ODS:_Zvolte_Klause_opět_prezidentem,vzdelavani,Ne
1.50._Najel_na_strážníka,kriterium,krátký
1.51._Sklepy_se_změnily_v_turistické_korzo,dopad,Ne
1.51._Sklepy_se_změnily_v_turistické_korzo,dotazy,Ne
1.51._Sklepy_se_změnily_v_turistické_korzo,emoce,Ne
1.51._Sklepy_se_změnily_v_turistické_korzo,hard_news,Ne
1.51._Sklepy_se_změnily_v_turistické_korzo,informace,Ano
1.51._Sklepy_se_změnily_v_turistické_korzo,kontext,Ne
1.51._Sklepy_se_změnily_v_turistické_korzo,kriterium,vyhovující
1.51._Sklepy_se_změnily_v_turistické_korzo,lokalni_dopad,Ne
1.51._Sklepy_se_změnily_v_turistické_korzo,morbidnost,Ne
1.51._Sklepy_se_změnily_v_turistické_korzo,obtezujici_okolnosti,Ne
1.51._Sklepy_se_změnily_v_turistické_korzo,odstavce,8
1.51._Sklepy_se_změnily_v_turistické_korzo,personalizace,Ne
1.51._Sklepy_se_změnily_v_turistické_korzo,podpora,Ano
1.51._Sklepy_se_změnily_v_turistické_korzo,politicka_zprava,Ne
1.51._Sklepy_se_změnily_v_turistické_korzo,pozadavky,Ne
1.51._Sklepy_se_změnily_v_turistické_korzo,problemy,Ne
1.51._Sklepy_se_změnily_v_turistické_korzo,rady,Ne
1.51._Sklepy_se_změnily_v_turistické_korzo,reakce,Ano
1.51._Sklepy_se_změnily_v_turistické_korzo,senzacnost,Ne
1.51._Sklepy_se_změnily_v_turistické_korzo,soukromy_zivot,Ne
1.51._Sklepy_se_změnily_v_turistické_korzo,validace,Ne
1.51._Sklepy_se_změnily_v_turistické_korzo,vzdelavani,Ne
1.52._Čunek_chce_výpověď_z_bytu_bez_důvodu_delší_než_dva_roky,kriterium,vyhovující
1.53._Říman:_o_žalobě_na_EK_kvůli_emisím_rozhodne_analýza,kriterium,vyhovující
1.54._Topolánek_už_s_vulgarismy_narazil_i_u_manželky_Pavly,citace_a_parafraze,Ano
1.54._Topolánek_už_s_vulgarismy_narazil_i_u_manželky_Pavly,dopad,Ne
1.54._Topolánek_už_s_vulgarismy_narazil_i_u_manželky_Pavly,dotazy,Ne
1.54._Topolánek_už_s_vulgarismy_narazil_i_u_manželky_Pavly,emoce,Ne
1.54._Topolánek_už_s_vulgarismy_narazil_i_u_manželky_Pavly,fakta_a_nazory,Ano
1.54._Topolánek_už_s_vulgarismy_narazil_i_u_manželky_Pavly,funkce,interpretace
1.54._Topolánek_už_s_vulgarismy_narazil_i_u_manželky_Pavly,hard_news,Ne
1.54._Topolánek_už_s_vulgarismy_narazil_i_u_manželky_Pavly,informace,Ne
1.54._Topolánek_už_s_vulgarismy_narazil_i_u_manželky_Pavly,konflikt,Ne
1.54._Topolánek_už_s_vulgarismy_narazil_i_u_manželky_Pavly,kontext,Ano
1.54._Topolánek_už_s_vulgarismy_narazil_i_u_manželky_Pavly,kriterium,vyhovující
1.54._Topolánek_už_s_vulgarismy_narazil_i_u_manželky_Pavly,lokalni_dopad,Ne
1.54._Topolánek_už_s_vulgarismy_narazil_i_u_manželky_Pavly,morbidnost,Ne
1.54._Topolánek_už_s_vulgarismy_narazil_i_u_manželky_Pavly,negativni_vyzneni,Ne
1.54._Topolánek_už_s_vulgarismy_narazil_i_u_manželky_Pavly,nekompetence,Ano
1.54._Topolánek_už_s_vulgarismy_narazil_i_u_manželky_Pavly,obtezujici_okolnosti,Ne
1.54._Topolánek_už_s_vulgarismy_narazil_i_u_manželky_Pavly,odborny_zdroj,Ne
1.54._Topolánek_už_s_vulgarismy_narazil_i_u_manželky_Pavly,odstavce,5
1.54._Topolánek_už_s_vulgarismy_narazil_i_u_manželky_Pavly,personalizace,Ano
1.54._Topolánek_už_s_vulgarismy_narazil_i_u_manželky_Pavly,podpora,Ne
1.54._Topolánek_už_s_vulgarismy_narazil_i_u_manželky_Pavly,politicka_zprava,Ano
1.54._Topolánek_už_s_vulgarismy_narazil_i_u_manželky_Pavly,pozadavky,Ne
1.54._Topolánek_už_s_vulgarismy_narazil_i_u_manželky_Pavly,problemy,Ne
1.54._Topolánek_už_s_vulgarismy_narazil_i_u_manželky_Pavly,protichudna_hlediska,Ano
1.54._Topolánek_už_s_vulgarismy_narazil_i_u_manželky_Pavly,pyramida,Ano
1.54._Topolánek_už_s_vulgarismy_narazil_i_u_manželky_Pavly,rady,Ne
1.54._Topolánek_už_s_vulgarismy_narazil_i_u_manželky_Pavly,reakce,Ne
1.54._Topolánek_už_s_vulgarismy_narazil_i_u_manželky_Pavly,senzacnost,Ano
1.54._Topolánek_už_s_vulgarismy_narazil_i_u_manželky_Pavly,skandal,Ne
1.54._Topolánek_už_s_vulgarismy_narazil_i_u_manželky_Pavly,soukromy_ramec,Ne
1.54._Topolánek_už_s_vulgarismy_narazil_i_u_manželky_Pavly,soukromy_zivot,Ano
1.54._Topolánek_už_s_vulgarismy_narazil_i_u_manželky_Pavly,strategicke,Ne
1.54._Topolánek_už_s_vulgarismy_narazil_i_u_manželky_Pavly,validace,Ne
1.54._Topolánek_už_s_vulgarismy_narazil_i_u_manželky_Pavly,vecne,Ne
1.54._Topolánek_už_s_vulgarismy_narazil_i_u_manželky_Pavly,vyvazenost,různé úhly pohledu
1.54._Topolánek_už_s_vulgarismy_narazil_i_u_manželky_Pavly,vzdelavani,Ne
1.55._Vyšetřování_prověrek_v_NBÚ_policie_odložila,kriterium,krátký
1.56._Češi_a_Němci_o_nacionalismu_a_strachu,citace_a_parafraze,Ano
1.56._Češi_a_Němci_o_nacionalismu_a_strachu,dopad,Ne
1.56._Češi_a_Němci_o_nacionalismu_a_strachu,dotazy,Ne
1.56._Češi_a_Němci_o_nacionalismu_a_strachu,emoce,Ne
1.56._Češi_a_Němci_o_nacionalismu_a_strachu,fakta_a_nazory,Ano
1.56._Češi_a_Němci_o_nacionalismu_a_strachu,funkce,kontextuální informace
1.56._Češi_a_Němci_o_nacionalismu_a_strachu,hard_news,Ne
1.56._Češi_a_Němci_o_nacionalismu_a_strachu,informace,Ne
1.56._Češi_a_Němci_o_nacionalismu_a_strachu,konflikt,Ne
1.56._Češi_a_Němci_o_nacionalismu_a_strachu,kontext,Ne
1.56._Češi_a_Němci_o_nacionalismu_a_strachu,kriterium,vyhovující
1.56._Češi_a_Němci_o_nacionalismu_a_strachu,lokalni_dopad,Ne
1.56._Češi_a_Němci_o_nacionalismu_a_strachu,morbidnost,Ne
1.56._Češi_a_Němci_o_nacionalismu_a_strachu,negativni_vyzneni,Ano
1.56._Češi_a_Němci_o_nacionalismu_a_strachu,nekompetence,Ne
1.56._Češi_a_Němci_o_nacionalismu_a_strachu,obtezujici_okolnosti,Ne
1.56._Češi_a_Němci_o_nacionalismu_a_strachu,odborny_zdroj,Ano
1.56._Češi_a_Němci_o_nacionalismu_a_strachu,odstavce,6
1.56._Češi_a_Němci_o_nacionalismu_a_strachu,personalizace,Ne
1.56._Češi_a_Němci_o_nacionalismu_a_strachu,podpora,Ne
1.56._Češi_a_Němci_o_nacionalismu_a_strachu,politicka_zprava,Ano
1.56._Češi_a_Němci_o_nacionalismu_a_strachu,pozadavky,Ne
1.56._Češi_a_Němci_o_nacionalismu_a_strachu,problemy,Ne
1.56._Češi_a_Němci_o_nacionalismu_a_strachu,protichudna_hlediska,Ne
1.56._Češi_a_Němci_o_nacionalismu_a_strachu,pyramida,Ano
1.56._Češi_a_Němci_o_nacionalismu_a_strachu,rady,Ne
1.56._Češi_a_Němci_o_nacionalismu_a_strachu,reakce,Ne
1.56._Češi_a_Němci_o_nacionalismu_a_strachu,senzacnost,Ne
1.56._Češi_a_Němci_o_nacionalismu_a_strachu,skandal,Ne
1.56._Češi_a_Němci_o_nacionalismu_a_strachu,soukromy_ramec,Ne
1.56._Češi_a_Němci_o_nacionalismu_a_strachu,soukromy_zivot,Ne
1.56._Češi_a_Němci_o_nacionalismu_a_strachu,strategicke,Ne
1.56._Češi_a_Němci_o_nacionalismu_a_strachu,validace,Ne
1.56._Češi_a_Němci_o_nacionalismu_a_strachu,vecne,Ne
1.56._Češi_a_Němci_o_nacionalismu_a_strachu,vyvazenost,různé úhly pohledu
1.56._Češi_a_Němci_o_nacionalismu_a_strachu,vzdelavani,Ne
1.57._Policisté_zatýkali_podle_manuálu,dopad,Ne
1.57._Policisté_zatýkali_podle_manuálu,dotazy,Ne
1.57._Policisté_zatýkali_podle_manuálu,emoce,Ne
1.57._Policisté_zatýkali_podle_manuálu,hard_news,Ne
1.57._Policisté_zatýkali_podle_manuálu,informace,Ne
1.57._Policisté_zatýkali_podle_manuálu,kontext,Ne
1.57._Policisté_zatýkali_podle_manuálu,kriterium,vyhovující
1.57._Policisté_zatýkali_podle_manuálu,lokalni_dopad,Ne
1.57._Policisté_zatýkali_podle_manuálu,morbidnost,Ne
1.57._Policisté_zatýkali_podle_manuálu,obtezujici_okolnosti,Ne
1.57._Policisté_zatýkali_podle_manuálu,odstavce,3
1.57._Policisté_zatýkali_podle_manuálu,personalizace,Ne
1.57._Policisté_zatýkali_podle_manuálu,podpora,Ne
1.57._Policisté_zatýkali_podle_manuálu,politicka_zprava,Ne
1.57._Policisté_zatýkali_podle_manuálu,pozadavky,Ne
1.57._Policisté_zatýkali_podle_manuálu,problemy,Ne
1.57._Policisté_zatýkali_podle_manuálu,rady,Ne
1.57._Policisté_zatýkali_podle_manuálu,reakce,Ne
1.57._Policisté_zatýkali_podle_manuálu,senzacnost,Ne
1.57._Policisté_zatýkali_podle_manuálu,soukromy_zivot,Ne
1.57._Policisté_zatýkali_podle_manuálu,validace,Ne
1.57._Policisté_zatýkali_podle_manuálu,vzdelavani,Ne
"1.58._Buď_Čunek,_nebo_my,_navrhovala_část_zelených",citace_a_parafraze,Ano
"1.58._Buď_Čunek,_nebo_my,_navrhovala_část_zelených",dopad,Ne
"1.58._Buď_Čunek,_nebo_my,_navrhovala_část_zelených",dotazy,Ne
"1.58._Buď_Čunek,_nebo_my,_navrhovala_část_zelených",emoce,Ne
"1.58._Buď_Čunek,_nebo_my,_navrhovala_část_zelených",fakta_a_nazory,Ano
"1.58._Buď_Čunek,_nebo_my,_navrhovala_část_zelených",funkce,aktuálních fakta a události
"1.58._Buď_Čunek,_nebo_my,_navrhovala_část_zelených",hard_news,Ano
"1.58._Buď_Čunek,_nebo_my,_navrhovala_část_zelených",informace,Ne
"1.58._Buď_Čunek,_nebo_my,_navrhovala_část_zelených",konflikt,Ne
"1.58._Buď_Čunek,_nebo_my,_navrhovala_část_zelených",kontext,Ne
"1.58._Buď_Čunek,_nebo_my,_navrhovala_část_zelených",kriterium,vyhovující
"1.58._Buď_Čunek,_nebo_my,_navrhovala_část_zelených",lokalni_dopad,Ne
"1.58._Buď_Čunek,_nebo_my,_navrhovala_část_zelených",morbidnost,Ne
"1.58._Buď_Čunek,_nebo_my,_navrhovala_část_zelených",negativni_vyzneni,Ne
"1.58._Buď_Čunek,_nebo_my,_navrhovala_část_zelených",nekompetence,Ano
"1.58._Buď_Čunek,_nebo_my,_navrhovala_část_zelených",obtezujici_okolnosti,Ne
"1.58._Buď_Čunek,_nebo_my,_navrhovala_část_zelených",odborny_zdroj,Ne
"1.58._Buď_Čunek,_nebo_my,_navrhovala_část_zelených",odstavce,12
"1.58._Buď_Čunek,_nebo_my,_navrhovala_část_zelených",personalizace,Ne
"1.58._Buď_Čunek,_nebo_my,_navrhovala_část_zelených",podpora,Ne
"1.58._Buď_Čunek,_nebo_my,_navrhovala_část_zelených",politicka_zprava,Ano
"1.58._Buď_Čunek,_nebo_my,_navrhovala_část_zelených",pozadavky,Ne
"1.58._Buď_Čunek,_nebo_my,_navrhovala_část_zelených",problemy,Ne
"1.58._Buď_Čunek,_nebo_my,_navrhovala_část_zelených",protichudna_hlediska,Ano
"1.58._Buď_Čunek,_nebo_my,_navrhovala_část_zelených",pyramida,Ano
"1.58._Buď_Čunek,_nebo_my,_navrhovala_část_zelených",rady,Ne
"1.58._Buď_Čunek,_nebo_my,_navrhovala_část_zelených",reakce,Ne
"1.58._Buď_Čunek,_nebo_my,_navrhovala_část_zelených",senzacnost,Ne
"1.58._Buď_Čunek,_nebo_my,_navrhovala_část_zelených",skandal,Ano
"1.58._Buď_Čunek,_nebo_my,_navrhovala_část_zelených",soukromy_ramec,Ne
"1.58._Buď_Čunek,_nebo_my,_navrhovala_část_zelených",soukromy_zivot,Ne
"1.58._Buď_Čunek,_nebo_my,_navrhovala_část_zelených",strategicke,Ano
"1.58._Buď_Čunek,_nebo_my,_navrhovala_část_zelených",validace,Ne
"1.58._Buď_Čunek,_nebo_my,_navrhovala_část_zelených",vecne,Ne
"1.58._Buď_Čunek,_nebo_my,_navrhovala_část_zelených",vyvazenost,různé úhly pohledu
"1.58._Buď_Čunek,_nebo_my,_navrhovala_část_zelených",vzdelavani,Ne
1.59._Zákoník_práce_dopadl_i_na_hrady,citace_a_parafraze,Ano
1.59._Zákoník_práce_dopadl_i_na_hrady,dopad,Ne
1.59._Zákoník_práce_dopadl_i_na_hrady,dotazy,Ne
1.59._Zákoník_práce_dopadl_i_na_hrady,emoce,Ne
1.59._Zákoník_práce_dopadl_i_na_hrady,fakta_a_nazory,Ano
1.59._Zákoník_práce_dopadl_i_na_hrady,funkce,aktuálních fakta a události
1.59._Zákoník_práce_dopadl_i_na_hrady,hard_news,Ne
1.59._Zákoník_práce_dopadl_i_na_hrady,informace,Ne
1.59._Zákoník_práce_dopadl_i_na_hrady,konflikt,Ne
1.59._Zákoník_práce_dopadl_i_na_hrady,kontext,Ne
1.59._Zákoník_práce_dopadl_i_na_hrady,kriterium,vyhovující
1.59._Zákoník_práce_dopadl_i_na_hrady,lokalni_dopad,Ne
1.59._Zákoník_práce_dopadl_i_na_hrady,morbidnost,Ne
1.59._Zákoník_práce_dopadl_i_na_hrady,negativni_vyzneni,Ne
1.59._Zákoník_práce_dopadl_i_na_hrady,nekompetence,Ne
1.59._Zákoník_práce_dopadl_i_na_hrady,obtezujici_okolnosti,Ne
1.59._Zákoník_práce_dopadl_i_na_hrady,odborny_zdroj,Ano
1.59._Zákoník_práce_dopadl_i_na_hrady,odstavce,3
1.59._Zákoník_práce_dopadl_i_na_hrady,personalizace,Ne
1.59._Zákoník_práce_dopadl_i_na_hrady,podpora,Ne
1.59._Zákoník_práce_dopadl_i_na_hrady,politicka_zprava,Ano
1.59._Zákoník_práce_dopadl_i_na_hrady,pozadavky,Ne
1.59._Zákoník_práce_dopadl_i_na_hrady,problemy,Ne
1.59._Zákoník_práce_dopadl_i_na_hrady,protichudna_hlediska,Ne
1.59._Zákoník_práce_dopadl_i_na_hrady,pyramida,Ano
1.59._Zákoník_práce_dopadl_i_na_hrady,rady,Ne
1.59._Zákoník_práce_dopadl_i_na_hrady,reakce,Ne
1.59._Zákoník_práce_dopadl_i_na_hrady,senzacnost,Ne
1.59._Zákoník_práce_dopadl_i_na_hrady,skandal,Ne
1.59._Zákoník_práce_dopadl_i_na_hrady,soukromy_ramec,Ne
1.59._Zákoník_práce_dopadl_i_na_hrady,soukromy_zivot,Ne
1.59._Zákoník_práce_dopadl_i_na_hrady,strategicke,Ne
1.59._Zákoník_práce_dopadl_i_na_hrady,validace,Ne
1.59._Zákoník_práce_dopadl_i_na_hrady,vecne,Ano
1.59._Zákoník_práce_dopadl_i_na_hrady,vyvazenost,jednostrannost
1.59._Zákoník_práce_dopadl_i_na_hrady,vzdelavani,Ano
"1.6._Květinko,_hýčkal_Zeman_Volfovou",citace_a_parafraze,Ano
"1.6._Květinko,_hýčkal_Zeman_Volfovou",dopad,Ne
"1.6._Květinko,_hýčkal_Zeman_Volfovou",dotazy,Ne
"1.6._Květinko,_hýčkal_Zeman_Volfovou",fakta_a_nazory,Ne
"1.6._Květinko,_hýčkal_Zeman_Volfovou",funkce,názory
"1.6._Květinko,_hýčkal_Zeman_Volfovou",hard_news,Ne
"1.6._Květinko,_hýčkal_Zeman_Volfovou",informace,Ne
"1.6._Květinko,_hýčkal_Zeman_Volfovou",konflikt,Ne
"1.6._Květinko,_hýčkal_Zeman_Volfovou",kontext,Ne
"1.6._Květinko,_hýčkal_Zeman_Volfovou",kriterium,vyhovující
"1.6._Květinko,_hýčkal_Zeman_Volfovou",lokalni_dopad,Ne
"1.6._Květinko,_hýčkal_Zeman_Volfovou",morbidnost,Ne
"1.6._Květinko,_hýčkal_Zeman_Volfovou",negativni_vyzneni,Ne
"1.6._Květinko,_hýčkal_Zeman_Volfovou",nekompetence,Ne
"1.6._Květinko,_hýčkal_Zeman_Volfovou",obtezujici_okolnosti,Ne
"1.6._Květinko,_hýčkal_Zeman_Volfovou",odborny_zdroj,Ne
"1.6._Květinko,_hýčkal_Zeman_Volfovou",odstavce,9
"1.6._Květinko,_hýčkal_Zeman_Volfovou",personalizace,Ne
"1.6._Květinko,_hýčkal_Zeman_Volfovou",podpora,Ne
"1.6._Květinko,_hýčkal_Zeman_Volfovou",politicka_zprava,Ano
"1.6._Květinko,_hýčkal_Zeman_Volfovou",pozadavky,Ne
"1.6._Květinko,_hýčkal_Zeman_Volfovou",problemy,Ne
"1.6._Květinko,_hýčkal_Zeman_Volfovou",protichudna_hlediska,Ne
"1.6._Květinko,_hýčkal_Zeman_Volfovou",pyramida,Ne
"1.6._Květinko,_hýčkal_Zeman_Volfovou",rady,Ne
"1.6._Květinko,_hýčkal_Zeman_Volfovou",reakce,Ne
"1.6._Květinko,_hýčkal_Zeman_Volfovou",senzacnost,Ne
"1.6._Květinko,_hýčkal_Zeman_Volfovou",skandal,Ne
"1.6._Květinko,_hýčkal_Zeman_Volfovou",soukromy_ramec,Ne
"1.6._Květinko,_hýčkal_Zeman_Volfovou",soukromy_zivot,Ne
"1.6._Květinko,_hýčkal_Zeman_Volfovou",strategicke,Ne
"1.6._Květinko,_hýčkal_Zeman_Volfovou",validace,Ne
"1.6._Květinko,_hýčkal_Zeman_Volfovou",vecne,Ne
"1.6._Květinko,_hýčkal_Zeman_Volfovou",vyvazenost,různé úhly pohledu
"1.6._Květinko,_hýčkal_Zeman_Volfovou",vzdelavani,Ne
1.60._Jak_StB_vydírala_Nohavicu,dopad,Ne
1.60._Jak_StB_vydírala_Nohavicu,dotazy,Ne
1.60._Jak_StB_vydírala_Nohavicu,emoce,Ne
1.60._Jak_StB_vydírala_Nohavicu,hard_news,Ne
1.60._Jak_StB_vydírala_Nohavicu,informace,Ne
1.60._Jak_StB_vydírala_Nohavicu,kontext,Ne
1.60._Jak_StB_vydírala_Nohavicu,kriterium,vyhovující
1.60._Jak_StB_vydírala_Nohavicu,lokalni_dopad,Ne
1.60._Jak_StB_vydírala_Nohavicu,morbidnost,Ne
1.60._Jak_StB_vydírala_Nohavicu,obtezujici_okolnosti,Ne
1.60._Jak_StB_vydírala_Nohavicu,odstavce,12
1.60._Jak_StB_vydírala_Nohavicu,personalizace,Ano
1.60._Jak_StB_vydírala_Nohavicu,podpora,Ne
1.60._Jak_StB_vydírala_Nohavicu,politicka_zprava,Ne
1.60._Jak_StB_vydírala_Nohavicu,pozadavky,Ne
1.60._Jak_StB_vydírala_Nohavicu,problemy,Ne
1.60._Jak_StB_vydírala_Nohavicu,rady,Ne
1.60._Jak_StB_vydírala_Nohavicu,reakce,Ne
1.60._Jak_StB_vydírala_Nohavicu,senzacnost,Ne
1.60._Jak_StB_vydírala_Nohavicu,soukromy_zivot,Ne
1.60._Jak_StB_vydírala_Nohavicu,validace,Ne
1.60._Jak_StB_vydírala_Nohavicu,vzdelavani,Ne
1.61._Hrady_musí_mít_dvojnásobek_průvodců,citace_a_parafraze,Ano
1.61._Hrady_musí_mít_dvojnásobek_průvodců,dopad,Ne
1.61._Hrady_musí_mít_dvojnásobek_průvodců,dotazy,Ne
1.61._Hrady_musí_mít_dvojnásobek_průvodců,emoce,Ne
1.61._Hrady_musí_mít_dvojnásobek_průvodců,fakta_a_nazory,Ano
1.61._Hrady_musí_mít_dvojnásobek_průvodců,funkce,interpretace
1.61._Hrady_musí_mít_dvojnásobek_průvodců,hard_news,Ne
1.61._Hrady_musí_mít_dvojnásobek_průvodců,informace,Ne
1.61._Hrady_musí_mít_dvojnásobek_průvodců,konflikt,Ne
1.61._Hrady_musí_mít_dvojnásobek_průvodců,kontext,Ne
1.61._Hrady_musí_mít_dvojnásobek_průvodců,kriterium,vyhovující
1.61._Hrady_musí_mít_dvojnásobek_průvodců,lokalni_dopad,Ne
1.61._Hrady_musí_mít_dvojnásobek_průvodců,morbidnost,Ne
1.61._Hrady_musí_mít_dvojnásobek_průvodců,negativni_vyzneni,Ne
1.61._Hrady_musí_mít_dvojnásobek_průvodců,nekompetence,Ne
1.61._Hrady_musí_mít_dvojnásobek_průvodců,obtezujici_okolnosti,Ne
1.61._Hrady_musí_mít_dvojnásobek_průvodců,odborny_zdroj,Ano
1.61._Hrady_musí_mít_dvojnásobek_průvodců,odstavce,13
1.61._Hrady_musí_mít_dvojnásobek_průvodců,personalizace,Ne
1.61._Hrady_musí_mít_dvojnásobek_průvodců,podpora,Ne
1.61._Hrady_musí_mít_dvojnásobek_průvodců,politicka_zprava,Ano
1.61._Hrady_musí_mít_dvojnásobek_průvodců,pozadavky,Ano
1.61._Hrady_musí_mít_dvojnásobek_průvodců,problemy,Ne
1.61._Hrady_musí_mít_dvojnásobek_průvodců,protichudna_hlediska,Ne
1.61._Hrady_musí_mít_dvojnásobek_průvodců,pyramida,Ano
1.61._Hrady_musí_mít_dvojnásobek_průvodců,rady,Ano
1.61._Hrady_musí_mít_dvojnásobek_průvodců,reakce,Ne
1.61._Hrady_musí_mít_dvojnásobek_průvodců,senzacnost,Ne
1.61._Hrady_musí_mít_dvojnásobek_průvodců,skandal,Ne
1.61._Hrady_musí_mít_dvojnásobek_průvodců,soukromy_ramec,Ne
1.61._Hrady_musí_mít_dvojnásobek_průvodců,soukromy_zivot,Ne
1.61._Hrady_musí_mít_dvojnásobek_průvodců,strategicke,Ne
1.61._Hrady_musí_mít_dvojnásobek_průvodců,validace,Ano
1.61._Hrady_musí_mít_dvojnásobek_průvodců,vecne,Ano
1.61._Hrady_musí_mít_dvojnásobek_průvodců,vyvazenost,různé úhly pohledu
1.61._Hrady_musí_mít_dvojnásobek_průvodců,vzdelavani,Ne
1.62._Policejní_šéf_by_měl_být_ve_funkci_jen_několik_let,kriterium,vyhovující
"1.63._Topolánek_zuří_pořád,_říká_senátor",kriterium,krátký
1.64._Křehká_květinka_má_stranu,citace_a_parafraze,Ano
1.64._Křehká_květinka_má_stranu,dopad,Ne
1.64._Křehká_květinka_má_stranu,dotazy,Ne
1.64._Křehká_květinka_má_stranu,emoce,Ne
1.64._Křehká_květinka_má_stranu,fakta_a_nazory,Ne
1.64._Křehká_květinka_má_stranu,funkce,názory
1.64._Křehká_květinka_má_stranu,hard_news,Ne
1.64._Křehká_květinka_má_stranu,informace,Ne
1.64._Křehká_květinka_má_stranu,konflikt,Ne
1.64._Křehká_květinka_má_stranu,kontext,Ano
1.64._Křehká_květinka_má_stranu,kriterium,vyhovující
1.64._Křehká_květinka_má_stranu,lokalni_dopad,Ne
1.64._Křehká_květinka_má_stranu,morbidnost,Ne
1.64._Křehká_květinka_má_stranu,negativni_vyzneni,Ne
1.64._Křehká_květinka_má_stranu,nekompetence,Ne
1.64._Křehká_květinka_má_stranu,obtezujici_okolnosti,Ne
1.64._Křehká_květinka_má_stranu,odborny_zdroj,Ne
1.64._Křehká_květinka_má_stranu,odstavce,9
1.64._Křehká_květinka_má_stranu,personalizace,Ne
1.64._Křehká_květinka_má_stranu,podpora,Ne
1.64._Křehká_květinka_má_stranu,politicka_zprava,Ano
1.64._Křehká_květinka_má_stranu,pozadavky,Ne
1.64._Křehká_květinka_má_stranu,problemy,Ne
1.64._Křehká_květinka_má_stranu,protichudna_hlediska,Ne
1.64._Křehká_květinka_má_stranu,pyramida,Ano
1.64._Křehká_květinka_má_stranu,rady,Ne
1.64._Křehká_květinka_má_stranu,reakce,Ne
1.64._Křehká_květinka_má_stranu,senzacnost,Ne
1.64._Křehká_květinka_má_stranu,skandal,Ne
1.64._Křehká_květinka_má_stranu,soukromy_ramec,Ne
1.64._Křehká_květinka_má_stranu,soukromy_zivot,Ne
1.64._Křehká_květinka_má_stranu,strategicke,Ne
1.64._Křehká_květinka_má_stranu,validace,Ne
1.64._Křehká_květinka_má_stranu,vecne,Ne
1.64._Křehká_květinka_má_stranu,vyvazenost,různé úhly pohledu
1.64._Křehká_květinka_má_stranu,vzdelavani,Ne
1.65._Důrazní_prosebníci,kriterium,nezpravodajský
1.66._Po_zádech_důchodců,kriterium,nezpravodajský
"1.67._Vybrali_si_hezký_název,_říká_jeho_autor_Zeman",kriterium,nezpravodajský
1.68._Neonacisté_se_snaží_působit_skrytě,kriterium,nezpravodajský
1.69._Hvězda_dříve_patřila_rejdařům,citace_a_parafraze,Ano
1.69._Hvězda_dříve_patřila_rejdařům,dopad,Ne
1.69._Hvězda_dříve_patřila_rejdařům,dotazy,Ne
1.69._Hvězda_dříve_patřila_rejdařům,emoce,Ne
1.69._Hvězda_dříve_patřila_rejdařům,fakta_a_nazory,Ano
1.69._Hvězda_dříve_patřila_rejdařům,funkce,aktuálních fakta a události
1.69._Hvězda_dříve_patřila_rejdařům,hard_news,Ne
1.69._Hvězda_dříve_patřila_rejdařům,informace,Ne
1.69._Hvězda_dříve_patřila_rejdařům,konflikt,Ne
1.69._Hvězda_dříve_patřila_rejdařům,kontext,Ne
1.69._Hvězda_dříve_patřila_rejdařům,kriterium,vyhovující
1.69._Hvězda_dříve_patřila_rejdařům,lokalni_dopad,Ne
1.69._Hvězda_dříve_patřila_rejdařům,morbidnost,Ne
1.69._Hvězda_dříve_patřila_rejdařům,negativni_vyzneni,Ne
1.69._Hvězda_dříve_patřila_rejdařům,nekompetence,Ne
1.69._Hvězda_dříve_patřila_rejdařům,obtezujici_okolnosti,Ne
1.69._Hvězda_dříve_patřila_rejdařům,odborny_zdroj,Ano
1.69._Hvězda_dříve_patřila_rejdařům,odstavce,3
1.69._Hvězda_dříve_patřila_rejdařům,personalizace,Ne
1.69._Hvězda_dříve_patřila_rejdařům,podpora,Ne
1.69._Hvězda_dříve_patřila_rejdařům,politicka_zprava,Ano
1.69._Hvězda_dříve_patřila_rejdařům,pozadavky,Ne
1.69._Hvězda_dříve_patřila_rejdařům,problemy,Ne
1.69._Hvězda_dříve_patřila_rejdařům,protichudna_hlediska,Ne
1.69._Hvězda_dříve_patřila_rejdařům,pyramida,Ne
1.69._Hvězda_dříve_patřila_rejdařům,rady,Ne
1.69._Hvězda_dříve_patřila_rejdařům,reakce,Ne
1.69._Hvězda_dříve_patřila_rejdařům,senzacnost,Ne
1.69._Hvězda_dříve_patřila_rejdařům,skandal,Ne
1.69._Hvězda_dříve_patřila_rejdařům,soukromy_ramec,Ne
1.69._Hvězda_dříve_patřila_rejdařům,soukromy_zivot,Ne
1.69._Hvězda_dříve_patřila_rejdařům,strategicke,Ne
1.69._Hvězda_dříve_patřila_rejdařům,validace,Ne
1.69._Hvězda_dříve_patřila_rejdařům,vecne,Ano
1.69._Hvězda_dříve_patřila_rejdařům,vyvazenost,jednostrannost
1.69._Hvězda_dříve_patřila_rejdařům,vzdelavani,Ne
1.7._Opilý_chlapec_ohrožoval_lidi_mačetou,kriterium,krátký
1.70._Jak_na_radikály?_S_kapesní_brožurou,citace_a_parafraze,Ano
1.70._Jak_na_radikály?_S_kapesní_brožurou,dopad,Ne
1.70._Jak_na_radikály?_S_kapesní_brožurou,dotazy,Ne
1.70._Jak_na_radikály?_S_kapesní_brožurou,emoce,Ne
1.70._Jak_na_radikály?_S_kapesní_brožurou,fakta_a_nazory,Ano
1.70._Jak_na_radikály?_S_kapesní_brožurou,funkce,interpretace
1.70._Jak_na_radikály?_S_kapesní_brožurou,hard_news,Ne
1.70._Jak_na_radikály?_S_kapesní_brožurou,informace,Ne
1.70._Jak_na_radikály?_S_kapesní_brožurou,konflikt,Ne
1.70._Jak_na_radikály?_S_kapesní_brožurou,kontext,Ne
1.70._Jak_na_radikály?_S_kapesní_brožurou,kriterium,vyhovující
1.70._Jak_na_radikály?_S_kapesní_brožurou,lokalni_dopad,Ne
1.70._Jak_na_radikály?_S_kapesní_brožurou,morbidnost,Ne
1.70._Jak_na_radikály?_S_kapesní_brožurou,negativni_vyzneni,Ne
1.70._Jak_na_radikály?_S_kapesní_brožurou,nekompetence,Ne
1.70._Jak_na_radikály?_S_kapesní_brožurou,obtezujici_okolnosti,Ne
1.70._Jak_na_radikály?_S_kapesní_brožurou,odborny_zdroj,Ano
1.70._Jak_na_radikály?_S_kapesní_brožurou,odstavce,10
1.70._Jak_na_radikály?_S_kapesní_brožurou,personalizace,Ne
1.70._Jak_na_radikály?_S_kapesní_brožurou,podpora,Ne
1.70._Jak_na_radikály?_S_kapesní_brožurou,politicka_zprava,Ano
1.70._Jak_na_radikály?_S_kapesní_brožurou,pozadavky,Ne
1.70._Jak_na_radikály?_S_kapesní_brožurou,problemy,Ne
1.70._Jak_na_radikály?_S_kapesní_brožurou,protichudna_hlediska,Ne
1.70._Jak_na_radikály?_S_kapesní_brožurou,pyramida,Ano
1.70._Jak_na_radikály?_S_kapesní_brožurou,rady,Ano
1.70._Jak_na_radikály?_S_kapesní_brožurou,reakce,Ne
1.70._Jak_na_radikály?_S_kapesní_brožurou,senzacnost,Ne
1.70._Jak_na_radikály?_S_kapesní_brožurou,skandal,Ne
1.70._Jak_na_radikály?_S_kapesní_brožurou,soukromy_ramec,Ne
1.70._Jak_na_radikály?_S_kapesní_brožurou,soukromy_zivot,Ne
1.70._Jak_na_radikály?_S_kapesní_brožurou,strategicke,Ne
1.70._Jak_na_radikály?_S_kapesní_brožurou,validace,Ne
1.70._Jak_na_radikály?_S_kapesní_brožurou,vecne,Ano
1.70._Jak_na_radikály?_S_kapesní_brožurou,vyvazenost,jednostrannost
1.70._Jak_na_radikály?_S_kapesní_brožurou,vzdelavani,Ne
"1.71._Zelení_chtějí,_aby_Jiří_Čunek_odešel_z_vlády",citace_a_parafraze,Ano
"1.71._Zelení_chtějí,_aby_Jiří_Čunek_odešel_z_vlády",dopad,Ne
"1.71._Zelení_chtějí,_aby_Jiří_Čunek_odešel_z_vlády",dotazy,Ne
"1.71._Zelení_chtějí,_aby_Jiří_Čunek_odešel_z_vlády",emoce,Ne
"1.71._Zelení_chtějí,_aby_Jiří_Čunek_odešel_z_vlády",fakta_a_nazory,Ano
"1.71._Zelení_chtějí,_aby_Jiří_Čunek_odešel_z_vlády",funkce,kontextuální informace
"1.71._Zelení_chtějí,_aby_Jiří_Čunek_odešel_z_vlády",hard_news,Ano
"1.71._Zelení_chtějí,_aby_Jiří_Čunek_odešel_z_vlády",informace,Ne
"1.71._Zelení_chtějí,_aby_Jiří_Čunek_odešel_z_vlády",konflikt,Ne
"1.71._Zelení_chtějí,_aby_Jiří_Čunek_odešel_z_vlády",kontext,Ne
"1.71._Zelení_chtějí,_aby_Jiří_Čunek_odešel_z_vlády",kriterium,vyhovující
"1.71._Zelení_chtějí,_aby_Jiří_Čunek_odešel_z_vlády",lokalni_dopad,Ne
"1.71._Zelení_chtějí,_aby_Jiří_Čunek_odešel_z_vlády",morbidnost,Ne
"1.71._Zelení_chtějí,_aby_Jiří_Čunek_odešel_z_vlády",negativni_vyzneni,Ne
"1.71._Zelení_chtějí,_aby_Jiří_Čunek_odešel_z_vlády",nekompetence,Ne
"1.71._Zelení_chtějí,_aby_Jiří_Čunek_odešel_z_vlády",obtezujici_okolnosti,Ne
"1.71._Zelení_chtějí,_aby_Jiří_Čunek_odešel_z_vlády",odborny_zdroj,Ne
"1.71._Zelení_chtějí,_aby_Jiří_Čunek_odešel_z_vlády",odstavce,7
"1.71._Zelení_chtějí,_aby_Jiří_Čunek_odešel_z_vlády",personalizace,Ne
"1.71._Zelení_chtějí,_aby_Jiří_Čunek_odešel_z_vlády",podpora,Ne
"1.71._Zelení_chtějí,_aby_Jiří_Čunek_odešel_z_vlády",politicka_zprava,Ano
"1.71._Zelení_chtějí,_aby_Jiří_Čunek_odešel_z_vlády",pozadavky,Ne
"1.71._Zelení_chtějí,_aby_Jiří_Čunek_odešel_z_vlády",problemy,Ne
"1.71._Zelení_chtějí,_aby_Jiří_Čunek_odešel_z_vlády",protichudna_hlediska,Ano
"1.71._Zelení_chtějí,_aby_Jiří_Čunek_odešel_z_vlády",pyramida,Ano
"1.71._Zelení_chtějí,_aby_Jiří_Čunek_odešel_z_vlády",rady,Ne
"1.71._Zelení_chtějí,_aby_Jiří_Čunek_odešel_z_vlády",reakce,Ne
"1.71._Zelení_chtějí,_aby_Jiří_Čunek_odešel_z_vlády",senzacnost,Ne
"1.71._Zelení_chtějí,_aby_Jiří_Čunek_odešel_z_vlády",skandal,Ano
"1.71._Zelení_chtějí,_aby_Jiří_Čunek_odešel_z_vlády",soukromy_ramec,Ne
"1.71._Zelení_chtějí,_aby_Jiří_Čunek_odešel_z_vlády",soukromy_zivot,Ne
"1.71._Zelení_chtějí,_aby_Jiří_Čunek_odešel_z_vlády",strategicke,Ne
"1.71._Zelení_chtějí,_aby_Jiří_Čunek_odešel_z_vlády",validace,Ne
"1.71._Zelení_chtějí,_aby_Jiří_Čunek_odešel_z_vlády",vecne,Ne
"1.71._Zelení_chtějí,_aby_Jiří_Čunek_odešel_z_vlády",vyvazenost,různé úhly pohledu
"1.71._Zelení_chtějí,_aby_Jiří_Čunek_odešel_z_vlády",vzdelavani,Ne
1.72._O_nájem_olomouckých_nemocnic_bude_boj,citace_a_parafraze,Ano
1.72._O_nájem_olomouckých_nemocnic_bude_boj,dopad,Ne
1.72._O_nájem_olomouckých_nemocnic_bude_boj,dotazy,Ne
1.72._O_nájem_olomouckých_nemocnic_bude_boj,emoce,Ne
1.72._O_nájem_olomouckých_nemocnic_bude_boj,fakta_a_nazory,Ano
1.72._O_nájem_olomouckých_nemocnic_bude_boj,funkce,aktuálních fakta a události
1.72._O_nájem_olomouckých_nemocnic_bude_boj,hard_news,Ano
1.72._O_nájem_olomouckých_nemocnic_bude_boj,informace,Ne
1.72._O_nájem_olomouckých_nemocnic_bude_boj,konflikt,Ne
1.72._O_nájem_olomouckých_nemocnic_bude_boj,kontext,Ne
1.72._O_nájem_olomouckých_nemocnic_bude_boj,kriterium,vyhovující
1.72._O_nájem_olomouckých_nemocnic_bude_boj,lokalni_dopad,Ne
1.72._O_nájem_olomouckých_nemocnic_bude_boj,morbidnost,Ne
1.72._O_nájem_olomouckých_nemocnic_bude_boj,negativni_vyzneni,Ne
1.72._O_nájem_olomouckých_nemocnic_bude_boj,nekompetence,Ne
1.72._O_nájem_olomouckých_nemocnic_bude_boj,obtezujici_okolnosti,Ne
1.72._O_nájem_olomouckých_nemocnic_bude_boj,odborny_zdroj,Ano
1.72._O_nájem_olomouckých_nemocnic_bude_boj,odstavce,11
1.72._O_nájem_olomouckých_nemocnic_bude_boj,personalizace,Ne
1.72._O_nájem_olomouckých_nemocnic_bude_boj,podpora,Ne
1.72._O_nájem_olomouckých_nemocnic_bude_boj,politicka_zprava,Ano
1.72._O_nájem_olomouckých_nemocnic_bude_boj,pozadavky,Ne
1.72._O_nájem_olomouckých_nemocnic_bude_boj,problemy,Ne
1.72._O_nájem_olomouckých_nemocnic_bude_boj,protichudna_hlediska,Ne
1.72._O_nájem_olomouckých_nemocnic_bude_boj,pyramida,Ano
1.72._O_nájem_olomouckých_nemocnic_bude_boj,rady,Ne
1.72._O_nájem_olomouckých_nemocnic_bude_boj,reakce,Ne
1.72._O_nájem_olomouckých_nemocnic_bude_boj,senzacnost,Ne
1.72._O_nájem_olomouckých_nemocnic_bude_boj,skandal,Ne
1.72._O_nájem_olomouckých_nemocnic_bude_boj,soukromy_ramec,Ne
1.72._O_nájem_olomouckých_nemocnic_bude_boj,soukromy_zivot,Ne
1.72._O_nájem_olomouckých_nemocnic_bude_boj,strategicke,Ne
1.72._O_nájem_olomouckých_nemocnic_bude_boj,validace,Ne
1.72._O_nájem_olomouckých_nemocnic_bude_boj,vecne,Ano
1.72._O_nájem_olomouckých_nemocnic_bude_boj,vyvazenost,různé úhly pohledu
1.72._O_nájem_olomouckých_nemocnic_bude_boj,vzdelavani,Ne
1.73._Škodě_Auto_hrozí_stávky,dopad,Ne
1.73._Škodě_Auto_hrozí_stávky,dotazy,Ne
1.73._Škodě_Auto_hrozí_stávky,emoce,Ne
1.73._Škodě_Auto_hrozí_stávky,hard_news,Ne
1.73._Škodě_Auto_hrozí_stávky,informace,Ano
1.73._Škodě_Auto_hrozí_stávky,kontext,Ne
1.73._Škodě_Auto_hrozí_stávky,kriterium,vyhovující
1.73._Škodě_Auto_hrozí_stávky,lokalni_dopad,Ne
1.73._Škodě_Auto_hrozí_stávky,morbidnost,Ne
1.73._Škodě_Auto_hrozí_stávky,obtezujici_okolnosti,Ne
1.73._Škodě_Auto_hrozí_stávky,odstavce,13
1.73._Škodě_Auto_hrozí_stávky,personalizace,Ne
1.73._Škodě_Auto_hrozí_stávky,podpora,Ne
1.73._Škodě_Auto_hrozí_stávky,politicka_zprava,Ne
1.73._Škodě_Auto_hrozí_stávky,pozadavky,Ne
1.73._Škodě_Auto_hrozí_stávky,problemy,Ne
1.73._Škodě_Auto_hrozí_stávky,rady,Ne
1.73._Škodě_Auto_hrozí_stávky,reakce,Ne
1.73._Škodě_Auto_hrozí_stávky,senzacnost,Ne
1.73._Škodě_Auto_hrozí_stávky,soukromy_zivot,Ne
1.73._Škodě_Auto_hrozí_stávky,validace,Ne
1.73._Škodě_Auto_hrozí_stávky,vzdelavani,Ne
1.74._Národní_fotbalový_stadion_zatím_nebude,kriterium,krátký
1.75._Lobkovický_palác_láká_na_hvězdnou_expozici,kriterium,krátký
1.76._Vláda_důkladně_prověří_Budvar,kriterium,krátký
1.77._Hruda:_Bruselu_jsme_nemuseli_nic_vracet,kriterium,nezpravodajský
1.78._Ministerstvo_zemědělství_změnilo_vedení_fondu,kriterium,vyhovující
"1.79._Volfová_neuspěla,_známé_tváře_nepřišly",citace_a_parafraze,Ano
"1.79._Volfová_neuspěla,_známé_tváře_nepřišly",dopad,Ne
"1.79._Volfová_neuspěla,_známé_tváře_nepřišly",dotazy,Ne
"1.79._Volfová_neuspěla,_známé_tváře_nepřišly",emoce,Ne
"1.79._Volfová_neuspěla,_známé_tváře_nepřišly",fakta_a_nazory,Ne
"1.79._Volfová_neuspěla,_známé_tváře_nepřišly",funkce,interpretace
"1.79._Volfová_neuspěla,_známé_tváře_nepřišly",hard_news,Ne
"1.79._Volfová_neuspěla,_známé_tváře_nepřišly",informace,Ne
"1.79._Volfová_neuspěla,_známé_tváře_nepřišly",konflikt,Ne
"1.79._Volfová_neuspěla,_známé_tváře_nepřišly",kontext,Ano
"1.79._Volfová_neuspěla,_známé_tváře_nepřišly",kriterium,vyhovující
"1.79._Volfová_neuspěla,_známé_tváře_nepřišly",lokalni_dopad,Ne
"1.79._Volfová_neuspěla,_známé_tváře_nepřišly",morbidnost,Ne
"1.79._Volfová_neuspěla,_známé_tváře_nepřišly",negativni_vyzneni,Ne
"1.79._Volfová_neuspěla,_známé_tváře_nepřišly",nekompetence,Ne
"1.79._Volfová_neuspěla,_známé_tváře_nepřišly",obtezujici_okolnosti,Ne
"1.79._Volfová_neuspěla,_známé_tváře_nepřišly",odborny_zdroj,Ano
"1.79._Volfová_neuspěla,_známé_tváře_nepřišly",odstavce,8
"1.79._Volfová_neuspěla,_známé_tváře_nepřišly",personalizace,Ne
"1.79._Volfová_neuspěla,_známé_tváře_nepřišly",podpora,Ne
"1.79._Volfová_neuspěla,_známé_tváře_nepřišly",politicka_zprava,Ano
"1.79._Volfová_neuspěla,_známé_tváře_nepřišly",pozadavky,Ne
"1.79._Volfová_neuspěla,_známé_tváře_nepřišly",problemy,Ne
"1.79._Volfová_neuspěla,_známé_tváře_nepřišly",protichudna_hlediska,Ne
"1.79._Volfová_neuspěla,_známé_tváře_nepřišly",pyramida,Ano
"1.79._Volfová_neuspěla,_známé_tváře_nepřišly",rady,Ne
"1.79._Volfová_neuspěla,_známé_tváře_nepřišly",reakce,Ne
"1.79._Volfová_neuspěla,_známé_tváře_nepřišly",senzacnost,Ne
"1.79._Volfová_neuspěla,_známé_tváře_nepřišly",skandal,Ne
"1.79._Volfová_neuspěla,_známé_tváře_nepřišly",soukromy_ramec,Ne
"1.79._Volfová_neuspěla,_známé_tváře_nepřišly",soukromy_zivot,Ne
"1.79._Volfová_neuspěla,_známé_tváře_nepřišly",strategicke,Ano
"1.79._Volfová_neuspěla,_známé_tváře_nepřišly",validace,Ne
"1.79._Volfová_neuspěla,_známé_tváře_nepřišly",vecne,Ne
"1.79._Volfová_neuspěla,_známé_tváře_nepřišly",vyvazenost,různé úhly pohledu
"1.79._Volfová_neuspěla,_známé_tváře_nepřišly",vzdelavani,Ne
1.8._Langer_chce_šéfa_policie_na_pět_let,kriterium,krátký
1.80._ČESKÝ_RUCH,kriterium,nezpravodajský
"1.81._Zahraniční_dluh_Česka_stoupl_na_1,22_bilionu_korun",kriterium,vyhovující
1.82._Žaloba_kvůli_emisím_nejdříve_za_dva_týdny,kriterium,krátký
"1.83._Za_které_léky_se_neplatí,_lze_zjistit_na_internetu",citace_a_parafraze,Ano
"1.83._Za_které_léky_se_neplatí,_lze_zjistit_na_internetu",dopad,Ano
"1.83._Za_které_léky_se_neplatí,_lze_zjistit_na_internetu",dotazy,Ne
"1.83._Za_které_léky_se_neplatí,_lze_zjistit_na_internetu",emoce,Ne
"1.83._Za_které_léky_se_neplatí,_lze_zjistit_na_internetu",fakta_a_nazory,Ano
"1.83._Za_které_léky_se_neplatí,_lze_zjistit_na_internetu",funkce,aktuálních fakta a události
"1.83._Za_které_léky_se_neplatí,_lze_zjistit_na_internetu",hard_news,Ne
"1.83._Za_které_léky_se_neplatí,_lze_zjistit_na_internetu",informace,Ne
"1.83._Za_které_léky_se_neplatí,_lze_zjistit_na_internetu",konflikt,Ne
"1.83._Za_které_léky_se_neplatí,_lze_zjistit_na_internetu",kontext,Ne
"1.83._Za_které_léky_se_neplatí,_lze_zjistit_na_internetu",kriterium,vyhovující
"1.83._Za_které_léky_se_neplatí,_lze_zjistit_na_internetu",lokalni_dopad,Ne
"1.83._Za_které_léky_se_neplatí,_lze_zjistit_na_internetu",morbidnost,Ne
"1.83._Za_které_léky_se_neplatí,_lze_zjistit_na_internetu",negativni_vyzneni,Ne
"1.83._Za_které_léky_se_neplatí,_lze_zjistit_na_internetu",nekompetence,Ne
"1.83._Za_které_léky_se_neplatí,_lze_zjistit_na_internetu",obtezujici_okolnosti,Ne
"1.83._Za_které_léky_se_neplatí,_lze_zjistit_na_internetu",odborny_zdroj,Ano
"1.83._Za_které_léky_se_neplatí,_lze_zjistit_na_internetu",odstavce,5
"1.83._Za_které_léky_se_neplatí,_lze_zjistit_na_internetu",personalizace,Ne
"1.83._Za_které_léky_se_neplatí,_lze_zjistit_na_internetu",podpora,Ne
"1.83._Za_které_léky_se_neplatí,_lze_zjistit_na_internetu",politicka_zprava,Ano
"1.83._Za_které_léky_se_neplatí,_lze_zjistit_na_internetu",pozadavky,Ne
"1.83._Za_které_léky_se_neplatí,_lze_zjistit_na_internetu",problemy,Ne
"1.83._Za_které_léky_se_neplatí,_lze_zjistit_na_internetu",protichudna_hlediska,Ne
"1.83._Za_které_léky_se_neplatí,_lze_zjistit_na_internetu",pyramida,Ano
"1.83._Za_které_léky_se_neplatí,_lze_zjistit_na_internetu",rady,Ano
"1.83._Za_které_léky_se_neplatí,_lze_zjistit_na_internetu",reakce,Ano
"1.83._Za_které_léky_se_neplatí,_lze_zjistit_na_internetu",senzacnost,Ne
"1.83._Za_které_léky_se_neplatí,_lze_zjistit_na_internetu",skandal,Ne
"1.83._Za_které_léky_se_neplatí,_lze_zjistit_na_internetu",soukromy_ramec,Ne
"1.83._Za_které_léky_se_neplatí,_lze_zjistit_na_internetu",soukromy_zivot,Ne
"1.83._Za_které_léky_se_neplatí,_lze_zjistit_na_internetu",strategicke,Ne
"1.83._Za_které_léky_se_neplatí,_lze_zjistit_na_internetu",validace,Ne
"1.83._Za_které_léky_se_neplatí,_lze_zjistit_na_internetu",vecne,Ano
"1.83._Za_které_léky_se_neplatí,_lze_zjistit_na_internetu",vyvazenost,různé úhly pohledu
"1.83._Za_které_léky_se_neplatí,_lze_zjistit_na_internetu",vzdelavani,Ano
1.84._V_cizině_chtějí_český_systém_prodeje_letenek,dopad,Ne
1.84._V_cizině_chtějí_český_systém_prodeje_letenek,dotazy,Ne
1.84._V_cizině_chtějí_český_systém_prodeje_letenek,emoce,Ne
1.84._V_cizině_chtějí_český_systém_prodeje_letenek,hard_news,Ne
1.84._V_cizině_chtějí_český_systém_prodeje_letenek,informace,Ne
1.84._V_cizině_chtějí_český_systém_prodeje_letenek,kontext,Ne
1.84._V_cizině_chtějí_český_systém_prodeje_letenek,kriterium,vyhovující
1.84._V_cizině_chtějí_český_systém_prodeje_letenek,lokalni_dopad,Ne
1.84._V_cizině_chtějí_český_systém_prodeje_letenek,morbidnost,Ne
1.84._V_cizině_chtějí_český_systém_prodeje_letenek,obtezujici_okolnosti,Ne
1.84._V_cizině_chtějí_český_systém_prodeje_letenek,odstavce,10
1.84._V_cizině_chtějí_český_systém_prodeje_letenek,personalizace,Ne
1.84._V_cizině_chtějí_český_systém_prodeje_letenek,podpora,Ne
1.84._V_cizině_chtějí_český_systém_prodeje_letenek,politicka_zprava,Ne
1.84._V_cizině_chtějí_český_systém_prodeje_letenek,pozadavky,Ne
1.84._V_cizině_chtějí_český_systém_prodeje_letenek,problemy,Ne
1.84._V_cizině_chtějí_český_systém_prodeje_letenek,rady,Ano
1.84._V_cizině_chtějí_český_systém_prodeje_letenek,reakce,Ne
1.84._V_cizině_chtějí_český_systém_prodeje_letenek,senzacnost,Ne
1.84._V_cizině_chtějí_český_systém_prodeje_letenek,soukromy_zivot,Ne
1.84._V_cizině_chtějí_český_systém_prodeje_letenek,validace,Ne
1.84._V_cizině_chtějí_český_systém_prodeje_letenek,vzdelavani,Ne
"1.85._ODS_podpořila_další_volbu_Klause,_reformy_a_radar",kriterium,krátký
1.86._Vyšetřování_prověrek_v_NBÚ_policie_odložila,kriterium,krátký
1.87._POLITIKON_Jindřicha_Šídla,kriterium,nezpravodajský
1.88._Strany_stále_víc_závisejí_na_státní_pokladně,citace_a_parafraze,Ano
1.88._Strany_stále_víc_závisejí_na_státní_pokladně,dopad,Ne
1.88._Strany_stále_víc_závisejí_na_státní_pokladně,dotazy,Ne
1.88._Strany_stále_víc_závisejí_na_státní_pokladně,emoce,Ne
1.88._Strany_stále_víc_závisejí_na_státní_pokladně,fakta_a_nazory,Ne
1.88._Strany_stále_víc_závisejí_na_státní_pokladně,funkce,interpretace
1.88._Strany_stále_víc_závisejí_na_státní_pokladně,hard_news,Ne
1.88._Strany_stále_víc_závisejí_na_státní_pokladně,informace,Ne
1.88._Strany_stále_víc_závisejí_na_státní_pokladně,konflikt,Ne
1.88._Strany_stále_víc_závisejí_na_státní_pokladně,kontext,Ano
1.88._Strany_stále_víc_závisejí_na_státní_pokladně,kriterium,vyhovující
1.88._Strany_stále_víc_závisejí_na_státní_pokladně,lokalni_dopad,Ne
1.88._Strany_stále_víc_závisejí_na_státní_pokladně,morbidnost,Ne
1.88._Strany_stále_víc_závisejí_na_státní_pokladně,negativni_vyzneni,Ne
1.88._Strany_stále_víc_závisejí_na_státní_pokladně,nekompetence,Ne
1.88._Strany_stále_víc_závisejí_na_státní_pokladně,obtezujici_okolnosti,Ne
1.88._Strany_stále_víc_závisejí_na_státní_pokladně,odborny_zdroj,Ne
1.88._Strany_stále_víc_závisejí_na_státní_pokladně,odstavce,8
1.88._Strany_stále_víc_závisejí_na_státní_pokladně,personalizace,Ne
1.88._Strany_stále_víc_závisejí_na_státní_pokladně,podpora,Ne
1.88._Strany_stále_víc_závisejí_na_státní_pokladně,politicka_zprava,Ano
1.88._Strany_stále_víc_závisejí_na_státní_pokladně,pozadavky,Ne
1.88._Strany_stále_víc_závisejí_na_státní_pokladně,problemy,Ne
1.88._Strany_stále_víc_závisejí_na_státní_pokladně,protichudna_hlediska,Ne
1.88._Strany_stále_víc_závisejí_na_státní_pokladně,pyramida,Ne
1.88._Strany_stále_víc_závisejí_na_státní_pokladně,rady,Ne
1.88._Strany_stále_víc_závisejí_na_státní_pokladně,reakce,Ano
1.88._Strany_stále_víc_závisejí_na_státní_pokladně,senzacnost,Ne
1.88._Strany_stále_víc_závisejí_na_státní_pokladně,skandal,Ne
1.88._Strany_stále_víc_závisejí_na_státní_pokladně,soukromy_ramec,Ne
1.88._Strany_stále_víc_závisejí_na_státní_pokladně,soukromy_zivot,Ne
1.88._Strany_stále_víc_závisejí_na_státní_pokladně,strategicke,Ne
1.88._Strany_stále_víc_závisejí_na_státní_pokladně,validace,Ne
1.88._Strany_stále_víc_závisejí_na_státní_pokladně,vecne,Ne
1.88._Strany_stále_víc_závisejí_na_státní_pokladně,vyvazenost,jednostrannost
1.88._Strany_stále_víc_závisejí_na_státní_pokladně,vzdelavani,Ne
"1.89._Padělky_měly_zničit_Británii,_vězňům_zachránily_život",kriterium,nezpravodajský
1.9._Dospělí_se_pořádně_zapotili,dopad,Ne
1.9._Dospělí_se_pořádně_zapotili,dotazy,Ne
1.9._Dospělí_se_pořádně_zapotili,emoce,Ne
1.9._Dospělí_se_pořádně_zapotili,hard_news,Ne
1.9._Dospělí_se_pořádně_zapotili,informace,Ne
1.9._Dospělí_se_pořádně_zapotili,kontext,Ne
1.9._Dospělí_se_pořádně_zapotili,kriterium,vyhovující
1.9._Dospělí_se_pořádně_zapotili,lokalni_dopad,Ne
1.9._Dospělí_se_pořádně_zapotili,morbidnost,Ne
1.9._Dospělí_se_pořádně_zapotili,obtezujici_okolnosti,Ne
1.9._Dospělí_se_pořádně_zapotili,odstavce,12
1.9._Dospělí_se_pořádně_zapotili,personalizace,Ne
1.9._Dospělí_se_pořádně_zapotili,podpora,Ne
1.9._Dospělí_se_pořádně_zapotili,politicka_zprava,Ne
1.9._Dospělí_se_pořádně_zapotili,pozadavky,Ne
1.9._Dospělí_se_pořádně_zapotili,problemy,Ne
1.9._Dospělí_se_pořádně_zapotili,rady,Ne
1.9._Dospělí_se_pořádně_zapotili,reakce,Ano
1.9._Dospělí_se_pořádně_zapotili,senzacnost,Ne
1.9._Dospělí_se_pořádně_zapotili,soukromy_zivot,Ne
1.9._Dospělí_se_pořádně_zapotili,validace,Ne
1.9._Dospělí_se_pořádně_zapotili,vzdelavani,Ne
1.90._Národní_fotbalový_stadion?_Verdikt_se_odkládá,citace_a_parafraze,Ano
1.90._Národní_fotbalový_stadion?_Verdikt_se_odkládá,dopad,Ne
1.90._Národní_fotbalový_stadion?_Verdikt_se_odkládá,dotazy,Ne
1.90._Národní_fotbalový_stadion?_Verdikt_se_odkládá,emoce,Ne
1.90._Národní_fotbalový_stadion?_Verdikt_se_odkládá,fakta_a_nazory,Ano
1.90._Národní_fotbalový_stadion?_Verdikt_se_odkládá,funkce,aktuálních fakta a události
1.90._Národní_fotbalový_stadion?_Verdikt_se_odkládá,hard_news,Ne
1.90._Národní_fotbalový_stadion?_Verdikt_se_odkládá,informace,Ne
1.90._Národní_fotbalový_stadion?_Verdikt_se_odkládá,konflikt,Ne
1.90._Národní_fotbalový_stadion?_Verdikt_se_odkládá,kontext,Ne
1.90._Národní_fotbalový_stadion?_Verdikt_se_odkládá,kriterium,vyhovující
1.90._Národní_fotbalový_stadion?_Verdikt_se_odkládá,lokalni_dopad,Ne
1.90._Národní_fotbalový_stadion?_Verdikt_se_odkládá,morbidnost,Ne
1.90._Národní_fotbalový_stadion?_Verdikt_se_odkládá,negativni_vyzneni,Ne
1.90._Národní_fotbalový_stadion?_Verdikt_se_odkládá,nekompetence,Ne
1.90._Národní_fotbalový_stadion?_Verdikt_se_odkládá,obtezujici_okolnosti,Ne
1.90._Národní_fotbalový_stadion?_Verdikt_se_odkládá,odborny_zdroj,Ano
1.90._Národní_fotbalový_stadion?_Verdikt_se_odkládá,odstavce,12
1.90._Národní_fotbalový_stadion?_Verdikt_se_odkládá,personalizace,Ne
1.90._Národní_fotbalový_stadion?_Verdikt_se_odkládá,podpora,Ne
1.90._Národní_fotbalový_stadion?_Verdikt_se_odkládá,politicka_zprava,Ano
1.90._Národní_fotbalový_stadion?_Verdikt_se_odkládá,pozadavky,Ne
1.90._Národní_fotbalový_stadion?_Verdikt_se_odkládá,problemy,Ne
1.90._Národní_fotbalový_stadion?_Verdikt_se_odkládá,protichudna_hlediska,Ano
1.90._Národní_fotbalový_stadion?_Verdikt_se_odkládá,pyramida,Ano
1.90._Národní_fotbalový_stadion?_Verdikt_se_odkládá,rady,Ne
1.90._Národní_fotbalový_stadion?_Verdikt_se_odkládá,reakce,Ano
1.90._Národní_fotbalový_stadion?_Verdikt_se_odkládá,senzacnost,Ne
1.90._Národní_fotbalový_stadion?_Verdikt_se_odkládá,skandal,Ne
1.90._Národní_fotbalový_stadion?_Verdikt_se_odkládá,soukromy_ramec,Ne
1.90._Národní_fotbalový_stadion?_Verdikt_se_odkládá,soukromy_zivot,Ne
1.90._Národní_fotbalový_stadion?_Verdikt_se_odkládá,strategicke,Ne
1.90._Národní_fotbalový_stadion?_Verdikt_se_odkládá,validace,Ne
1.90._Národní_fotbalový_stadion?_Verdikt_se_odkládá,vecne,Ano
1.90._Národní_fotbalový_stadion?_Verdikt_se_odkládá,vyvazenost,různé úhly pohledu
1.90._Národní_fotbalový_stadion?_Verdikt_se_odkládá,vzdelavani,Ne
"1.91._Agrobanka_čelí_konkurzu,_stát_má_problém",dopad,Ne
"1.91._Agrobanka_čelí_konkurzu,_stát_má_problém",dotazy,Ne
"1.91._Agrobanka_čelí_konkurzu,_stát_má_problém",emoce,Ne
"1.91._Agrobanka_čelí_konkurzu,_stát_má_problém",hard_news,Ne
"1.91._Agrobanka_čelí_konkurzu,_stát_má_problém",informace,Ne
"1.91._Agrobanka_čelí_konkurzu,_stát_má_problém",kontext,Ne
"1.91._Agrobanka_čelí_konkurzu,_stát_má_problém",kriterium,vyhovující
"1.91._Agrobanka_čelí_konkurzu,_stát_má_problém",lokalni_dopad,Ne
"1.91._Agrobanka_čelí_konkurzu,_stát_má_problém",morbidnost,Ne
"1.91._Agrobanka_čelí_konkurzu,_stát_má_problém",obtezujici_okolnosti,Ne
"1.91._Agrobanka_čelí_konkurzu,_stát_má_problém",odstavce,16
"1.91._Agrobanka_čelí_konkurzu,_stát_má_problém",personalizace,Ne
"1.91._Agrobanka_čelí_konkurzu,_stát_má_problém",podpora,Ne
"1.91._Agrobanka_čelí_konkurzu,_stát_má_problém",politicka_zprava,Ne
"1.91._Agrobanka_čelí_konkurzu,_stát_má_problém",pozadavky,Ne
"1.91._Agrobanka_čelí_konkurzu,_stát_má_problém",problemy,Ne
"1.91._Agrobanka_čelí_konkurzu,_stát_má_problém",rady,Ano
"1.91._Agrobanka_čelí_konkurzu,_stát_má_problém",reakce,Ne
"1.91._Agrobanka_čelí_konkurzu,_stát_má_problém",senzacnost,Ne
"1.91._Agrobanka_čelí_konkurzu,_stát_má_problém",soukromy_zivot,Ne
"1.91._Agrobanka_čelí_konkurzu,_stát_má_problém",validace,Ne
"1.91._Agrobanka_čelí_konkurzu,_stát_má_problém",vzdelavani,Ne
1.92._Lidé_nevěří_nabídkám_levné_letecké_přepravy,kriterium,vyhovující
1.93._Sociolog:_Čunek_vyvolává_rasové_démony,citace_a_parafraze,Ano
1.93._Sociolog:_Čunek_vyvolává_rasové_démony,dopad,Ne
1.93._Sociolog:_Čunek_vyvolává_rasové_démony,dotazy,Ne
1.93._Sociolog:_Čunek_vyvolává_rasové_démony,emoce,Ne
1.93._Sociolog:_Čunek_vyvolává_rasové_démony,fakta_a_nazory,Ano
1.93._Sociolog:_Čunek_vyvolává_rasové_démony,funkce,interpretace
1.93._Sociolog:_Čunek_vyvolává_rasové_démony,hard_news,Ne
1.93._Sociolog:_Čunek_vyvolává_rasové_démony,informace,Ne
1.93._Sociolog:_Čunek_vyvolává_rasové_démony,konflikt,Ne
1.93._Sociolog:_Čunek_vyvolává_rasové_démony,kontext,Ne
1.93._Sociolog:_Čunek_vyvolává_rasové_démony,kriterium,vyhovující
1.93._Sociolog:_Čunek_vyvolává_rasové_démony,lokalni_dopad,Ne
1.93._Sociolog:_Čunek_vyvolává_rasové_démony,morbidnost,Ne
1.93._Sociolog:_Čunek_vyvolává_rasové_démony,negativni_vyzneni,Ano
1.93._Sociolog:_Čunek_vyvolává_rasové_démony,nekompetence,Ne
1.93._Sociolog:_Čunek_vyvolává_rasové_démony,obtezujici_okolnosti,Ne
1.93._Sociolog:_Čunek_vyvolává_rasové_démony,odborny_zdroj,Ano
1.93._Sociolog:_Čunek_vyvolává_rasové_démony,odstavce,9
1.93._Sociolog:_Čunek_vyvolává_rasové_démony,personalizace,Ne
1.93._Sociolog:_Čunek_vyvolává_rasové_démony,podpora,Ne
1.93._Sociolog:_Čunek_vyvolává_rasové_démony,politicka_zprava,Ano
1.93._Sociolog:_Čunek_vyvolává_rasové_démony,pozadavky,Ne
1.93._Sociolog:_Čunek_vyvolává_rasové_démony,problemy,Ne
1.93._Sociolog:_Čunek_vyvolává_rasové_démony,protichudna_hlediska,Ne
1.93._Sociolog:_Čunek_vyvolává_rasové_démony,pyramida,Ne
1.93._Sociolog:_Čunek_vyvolává_rasové_démony,rady,Ne
1.93._Sociolog:_Čunek_vyvolává_rasové_démony,reakce,Ne
1.93._Sociolog:_Čunek_vyvolává_rasové_démony,senzacnost,Ne
1.93._Sociolog:_Čunek_vyvolává_rasové_démony,skandal,Ano
1.93._Sociolog:_Čunek_vyvolává_rasové_démony,soukromy_ramec,Ne
1.93._Sociolog:_Čunek_vyvolává_rasové_démony,soukromy_zivot,Ne
1.93._Sociolog:_Čunek_vyvolává_rasové_démony,strategicke,Ne
1.93._Sociolog:_Čunek_vyvolává_rasové_démony,validace,Ne
1.93._Sociolog:_Čunek_vyvolává_rasové_démony,vecne,Ne
1.93._Sociolog:_Čunek_vyvolává_rasové_démony,vyvazenost,různé úhly pohledu
1.93._Sociolog:_Čunek_vyvolává_rasové_démony,vzdelavani,Ne
1.94._Češi_mění_hory_za_pobyt_u_moře,dopad,Ne
1.94._Češi_mění_hory_za_pobyt_u_moře,dotazy,Ne
1.94._Češi_mění_hory_za_pobyt_u_moře,emoce,Ne
1.94._Češi_mění_hory_za_pobyt_u_moře,hard_news,Ne
1.94._Češi_mění_hory_za_pobyt_u_moře,informace,Ne
1.94._Češi_mění_hory_za_pobyt_u_moře,kontext,Ne
1.94._Češi_mění_hory_za_pobyt_u_moře,kriterium,vyhovující
1.94._Češi_mění_hory_za_pobyt_u_moře,lokalni_dopad,Ne
1.94._Češi_mění_hory_za_pobyt_u_moře,morbidnost,Ne
1.94._Češi_mění_hory_za_pobyt_u_moře,obtezujici_okolnosti,Ne
1.94._Češi_mění_hory_za_pobyt_u_moře,odstavce,12
1.94._Češi_mění_hory_za_pobyt_u_moře,personalizace,Ne
1.94._Češi_mění_hory_za_pobyt_u_moře,podpora,Ne
1.94._Češi_mění_hory_za_pobyt_u_moře,politicka_zprava,Ne
1.94._Češi_mění_hory_za_pobyt_u_moře,pozadavky,Ne
1.94._Češi_mění_hory_za_pobyt_u_moře,problemy,Ne
1.94._Češi_mění_hory_za_pobyt_u_moře,rady,Ano
1.94._Češi_mění_hory_za_pobyt_u_moře,reakce,Ne
1.94._Češi_mění_hory_za_pobyt_u_moře,senzacnost,Ne
1.94._Češi_mění_hory_za_pobyt_u_moře,soukromy_zivot,Ne
1.94._Češi_mění_hory_za_pobyt_u_moře,validace,Ne
1.94._Češi_mění_hory_za_pobyt_u_moře,vzdelavani,Ne
"1.95._Za_tři_měsíce_vyneslo_mýtné_1,32_miliardy",kriterium,krátký
1.96._Hrad_a_církev_budou_spravovat_sv._Víta_spolu,kriterium,krátký
1.97._Omluva,kriterium,krátký
1.98._Čunek:_Lhůta_pro_výpověď_z_bytu_déle_než_dva_roky,kriterium,krátký
1.99._Česká_spořitelna_prodlužuje_provoz_na_pobočkách,dopad,Ne
1.99._Česká_spořitelna_prodlužuje_provoz_na_pobočkách,dotazy,Ne
1.99._Česká_spořitelna_prodlužuje_provoz_na_pobočkách,emoce,Ne
1.99._Česká_spořitelna_prodlužuje_provoz_na_pobočkách,hard_news,Ne
1.99._Česká_spořitelna_prodlužuje_provoz_na_pobočkách,informace,Ne
1.99._Česká_spořitelna_prodlužuje_provoz_na_pobočkách,kontext,Ne
1.99._Česká_spořitelna_prodlužuje_provoz_na_pobočkách,kriterium,vyhovující
1.99._Česká_spořitelna_prodlužuje_provoz_na_pobočkách,lokalni_dopad,Ano
1.99._Česká_spořitelna_prodlužuje_provoz_na_pobočkách,morbidnost,Ne
1.99._Česká_spořitelna_prodlužuje_provoz_na_pobočkách,obtezujici_okolnosti,Ne
1.99._Česká_spořitelna_prodlužuje_provoz_na_pobočkách,odstavce,5
1.99._Česká_spořitelna_prodlužuje_provoz_na_pobočkách,personalizace,Ne
1.99._Česká_spořitelna_prodlužuje_provoz_na_pobočkách,podpora,Ne
1.99._Česká_spořitelna_prodlužuje_provoz_na_pobočkách,politicka_zprava,Ne
1.99._Česká_spořitelna_prodlužuje_provoz_na_pobočkách,pozadavky,Ne
1.99._Česká_spořitelna_prodlužuje_provoz_na_pobočkách,problemy,Ne
1.99._Česká_spořitelna_prodlužuje_provoz_na_pobočkách,rady,Ano
1.99._Česká_spořitelna_prodlužuje_provoz_na_pobočkách,reakce,Ne
1.99._Česká_spořitelna_prodlužuje_provoz_na_pobočkách,senzacnost,Ne
1.99._Česká_spořitelna_prodlužuje_provoz_na_pobočkách,soukromy_zivot,Ne
1.99._Česká_spořitelna_prodlužuje_provoz_na_pobočkách,validace,Ne
1.99._Česká_spořitelna_prodlužuje_provoz_na_pobočkách,vzdelavani,Ne
