file,rating,Robin revize trénovacích.csv,Veronica revize trénovacích.csv,majority,worst_case
2023-10-07T00-00-00_2023WN280011.txt,Političtí představitelé Izraele,True,True,True,False
2023-10-07T00-00-00_2023WN280011.txt,Političtí představitelé Palestiny,False,False,False,True
2023-10-07T00-00-00_2023WN280011.txt,Politici z blízkovýchodních zemí,False,False,False,True
2023-10-07T00-00-00_2023WN280011.txt,Politici ze ostatních světových zemí,False,False,False,True
2023-10-07T00-00-00_2023WN280011.txt,Představitelé mezinárodních a neziskových organizací,False,False,False,True
2023-10-07T00-00-00_2023WN280011.txt,Vojenští představitelé Izraele,False,False,False,True
2023-10-07T00-00-00_2023WN280011.txt,Členové teroristických skupin,False,False,False,True
2023-10-07T00-00-00_2023WN280011.txt,Nezávislí experti a analytici,False,False,False,True
2023-10-07T00-00-00_2023WN280011.txt,Média a novináři,True,True,True,False
2023-10-07T00-00-00_2023WN280011.txt,Očití svědci a civilisté z Izraele,False,False,False,True
2023-10-07T00-00-00_2023WN280011.txt,Očití svědci a civilisté z Palestiny,False,False,False,True
2023-10-07T00-00-00_2023WN280011.txt,Jiní,False,False,False,True
2023-10-07T00-00-00_2023WN280056.txt,Političtí představitelé Izraele,False,False,False,True
2023-10-07T00-00-00_2023WN280056.txt,Političtí představitelé Palestiny,False,False,False,True
2023-10-07T00-00-00_2023WN280056.txt,Politici z blízkovýchodních zemí,True,False,False,True
2023-10-07T00-00-00_2023WN280056.txt,Politici ze ostatních světových zemí,True,False,False,True
2023-10-07T00-00-00_2023WN280056.txt,Představitelé mezinárodních a neziskových organizací,False,False,False,True
2023-10-07T00-00-00_2023WN280056.txt,Vojenští představitelé Izraele,False,False,False,True
2023-10-07T00-00-00_2023WN280056.txt,Členové teroristických skupin,False,False,False,True
2023-10-07T00-00-00_2023WN280056.txt,Nezávislí experti a analytici,True,False,False,True
2023-10-07T00-00-00_2023WN280056.txt,Média a novináři,False,False,False,True
2023-10-07T00-00-00_2023WN280056.txt,Očití svědci a civilisté z Izraele,False,False,False,True
2023-10-07T00-00-00_2023WN280056.txt,Očití svědci a civilisté z Palestiny,False,False,False,True
2023-10-07T00-00-00_2023WN280056.txt,Jiní,False,False,False,True
2023-10-09T09-11-00_2023WN282037.txt,Političtí představitelé Izraele,True,False,False,True
2023-10-09T09-11-00_2023WN282037.txt,Političtí představitelé Palestiny,False,False,False,True
2023-10-09T09-11-00_2023WN282037.txt,Politici z blízkovýchodních zemí,False,False,False,True
2023-10-09T09-11-00_2023WN282037.txt,Politici ze ostatních světových zemí,True,False,False,True
2023-10-09T09-11-00_2023WN282037.txt,Představitelé mezinárodních a neziskových organizací,False,False,False,True
2023-10-09T09-11-00_2023WN282037.txt,Vojenští představitelé Izraele,False,False,False,True
2023-10-09T09-11-00_2023WN282037.txt,Členové teroristických skupin,False,False,False,True
2023-10-09T09-11-00_2023WN282037.txt,Nezávislí experti a analytici,False,False,False,True
2023-10-09T09-11-00_2023WN282037.txt,Média a novináři,True,True,True,False
2023-10-09T09-11-00_2023WN282037.txt,Očití svědci a civilisté z Izraele,True,True,True,False
2023-10-09T09-11-00_2023WN282037.txt,Očití svědci a civilisté z Palestiny,False,False,False,True
2023-10-09T09-11-00_2023WN282037.txt,Jiní,False,False,False,True
2023-10-09T12-53-00_2023WN282086.txt,Političtí představitelé Izraele,True,False,False,True
2023-10-09T12-53-00_2023WN282086.txt,Političtí představitelé Palestiny,False,False,False,True
2023-10-09T12-53-00_2023WN282086.txt,Politici z blízkovýchodních zemí,False,False,False,True
2023-10-09T12-53-00_2023WN282086.txt,Politici ze ostatních světových zemí,False,False,False,True
2023-10-09T12-53-00_2023WN282086.txt,Představitelé mezinárodních a neziskových organizací,True,True,True,False
2023-10-09T12-53-00_2023WN282086.txt,Vojenští představitelé Izraele,False,False,False,True
2023-10-09T12-53-00_2023WN282086.txt,Členové teroristických skupin,False,False,False,True
2023-10-09T12-53-00_2023WN282086.txt,Nezávislí experti a analytici,True,True,True,False
2023-10-09T12-53-00_2023WN282086.txt,Média a novináři,True,True,True,False
2023-10-09T12-53-00_2023WN282086.txt,Očití svědci a civilisté z Izraele,False,False,False,True
2023-10-09T12-53-00_2023WN282086.txt,Očití svědci a civilisté z Palestiny,False,False,False,True
2023-10-09T12-53-00_2023WN282086.txt,Jiní,False,False,False,True
2023-10-09T14-50-00_2023WN282113.txt,Političtí představitelé Izraele,False,False,False,True
2023-10-09T14-50-00_2023WN282113.txt,Političtí představitelé Palestiny,False,False,False,True
2023-10-09T14-50-00_2023WN282113.txt,Politici z blízkovýchodních zemí,False,False,False,True
2023-10-09T14-50-00_2023WN282113.txt,Politici ze ostatních světových zemí,True,True,True,False
2023-10-09T14-50-00_2023WN282113.txt,Představitelé mezinárodních a neziskových organizací,False,False,False,True
2023-10-09T14-50-00_2023WN282113.txt,Vojenští představitelé Izraele,False,False,False,True
2023-10-09T14-50-00_2023WN282113.txt,Členové teroristických skupin,False,False,False,True
2023-10-09T14-50-00_2023WN282113.txt,Nezávislí experti a analytici,False,False,False,True
2023-10-09T14-50-00_2023WN282113.txt,Média a novináři,True,True,True,False
2023-10-09T14-50-00_2023WN282113.txt,Očití svědci a civilisté z Izraele,False,False,False,True
2023-10-09T14-50-00_2023WN282113.txt,Očití svědci a civilisté z Palestiny,False,False,False,True
2023-10-09T14-50-00_2023WN282113.txt,Jiní,False,False,False,True
2023-10-09T16-46-00_2023WN282130.txt,Političtí představitelé Izraele,False,False,False,True
2023-10-09T16-46-00_2023WN282130.txt,Političtí představitelé Palestiny,False,False,False,True
2023-10-09T16-46-00_2023WN282130.txt,Politici z blízkovýchodních zemí,False,False,False,True
2023-10-09T16-46-00_2023WN282130.txt,Politici ze ostatních světových zemí,False,False,False,True
2023-10-09T16-46-00_2023WN282130.txt,Představitelé mezinárodních a neziskových organizací,False,False,False,True
2023-10-09T16-46-00_2023WN282130.txt,Vojenští představitelé Izraele,False,False,False,True
2023-10-09T16-46-00_2023WN282130.txt,Členové teroristických skupin,False,False,False,True
2023-10-09T16-46-00_2023WN282130.txt,Nezávislí experti a analytici,False,False,False,True
2023-10-09T16-46-00_2023WN282130.txt,Média a novináři,True,True,True,False
2023-10-09T16-46-00_2023WN282130.txt,Očití svědci a civilisté z Izraele,False,False,False,True
2023-10-09T16-46-00_2023WN282130.txt,Očití svědci a civilisté z Palestiny,False,False,False,True
2023-10-09T16-46-00_2023WN282130.txt,Jiní,False,False,False,True
2023-10-10T18-48-00_2023WN283308.txt,Političtí představitelé Izraele,True,False,False,True
2023-10-10T18-48-00_2023WN283308.txt,Političtí představitelé Palestiny,False,False,False,True
2023-10-10T18-48-00_2023WN283308.txt,Politici z blízkovýchodních zemí,False,False,False,True
2023-10-10T18-48-00_2023WN283308.txt,Politici ze ostatních světových zemí,False,False,False,True
2023-10-10T18-48-00_2023WN283308.txt,Představitelé mezinárodních a neziskových organizací,False,False,False,True
2023-10-10T18-48-00_2023WN283308.txt,Vojenští představitelé Izraele,True,True,True,False
2023-10-10T18-48-00_2023WN283308.txt,Členové teroristických skupin,False,False,False,True
2023-10-10T18-48-00_2023WN283308.txt,Nezávislí experti a analytici,False,False,False,True
2023-10-10T18-48-00_2023WN283308.txt,Média a novináři,True,True,True,False
2023-10-10T18-48-00_2023WN283308.txt,Očití svědci a civilisté z Izraele,False,False,False,True
2023-10-10T18-48-00_2023WN283308.txt,Očití svědci a civilisté z Palestiny,False,False,False,True
2023-10-10T18-48-00_2023WN283308.txt,Jiní,False,False,False,True
2023-10-10T18-51-00_2023WN283162.txt,Političtí představitelé Izraele,False,False,False,True
2023-10-10T18-51-00_2023WN283162.txt,Političtí představitelé Palestiny,False,False,False,True
2023-10-10T18-51-00_2023WN283162.txt,Politici z blízkovýchodních zemí,False,False,False,True
2023-10-10T18-51-00_2023WN283162.txt,Politici ze ostatních světových zemí,True,True,True,False
2023-10-10T18-51-00_2023WN283162.txt,Představitelé mezinárodních a neziskových organizací,True,True,True,False
2023-10-10T18-51-00_2023WN283162.txt,Vojenští představitelé Izraele,False,False,False,True
2023-10-10T18-51-00_2023WN283162.txt,Členové teroristických skupin,False,False,False,True
2023-10-10T18-51-00_2023WN283162.txt,Nezávislí experti a analytici,False,False,False,True
2023-10-10T18-51-00_2023WN283162.txt,Média a novináři,True,False,False,True
2023-10-10T18-51-00_2023WN283162.txt,Očití svědci a civilisté z Izraele,False,False,False,True
2023-10-10T18-51-00_2023WN283162.txt,Očití svědci a civilisté z Palestiny,False,False,False,True
2023-10-10T18-51-00_2023WN283162.txt,Jiní,False,False,False,True
2023-10-10T21-42-00_2023WN283183.txt,Političtí představitelé Izraele,False,False,False,True
2023-10-10T21-42-00_2023WN283183.txt,Političtí představitelé Palestiny,False,False,False,True
2023-10-10T21-42-00_2023WN283183.txt,Politici z blízkovýchodních zemí,False,False,False,True
2023-10-10T21-42-00_2023WN283183.txt,Politici ze ostatních světových zemí,False,False,False,True
2023-10-10T21-42-00_2023WN283183.txt,Představitelé mezinárodních a neziskových organizací,False,False,False,True
2023-10-10T21-42-00_2023WN283183.txt,Vojenští představitelé Izraele,False,False,False,True
2023-10-10T21-42-00_2023WN283183.txt,Členové teroristických skupin,False,False,False,True
2023-10-10T21-42-00_2023WN283183.txt,Nezávislí experti a analytici,False,False,False,True
2023-10-10T21-42-00_2023WN283183.txt,Média a novináři,False,False,False,True
2023-10-10T21-42-00_2023WN283183.txt,Očití svědci a civilisté z Izraele,True,True,True,False
2023-10-10T21-42-00_2023WN283183.txt,Očití svědci a civilisté z Palestiny,False,False,False,True
2023-10-10T21-42-00_2023WN283183.txt,Jiní,False,False,False,True
2023-10-11T09-07-00_2023WN284024.txt,Političtí představitelé Izraele,False,False,False,True
2023-10-11T09-07-00_2023WN284024.txt,Političtí představitelé Palestiny,False,False,False,True
2023-10-11T09-07-00_2023WN284024.txt,Politici z blízkovýchodních zemí,False,False,False,True
2023-10-11T09-07-00_2023WN284024.txt,Politici ze ostatních světových zemí,False,False,False,True
2023-10-11T09-07-00_2023WN284024.txt,Představitelé mezinárodních a neziskových organizací,False,False,False,True
2023-10-11T09-07-00_2023WN284024.txt,Vojenští představitelé Izraele,False,False,False,True
2023-10-11T09-07-00_2023WN284024.txt,Členové teroristických skupin,False,False,False,True
2023-10-11T09-07-00_2023WN284024.txt,Nezávislí experti a analytici,True,True,True,False
2023-10-11T09-07-00_2023WN284024.txt,Média a novináři,False,False,False,True
2023-10-11T09-07-00_2023WN284024.txt,Očití svědci a civilisté z Izraele,False,False,False,True
2023-10-11T09-07-00_2023WN284024.txt,Očití svědci a civilisté z Palestiny,False,False,False,True
2023-10-11T09-07-00_2023WN284024.txt,Jiní,False,False,False,True
2023-10-12T12-23-00_2023WN285197.txt,Političtí představitelé Izraele,True,True,True,False
2023-10-12T12-23-00_2023WN285197.txt,Političtí představitelé Palestiny,True,False,False,True
2023-10-12T12-23-00_2023WN285197.txt,Politici z blízkovýchodních zemí,False,False,False,True
2023-10-12T12-23-00_2023WN285197.txt,Politici ze ostatních světových zemí,False,True,False,True
2023-10-12T12-23-00_2023WN285197.txt,Představitelé mezinárodních a neziskových organizací,False,False,False,True
2023-10-12T12-23-00_2023WN285197.txt,Vojenští představitelé Izraele,False,False,False,True
2023-10-12T12-23-00_2023WN285197.txt,Členové teroristických skupin,False,False,False,True
2023-10-12T12-23-00_2023WN285197.txt,Nezávislí experti a analytici,False,False,False,True
2023-10-12T12-23-00_2023WN285197.txt,Média a novináři,True,True,True,False
2023-10-12T12-23-00_2023WN285197.txt,Očití svědci a civilisté z Izraele,False,False,False,True
2023-10-12T12-23-00_2023WN285197.txt,Očití svědci a civilisté z Palestiny,False,False,False,True
2023-10-12T12-23-00_2023WN285197.txt,Jiní,False,False,False,True
2023-10-12T13-54-00_2023WN285106.txt,Političtí představitelé Izraele,False,True,False,True
2023-10-12T13-54-00_2023WN285106.txt,Političtí představitelé Palestiny,False,False,False,True
2023-10-12T13-54-00_2023WN285106.txt,Politici z blízkovýchodních zemí,False,False,False,True
2023-10-12T13-54-00_2023WN285106.txt,Politici ze ostatních světových zemí,False,False,False,True
2023-10-12T13-54-00_2023WN285106.txt,Představitelé mezinárodních a neziskových organizací,False,False,False,True
2023-10-12T13-54-00_2023WN285106.txt,Vojenští představitelé Izraele,False,False,False,True
2023-10-12T13-54-00_2023WN285106.txt,Členové teroristických skupin,False,False,False,True
2023-10-12T13-54-00_2023WN285106.txt,Nezávislí experti a analytici,True,False,False,True
2023-10-12T13-54-00_2023WN285106.txt,Média a novináři,True,True,True,False
2023-10-12T13-54-00_2023WN285106.txt,Očití svědci a civilisté z Izraele,False,True,False,True
2023-10-12T13-54-00_2023WN285106.txt,Očití svědci a civilisté z Palestiny,False,False,False,True
2023-10-12T13-54-00_2023WN285106.txt,Jiní,False,False,False,True
2023-10-12T16-14-00_2023WN285137.txt,Političtí představitelé Izraele,False,False,False,True
2023-10-12T16-14-00_2023WN285137.txt,Političtí představitelé Palestiny,False,False,False,True
2023-10-12T16-14-00_2023WN285137.txt,Politici z blízkovýchodních zemí,False,False,False,True
2023-10-12T16-14-00_2023WN285137.txt,Politici ze ostatních světových zemí,True,True,True,False
2023-10-12T16-14-00_2023WN285137.txt,Představitelé mezinárodních a neziskových organizací,False,False,False,True
2023-10-12T16-14-00_2023WN285137.txt,Vojenští představitelé Izraele,False,False,False,True
2023-10-12T16-14-00_2023WN285137.txt,Členové teroristických skupin,False,False,False,True
2023-10-12T16-14-00_2023WN285137.txt,Nezávislí experti a analytici,False,False,False,True
2023-10-12T16-14-00_2023WN285137.txt,Média a novináři,False,False,False,True
2023-10-12T16-14-00_2023WN285137.txt,Očití svědci a civilisté z Izraele,False,False,False,True
2023-10-12T16-14-00_2023WN285137.txt,Očití svědci a civilisté z Palestiny,False,False,False,True
2023-10-12T16-14-00_2023WN285137.txt,Jiní,False,False,False,True
2023-10-13T06-36-00_2023WN286013.txt,Političtí představitelé Izraele,False,False,False,True
2023-10-13T06-36-00_2023WN286013.txt,Političtí představitelé Palestiny,False,False,False,True
2023-10-13T06-36-00_2023WN286013.txt,Politici z blízkovýchodních zemí,False,False,False,True
2023-10-13T06-36-00_2023WN286013.txt,Politici ze ostatních světových zemí,True,True,True,False
2023-10-13T06-36-00_2023WN286013.txt,Představitelé mezinárodních a neziskových organizací,False,False,False,True
2023-10-13T06-36-00_2023WN286013.txt,Vojenští představitelé Izraele,False,False,False,True
2023-10-13T06-36-00_2023WN286013.txt,Členové teroristických skupin,False,False,False,True
2023-10-13T06-36-00_2023WN286013.txt,Nezávislí experti a analytici,False,False,False,True
2023-10-13T06-36-00_2023WN286013.txt,Média a novináři,False,True,False,True
2023-10-13T06-36-00_2023WN286013.txt,Očití svědci a civilisté z Izraele,False,False,False,True
2023-10-13T06-36-00_2023WN286013.txt,Očití svědci a civilisté z Palestiny,False,False,False,True
2023-10-13T06-36-00_2023WN286013.txt,Jiní,False,False,False,True
2023-10-15T14-52-00_2023WN288050.txt,Političtí představitelé Izraele,False,False,False,True
2023-10-15T14-52-00_2023WN288050.txt,Političtí představitelé Palestiny,False,False,False,True
2023-10-15T14-52-00_2023WN288050.txt,Politici z blízkovýchodních zemí,False,False,False,True
2023-10-15T14-52-00_2023WN288050.txt,Politici ze ostatních světových zemí,True,True,True,False
2023-10-15T14-52-00_2023WN288050.txt,Představitelé mezinárodních a neziskových organizací,False,False,False,True
2023-10-15T14-52-00_2023WN288050.txt,Vojenští představitelé Izraele,False,False,False,True
2023-10-15T14-52-00_2023WN288050.txt,Členové teroristických skupin,False,False,False,True
2023-10-15T14-52-00_2023WN288050.txt,Nezávislí experti a analytici,False,False,False,True
2023-10-15T14-52-00_2023WN288050.txt,Média a novináři,False,False,False,True
2023-10-15T14-52-00_2023WN288050.txt,Očití svědci a civilisté z Izraele,False,False,False,True
2023-10-15T14-52-00_2023WN288050.txt,Očití svědci a civilisté z Palestiny,False,False,False,True
2023-10-15T14-52-00_2023WN288050.txt,Jiní,False,False,False,True
2023-10-15T20-07-00_2023WN288080.txt,Političtí představitelé Izraele,True,True,True,False
2023-10-15T20-07-00_2023WN288080.txt,Političtí představitelé Palestiny,False,False,False,True
2023-10-15T20-07-00_2023WN288080.txt,Politici z blízkovýchodních zemí,False,False,False,True
2023-10-15T20-07-00_2023WN288080.txt,Politici ze ostatních světových zemí,True,True,True,False
2023-10-15T20-07-00_2023WN288080.txt,Představitelé mezinárodních a neziskových organizací,True,True,True,False
2023-10-15T20-07-00_2023WN288080.txt,Vojenští představitelé Izraele,False,False,False,True
2023-10-15T20-07-00_2023WN288080.txt,Členové teroristických skupin,False,False,False,True
2023-10-15T20-07-00_2023WN288080.txt,Nezávislí experti a analytici,False,False,False,True
2023-10-15T20-07-00_2023WN288080.txt,Média a novináři,True,True,True,False
2023-10-15T20-07-00_2023WN288080.txt,Očití svědci a civilisté z Izraele,False,False,False,True
2023-10-15T20-07-00_2023WN288080.txt,Očití svědci a civilisté z Palestiny,False,True,False,True
2023-10-15T20-07-00_2023WN288080.txt,Jiní,False,False,False,True
2023-10-16T10-36-00_2023WN289052.txt,Političtí představitelé Izraele,False,False,False,True
2023-10-16T10-36-00_2023WN289052.txt,Političtí představitelé Palestiny,False,False,False,True
2023-10-16T10-36-00_2023WN289052.txt,Politici z blízkovýchodních zemí,False,False,False,True
2023-10-16T10-36-00_2023WN289052.txt,Politici ze ostatních světových zemí,True,True,True,False
2023-10-16T10-36-00_2023WN289052.txt,Představitelé mezinárodních a neziskových organizací,True,True,True,False
2023-10-16T10-36-00_2023WN289052.txt,Vojenští představitelé Izraele,True,False,False,True
2023-10-16T10-36-00_2023WN289052.txt,Členové teroristických skupin,False,False,False,True
2023-10-16T10-36-00_2023WN289052.txt,Nezávislí experti a analytici,False,False,False,True
2023-10-16T10-36-00_2023WN289052.txt,Média a novináři,True,True,True,False
2023-10-16T10-36-00_2023WN289052.txt,Očití svědci a civilisté z Izraele,False,False,False,True
2023-10-16T10-36-00_2023WN289052.txt,Očití svědci a civilisté z Palestiny,False,False,False,True
2023-10-16T10-36-00_2023WN289052.txt,Jiní,False,False,False,True
2023-10-18T13-55-00_2023WN291081.txt,Političtí představitelé Izraele,False,False,False,True
2023-10-18T13-55-00_2023WN291081.txt,Političtí představitelé Palestiny,False,False,False,True
2023-10-18T13-55-00_2023WN291081.txt,Politici z blízkovýchodních zemí,False,False,False,True
2023-10-18T13-55-00_2023WN291081.txt,Politici ze ostatních světových zemí,False,False,False,True
2023-10-18T13-55-00_2023WN291081.txt,Představitelé mezinárodních a neziskových organizací,False,False,False,True
2023-10-18T13-55-00_2023WN291081.txt,Vojenští představitelé Izraele,False,False,False,True
2023-10-18T13-55-00_2023WN291081.txt,Členové teroristických skupin,False,False,False,True
2023-10-18T13-55-00_2023WN291081.txt,Nezávislí experti a analytici,False,False,False,True
2023-10-18T13-55-00_2023WN291081.txt,Média a novináři,False,False,False,True
2023-10-18T13-55-00_2023WN291081.txt,Očití svědci a civilisté z Izraele,True,True,True,False
2023-10-18T13-55-00_2023WN291081.txt,Očití svědci a civilisté z Palestiny,False,False,False,True
2023-10-18T13-55-00_2023WN291081.txt,Jiní,False,False,False,True
2023-10-18T18-43-00_2023WN291136.txt,Političtí představitelé Izraele,True,False,False,True
2023-10-18T18-43-00_2023WN291136.txt,Političtí představitelé Palestiny,True,False,False,True
2023-10-18T18-43-00_2023WN291136.txt,Politici z blízkovýchodních zemí,True,True,True,False
2023-10-18T18-43-00_2023WN291136.txt,Politici ze ostatních světových zemí,False,False,False,True
2023-10-18T18-43-00_2023WN291136.txt,Představitelé mezinárodních a neziskových organizací,False,True,False,True
2023-10-18T18-43-00_2023WN291136.txt,Vojenští představitelé Izraele,True,True,True,False
2023-10-18T18-43-00_2023WN291136.txt,Členové teroristických skupin,True,True,True,False
2023-10-18T18-43-00_2023WN291136.txt,Nezávislí experti a analytici,False,False,False,True
2023-10-18T18-43-00_2023WN291136.txt,Média a novináři,True,True,True,False
2023-10-18T18-43-00_2023WN291136.txt,Očití svědci a civilisté z Izraele,False,False,False,True
2023-10-18T18-43-00_2023WN291136.txt,Očití svědci a civilisté z Palestiny,False,False,False,True
2023-10-18T18-43-00_2023WN291136.txt,Jiní,False,False,False,True
2023-10-19T10-57-00_2023WN292057.txt,Političtí představitelé Izraele,True,False,False,True
2023-10-19T10-57-00_2023WN292057.txt,Političtí představitelé Palestiny,False,False,False,True
2023-10-19T10-57-00_2023WN292057.txt,Politici z blízkovýchodních zemí,False,False,False,True
2023-10-19T10-57-00_2023WN292057.txt,Politici ze ostatních světových zemí,False,False,False,True
2023-10-19T10-57-00_2023WN292057.txt,Představitelé mezinárodních a neziskových organizací,False,False,False,True
2023-10-19T10-57-00_2023WN292057.txt,Vojenští představitelé Izraele,False,False,False,True
2023-10-19T10-57-00_2023WN292057.txt,Členové teroristických skupin,False,False,False,True
2023-10-19T10-57-00_2023WN292057.txt,Nezávislí experti a analytici,False,False,False,True
2023-10-19T10-57-00_2023WN292057.txt,Média a novináři,True,True,True,False
2023-10-19T10-57-00_2023WN292057.txt,Očití svědci a civilisté z Izraele,False,False,False,True
2023-10-19T10-57-00_2023WN292057.txt,Očití svědci a civilisté z Palestiny,False,False,False,True
2023-10-19T10-57-00_2023WN292057.txt,Jiní,False,False,False,True
2023-10-19T15-13-00_2023WN292147.txt,Političtí představitelé Izraele,False,False,False,True
2023-10-19T15-13-00_2023WN292147.txt,Političtí představitelé Palestiny,False,False,False,True
2023-10-19T15-13-00_2023WN292147.txt,Politici z blízkovýchodních zemí,False,False,False,True
2023-10-19T15-13-00_2023WN292147.txt,Politici ze ostatních světových zemí,True,False,False,True
2023-10-19T15-13-00_2023WN292147.txt,Představitelé mezinárodních a neziskových organizací,True,False,False,True
2023-10-19T15-13-00_2023WN292147.txt,Vojenští představitelé Izraele,False,False,False,True
2023-10-19T15-13-00_2023WN292147.txt,Členové teroristických skupin,False,False,False,True
2023-10-19T15-13-00_2023WN292147.txt,Nezávislí experti a analytici,False,False,False,True
2023-10-19T15-13-00_2023WN292147.txt,Média a novináři,False,True,False,True
2023-10-19T15-13-00_2023WN292147.txt,Očití svědci a civilisté z Izraele,False,False,False,True
2023-10-19T15-13-00_2023WN292147.txt,Očití svědci a civilisté z Palestiny,False,False,False,True
2023-10-19T15-13-00_2023WN292147.txt,Jiní,False,False,False,True
2023-10-22T07-25-00_2023WN295017.txt,Političtí představitelé Izraele,False,False,False,True
2023-10-22T07-25-00_2023WN295017.txt,Političtí představitelé Palestiny,False,False,False,True
2023-10-22T07-25-00_2023WN295017.txt,Politici z blízkovýchodních zemí,False,False,False,True
2023-10-22T07-25-00_2023WN295017.txt,Politici ze ostatních světových zemí,True,False,False,True
2023-10-22T07-25-00_2023WN295017.txt,Představitelé mezinárodních a neziskových organizací,True,False,False,True
2023-10-22T07-25-00_2023WN295017.txt,Vojenští představitelé Izraele,False,False,False,True
2023-10-22T07-25-00_2023WN295017.txt,Členové teroristických skupin,False,False,False,True
2023-10-22T07-25-00_2023WN295017.txt,Nezávislí experti a analytici,False,False,False,True
2023-10-22T07-25-00_2023WN295017.txt,Média a novináři,False,True,False,True
2023-10-22T07-25-00_2023WN295017.txt,Očití svědci a civilisté z Izraele,False,False,False,True
2023-10-22T07-25-00_2023WN295017.txt,Očití svědci a civilisté z Palestiny,False,False,False,True
2023-10-22T07-25-00_2023WN295017.txt,Jiní,False,False,False,True
2023-10-22T07-25-00_2023WN295038.txt,Političtí představitelé Izraele,False,False,False,True
2023-10-22T07-25-00_2023WN295038.txt,Političtí představitelé Palestiny,False,False,False,True
2023-10-22T07-25-00_2023WN295038.txt,Politici z blízkovýchodních zemí,True,False,False,True
2023-10-22T07-25-00_2023WN295038.txt,Politici ze ostatních světových zemí,False,False,False,True
2023-10-22T07-25-00_2023WN295038.txt,Představitelé mezinárodních a neziskových organizací,False,False,False,True
2023-10-22T07-25-00_2023WN295038.txt,Vojenští představitelé Izraele,True,True,True,False
2023-10-22T07-25-00_2023WN295038.txt,Členové teroristických skupin,False,False,False,True
2023-10-22T07-25-00_2023WN295038.txt,Nezávislí experti a analytici,False,False,False,True
2023-10-22T07-25-00_2023WN295038.txt,Média a novináři,True,True,True,False
2023-10-22T07-25-00_2023WN295038.txt,Očití svědci a civilisté z Izraele,False,False,False,True
2023-10-22T07-25-00_2023WN295038.txt,Očití svědci a civilisté z Palestiny,False,False,False,True
2023-10-22T07-25-00_2023WN295038.txt,Jiní,False,False,False,True
2023-10-23T09-18-00_2023WN296031.txt,Političtí představitelé Izraele,False,False,False,True
2023-10-23T09-18-00_2023WN296031.txt,Političtí představitelé Palestiny,False,False,False,True
2023-10-23T09-18-00_2023WN296031.txt,Politici z blízkovýchodních zemí,False,False,False,True
2023-10-23T09-18-00_2023WN296031.txt,Politici ze ostatních světových zemí,True,True,True,False
2023-10-23T09-18-00_2023WN296031.txt,Představitelé mezinárodních a neziskových organizací,False,False,False,True
2023-10-23T09-18-00_2023WN296031.txt,Vojenští představitelé Izraele,False,False,False,True
2023-10-23T09-18-00_2023WN296031.txt,Členové teroristických skupin,False,False,False,True
2023-10-23T09-18-00_2023WN296031.txt,Nezávislí experti a analytici,False,False,False,True
2023-10-23T09-18-00_2023WN296031.txt,Média a novináři,True,True,True,False
2023-10-23T09-18-00_2023WN296031.txt,Očití svědci a civilisté z Izraele,False,False,False,True
2023-10-23T09-18-00_2023WN296031.txt,Očití svědci a civilisté z Palestiny,False,False,False,True
2023-10-23T09-18-00_2023WN296031.txt,Jiní,False,False,False,True
2023-10-23T12-37-00_2023WN296192.txt,Političtí představitelé Izraele,False,False,False,True
2023-10-23T12-37-00_2023WN296192.txt,Političtí představitelé Palestiny,False,False,False,True
2023-10-23T12-37-00_2023WN296192.txt,Politici z blízkovýchodních zemí,False,False,False,True
2023-10-23T12-37-00_2023WN296192.txt,Politici ze ostatních světových zemí,False,False,False,True
2023-10-23T12-37-00_2023WN296192.txt,Představitelé mezinárodních a neziskových organizací,False,False,False,True
2023-10-23T12-37-00_2023WN296192.txt,Vojenští představitelé Izraele,False,False,False,True
2023-10-23T12-37-00_2023WN296192.txt,Členové teroristických skupin,True,True,True,False
2023-10-23T12-37-00_2023WN296192.txt,Nezávislí experti a analytici,False,False,False,True
2023-10-23T12-37-00_2023WN296192.txt,Média a novináři,True,True,True,False
2023-10-23T12-37-00_2023WN296192.txt,Očití svědci a civilisté z Izraele,False,False,False,True
2023-10-23T12-37-00_2023WN296192.txt,Očití svědci a civilisté z Palestiny,False,False,False,True
2023-10-23T12-37-00_2023WN296192.txt,Jiní,False,False,False,True
2023-10-24T08-41-00_2023WN297021.txt,Političtí představitelé Izraele,False,False,False,True
2023-10-24T08-41-00_2023WN297021.txt,Političtí představitelé Palestiny,False,False,False,True
2023-10-24T08-41-00_2023WN297021.txt,Politici z blízkovýchodních zemí,False,False,False,True
2023-10-24T08-41-00_2023WN297021.txt,Politici ze ostatních světových zemí,True,True,True,False
2023-10-24T08-41-00_2023WN297021.txt,Představitelé mezinárodních a neziskových organizací,False,False,False,True
2023-10-24T08-41-00_2023WN297021.txt,Vojenští představitelé Izraele,False,False,False,True
2023-10-24T08-41-00_2023WN297021.txt,Členové teroristických skupin,False,False,False,True
2023-10-24T08-41-00_2023WN297021.txt,Nezávislí experti a analytici,False,False,False,True
2023-10-24T08-41-00_2023WN297021.txt,Média a novináři,False,True,False,True
2023-10-24T08-41-00_2023WN297021.txt,Očití svědci a civilisté z Izraele,False,False,False,True
2023-10-24T08-41-00_2023WN297021.txt,Očití svědci a civilisté z Palestiny,False,False,False,True
2023-10-24T08-41-00_2023WN297021.txt,Jiní,False,False,False,True
2023-10-24T12-12-00_2023WN297062.txt,Političtí představitelé Izraele,True,False,False,True
2023-10-24T12-12-00_2023WN297062.txt,Političtí představitelé Palestiny,False,False,False,True
2023-10-24T12-12-00_2023WN297062.txt,Politici z blízkovýchodních zemí,False,False,False,True
2023-10-24T12-12-00_2023WN297062.txt,Politici ze ostatních světových zemí,False,False,False,True
2023-10-24T12-12-00_2023WN297062.txt,Představitelé mezinárodních a neziskových organizací,False,False,False,True
2023-10-24T12-12-00_2023WN297062.txt,Vojenští představitelé Izraele,False,False,False,True
2023-10-24T12-12-00_2023WN297062.txt,Členové teroristických skupin,True,True,True,False
2023-10-24T12-12-00_2023WN297062.txt,Nezávislí experti a analytici,False,False,False,True
2023-10-24T12-12-00_2023WN297062.txt,Média a novináři,False,False,False,True
2023-10-24T12-12-00_2023WN297062.txt,Očití svědci a civilisté z Izraele,False,False,False,True
2023-10-24T12-12-00_2023WN297062.txt,Očití svědci a civilisté z Palestiny,False,False,False,True
2023-10-24T12-12-00_2023WN297062.txt,Jiní,False,False,False,True
2023-10-26T00-00-00_2023WN299091.txt,Političtí představitelé Izraele,False,False,False,True
2023-10-26T00-00-00_2023WN299091.txt,Političtí představitelé Palestiny,False,False,False,True
2023-10-26T00-00-00_2023WN299091.txt,Politici z blízkovýchodních zemí,False,False,False,True
2023-10-26T00-00-00_2023WN299091.txt,Politici ze ostatních světových zemí,False,False,False,True
2023-10-26T00-00-00_2023WN299091.txt,Představitelé mezinárodních a neziskových organizací,False,False,False,True
2023-10-26T00-00-00_2023WN299091.txt,Vojenští představitelé Izraele,False,False,False,True
2023-10-26T00-00-00_2023WN299091.txt,Členové teroristických skupin,False,False,False,True
2023-10-26T00-00-00_2023WN299091.txt,Nezávislí experti a analytici,True,True,True,False
2023-10-26T00-00-00_2023WN299091.txt,Média a novináři,False,False,False,True
2023-10-26T00-00-00_2023WN299091.txt,Očití svědci a civilisté z Izraele,False,False,False,True
2023-10-26T00-00-00_2023WN299091.txt,Očití svědci a civilisté z Palestiny,False,False,False,True
2023-10-26T00-00-00_2023WN299091.txt,Jiní,False,False,False,True
2023-10-26T00-00-00_2023WN299176.txt,Političtí představitelé Izraele,False,False,False,True
2023-10-26T00-00-00_2023WN299176.txt,Političtí představitelé Palestiny,False,False,False,True
2023-10-26T00-00-00_2023WN299176.txt,Politici z blízkovýchodních zemí,False,False,False,True
2023-10-26T00-00-00_2023WN299176.txt,Politici ze ostatních světových zemí,False,False,False,True
2023-10-26T00-00-00_2023WN299176.txt,Představitelé mezinárodních a neziskových organizací,False,False,False,True
2023-10-26T00-00-00_2023WN299176.txt,Vojenští představitelé Izraele,False,False,False,True
2023-10-26T00-00-00_2023WN299176.txt,Členové teroristických skupin,False,False,False,True
2023-10-26T00-00-00_2023WN299176.txt,Nezávislí experti a analytici,False,False,False,True
2023-10-26T00-00-00_2023WN299176.txt,Média a novináři,True,True,True,False
2023-10-26T00-00-00_2023WN299176.txt,Očití svědci a civilisté z Izraele,False,False,False,True
2023-10-26T00-00-00_2023WN299176.txt,Očití svědci a civilisté z Palestiny,False,False,False,True
2023-10-26T00-00-00_2023WN299176.txt,Jiní,False,False,False,True
2023-10-26T00-00-00_2023WN299198.txt,Političtí představitelé Izraele,False,False,False,True
2023-10-26T00-00-00_2023WN299198.txt,Političtí představitelé Palestiny,False,False,False,True
2023-10-26T00-00-00_2023WN299198.txt,Politici z blízkovýchodních zemí,False,False,False,True
2023-10-26T00-00-00_2023WN299198.txt,Politici ze ostatních světových zemí,False,False,False,True
2023-10-26T00-00-00_2023WN299198.txt,Představitelé mezinárodních a neziskových organizací,False,False,False,True
2023-10-26T00-00-00_2023WN299198.txt,Vojenští představitelé Izraele,False,False,False,True
2023-10-26T00-00-00_2023WN299198.txt,Členové teroristických skupin,False,False,False,True
2023-10-26T00-00-00_2023WN299198.txt,Nezávislí experti a analytici,False,False,False,True
2023-10-26T00-00-00_2023WN299198.txt,Média a novináři,True,True,True,False
2023-10-26T00-00-00_2023WN299198.txt,Očití svědci a civilisté z Izraele,False,False,False,True
2023-10-26T00-00-00_2023WN299198.txt,Očití svědci a civilisté z Palestiny,False,False,False,True
2023-10-26T00-00-00_2023WN299198.txt,Jiní,False,False,False,True
2023-10-27T00-00-00_2023WN300050.txt,Političtí představitelé Izraele,False,False,False,True
2023-10-27T00-00-00_2023WN300050.txt,Političtí představitelé Palestiny,False,True,False,True
2023-10-27T00-00-00_2023WN300050.txt,Politici z blízkovýchodních zemí,False,False,False,True
2023-10-27T00-00-00_2023WN300050.txt,Politici ze ostatních světových zemí,False,False,False,True
2023-10-27T00-00-00_2023WN300050.txt,Představitelé mezinárodních a neziskových organizací,False,False,False,True
2023-10-27T00-00-00_2023WN300050.txt,Vojenští představitelé Izraele,False,False,False,True
2023-10-27T00-00-00_2023WN300050.txt,Členové teroristických skupin,True,False,False,True
2023-10-27T00-00-00_2023WN300050.txt,Nezávislí experti a analytici,False,False,False,True
2023-10-27T00-00-00_2023WN300050.txt,Média a novináři,True,True,True,False
2023-10-27T00-00-00_2023WN300050.txt,Očití svědci a civilisté z Izraele,False,False,False,True
2023-10-27T00-00-00_2023WN300050.txt,Očití svědci a civilisté z Palestiny,False,False,False,True
2023-10-27T00-00-00_2023WN300050.txt,Jiní,False,False,False,True
2023-10-30T00-00-00_2023WN303025.txt,Političtí představitelé Izraele,False,False,False,True
2023-10-30T00-00-00_2023WN303025.txt,Političtí představitelé Palestiny,False,False,False,True
2023-10-30T00-00-00_2023WN303025.txt,Politici z blízkovýchodních zemí,False,False,False,True
2023-10-30T00-00-00_2023WN303025.txt,Politici ze ostatních světových zemí,False,False,False,True
2023-10-30T00-00-00_2023WN303025.txt,Představitelé mezinárodních a neziskových organizací,False,False,False,True
2023-10-30T00-00-00_2023WN303025.txt,Vojenští představitelé Izraele,True,True,True,False
2023-10-30T00-00-00_2023WN303025.txt,Členové teroristických skupin,False,False,False,True
2023-10-30T00-00-00_2023WN303025.txt,Nezávislí experti a analytici,False,False,False,True
2023-10-30T00-00-00_2023WN303025.txt,Média a novináři,True,True,True,False
2023-10-30T00-00-00_2023WN303025.txt,Očití svědci a civilisté z Izraele,False,False,False,True
2023-10-30T00-00-00_2023WN303025.txt,Očití svědci a civilisté z Palestiny,False,False,False,True
2023-10-30T00-00-00_2023WN303025.txt,Jiní,False,False,False,True
2023-10-30T00-00-00_2023WN303134.txt,Političtí představitelé Izraele,False,False,False,True
2023-10-30T00-00-00_2023WN303134.txt,Političtí představitelé Palestiny,False,False,False,True
2023-10-30T00-00-00_2023WN303134.txt,Politici z blízkovýchodních zemí,False,False,False,True
2023-10-30T00-00-00_2023WN303134.txt,Politici ze ostatních světových zemí,False,False,False,True
2023-10-30T00-00-00_2023WN303134.txt,Představitelé mezinárodních a neziskových organizací,False,False,False,True
2023-10-30T00-00-00_2023WN303134.txt,Vojenští představitelé Izraele,True,False,False,True
2023-10-30T00-00-00_2023WN303134.txt,Členové teroristických skupin,False,False,False,True
2023-10-30T00-00-00_2023WN303134.txt,Nezávislí experti a analytici,False,False,False,True
2023-10-30T00-00-00_2023WN303134.txt,Média a novináři,True,True,True,False
2023-10-30T00-00-00_2023WN303134.txt,Očití svědci a civilisté z Izraele,True,True,True,False
2023-10-30T00-00-00_2023WN303134.txt,Očití svědci a civilisté z Palestiny,False,False,False,True
2023-10-30T00-00-00_2023WN303134.txt,Jiní,False,False,False,True
2023-10-30T11-19-00_2023WN303199.txt,Političtí představitelé Izraele,False,False,False,True
2023-10-30T11-19-00_2023WN303199.txt,Političtí představitelé Palestiny,False,False,False,True
2023-10-30T11-19-00_2023WN303199.txt,Politici z blízkovýchodních zemí,False,False,False,True
2023-10-30T11-19-00_2023WN303199.txt,Politici ze ostatních světových zemí,False,False,False,True
2023-10-30T11-19-00_2023WN303199.txt,Představitelé mezinárodních a neziskových organizací,False,False,False,True
2023-10-30T11-19-00_2023WN303199.txt,Vojenští představitelé Izraele,False,False,False,True
2023-10-30T11-19-00_2023WN303199.txt,Členové teroristických skupin,False,False,False,True
2023-10-30T11-19-00_2023WN303199.txt,Nezávislí experti a analytici,True,True,True,False
2023-10-30T11-19-00_2023WN303199.txt,Média a novináři,True,True,True,False
2023-10-30T11-19-00_2023WN303199.txt,Očití svědci a civilisté z Izraele,True,True,True,False
2023-10-30T11-19-00_2023WN303199.txt,Očití svědci a civilisté z Palestiny,False,False,False,True
2023-10-30T11-19-00_2023WN303199.txt,Jiní,False,False,False,True
2023-11-01T16-09-00_2023WN305157.txt,Političtí představitelé Izraele,False,False,False,True
2023-11-01T16-09-00_2023WN305157.txt,Političtí představitelé Palestiny,False,False,False,True
2023-11-01T16-09-00_2023WN305157.txt,Politici z blízkovýchodních zemí,False,False,False,True
2023-11-01T16-09-00_2023WN305157.txt,Politici ze ostatních světových zemí,True,True,True,False
2023-11-01T16-09-00_2023WN305157.txt,Představitelé mezinárodních a neziskových organizací,True,True,True,False
2023-11-01T16-09-00_2023WN305157.txt,Vojenští představitelé Izraele,False,False,False,True
2023-11-01T16-09-00_2023WN305157.txt,Členové teroristických skupin,False,False,False,True
2023-11-01T16-09-00_2023WN305157.txt,Nezávislí experti a analytici,False,False,False,True
2023-11-01T16-09-00_2023WN305157.txt,Média a novináři,False,False,False,True
2023-11-01T16-09-00_2023WN305157.txt,Očití svědci a civilisté z Izraele,False,False,False,True
2023-11-01T16-09-00_2023WN305157.txt,Očití svědci a civilisté z Palestiny,False,False,False,True
2023-11-01T16-09-00_2023WN305157.txt,Jiní,False,False,False,True
2023-11-02T08-14-00_2023WN306018.txt,Političtí představitelé Izraele,False,False,False,True
2023-11-02T08-14-00_2023WN306018.txt,Političtí představitelé Palestiny,False,True,False,True
2023-11-02T08-14-00_2023WN306018.txt,Politici z blízkovýchodních zemí,False,False,False,True
2023-11-02T08-14-00_2023WN306018.txt,Politici ze ostatních světových zemí,False,False,False,True
2023-11-02T08-14-00_2023WN306018.txt,Představitelé mezinárodních a neziskových organizací,False,False,False,True
2023-11-02T08-14-00_2023WN306018.txt,Vojenští představitelé Izraele,True,False,False,True
2023-11-02T08-14-00_2023WN306018.txt,Členové teroristických skupin,True,False,False,True
2023-11-02T08-14-00_2023WN306018.txt,Nezávislí experti a analytici,False,False,False,True
2023-11-02T08-14-00_2023WN306018.txt,Média a novináři,True,True,True,False
2023-11-02T08-14-00_2023WN306018.txt,Očití svědci a civilisté z Izraele,False,False,False,True
2023-11-02T08-14-00_2023WN306018.txt,Očití svědci a civilisté z Palestiny,False,False,False,True
2023-11-02T08-14-00_2023WN306018.txt,Jiní,False,False,False,True
2023-11-02T11-09-00_2023WN306067.txt,Političtí představitelé Izraele,False,False,False,True
2023-11-02T11-09-00_2023WN306067.txt,Političtí představitelé Palestiny,False,False,False,True
2023-11-02T11-09-00_2023WN306067.txt,Politici z blízkovýchodních zemí,False,False,False,True
2023-11-02T11-09-00_2023WN306067.txt,Politici ze ostatních světových zemí,True,True,True,False
2023-11-02T11-09-00_2023WN306067.txt,Představitelé mezinárodních a neziskových organizací,False,False,False,True
2023-11-02T11-09-00_2023WN306067.txt,Vojenští představitelé Izraele,False,False,False,True
2023-11-02T11-09-00_2023WN306067.txt,Členové teroristických skupin,False,False,False,True
2023-11-02T11-09-00_2023WN306067.txt,Nezávislí experti a analytici,False,False,False,True
2023-11-02T11-09-00_2023WN306067.txt,Média a novináři,False,False,False,True
2023-11-02T11-09-00_2023WN306067.txt,Očití svědci a civilisté z Izraele,False,False,False,True
2023-11-02T11-09-00_2023WN306067.txt,Očití svědci a civilisté z Palestiny,False,False,False,True
2023-11-02T11-09-00_2023WN306067.txt,Jiní,False,False,False,True
2023-11-04T16-30-00_2023WN308069.txt,Političtí představitelé Izraele,False,False,False,True
2023-11-04T16-30-00_2023WN308069.txt,Političtí představitelé Palestiny,True,False,False,True
2023-11-04T16-30-00_2023WN308069.txt,Politici z blízkovýchodních zemí,True,False,False,True
2023-11-04T16-30-00_2023WN308069.txt,Politici ze ostatních světových zemí,True,True,True,False
2023-11-04T16-30-00_2023WN308069.txt,Představitelé mezinárodních a neziskových organizací,False,False,False,True
2023-11-04T16-30-00_2023WN308069.txt,Vojenští představitelé Izraele,False,False,False,True
2023-11-04T16-30-00_2023WN308069.txt,Členové teroristických skupin,False,True,False,True
2023-11-04T16-30-00_2023WN308069.txt,Nezávislí experti a analytici,False,False,False,True
2023-11-04T16-30-00_2023WN308069.txt,Média a novináři,False,True,False,True
2023-11-04T16-30-00_2023WN308069.txt,Očití svědci a civilisté z Izraele,False,False,False,True
2023-11-04T16-30-00_2023WN308069.txt,Očití svědci a civilisté z Palestiny,False,False,False,True
2023-11-04T16-30-00_2023WN308069.txt,Jiní,False,False,False,True
2023-11-05T08-41-00_2023WN309011.txt,Političtí představitelé Izraele,False,False,False,True
2023-11-05T08-41-00_2023WN309011.txt,Političtí představitelé Palestiny,False,False,False,True
2023-11-05T08-41-00_2023WN309011.txt,Politici z blízkovýchodních zemí,False,False,False,True
2023-11-05T08-41-00_2023WN309011.txt,Politici ze ostatních světových zemí,False,False,False,True
2023-11-05T08-41-00_2023WN309011.txt,Představitelé mezinárodních a neziskových organizací,False,False,False,True
2023-11-05T08-41-00_2023WN309011.txt,Vojenští představitelé Izraele,False,False,False,True
2023-11-05T08-41-00_2023WN309011.txt,Členové teroristických skupin,False,False,False,True
2023-11-05T08-41-00_2023WN309011.txt,Nezávislí experti a analytici,False,False,False,True
2023-11-05T08-41-00_2023WN309011.txt,Média a novináři,True,False,False,True
2023-11-05T08-41-00_2023WN309011.txt,Očití svědci a civilisté z Izraele,False,False,False,True
2023-11-05T08-41-00_2023WN309011.txt,Očití svědci a civilisté z Palestiny,False,False,False,True
2023-11-05T08-41-00_2023WN309011.txt,Jiní,False,False,False,True
2023-11-05T08-41-00_2023WN309016.txt,Političtí představitelé Izraele,False,False,False,True
2023-11-05T08-41-00_2023WN309016.txt,Političtí představitelé Palestiny,False,False,False,True
2023-11-05T08-41-00_2023WN309016.txt,Politici z blízkovýchodních zemí,False,False,False,True
2023-11-05T08-41-00_2023WN309016.txt,Politici ze ostatních světových zemí,False,False,False,True
2023-11-05T08-41-00_2023WN309016.txt,Představitelé mezinárodních a neziskových organizací,False,False,False,True
2023-11-05T08-41-00_2023WN309016.txt,Vojenští představitelé Izraele,False,False,False,True
2023-11-05T08-41-00_2023WN309016.txt,Členové teroristických skupin,False,False,False,True
2023-11-05T08-41-00_2023WN309016.txt,Nezávislí experti a analytici,False,False,False,True
2023-11-05T08-41-00_2023WN309016.txt,Média a novináři,True,False,False,True
2023-11-05T08-41-00_2023WN309016.txt,Očití svědci a civilisté z Izraele,False,False,False,True
2023-11-05T08-41-00_2023WN309016.txt,Očití svědci a civilisté z Palestiny,False,False,False,True
2023-11-05T08-41-00_2023WN309016.txt,Jiní,False,False,False,True
2023-11-05T10-57-00_2023WN309100.txt,Političtí představitelé Izraele,False,False,False,True
2023-11-05T10-57-00_2023WN309100.txt,Političtí představitelé Palestiny,True,True,True,False
2023-11-05T10-57-00_2023WN309100.txt,Politici z blízkovýchodních zemí,False,False,False,True
2023-11-05T10-57-00_2023WN309100.txt,Politici ze ostatních světových zemí,True,True,True,False
2023-11-05T10-57-00_2023WN309100.txt,Představitelé mezinárodních a neziskových organizací,False,False,False,True
2023-11-05T10-57-00_2023WN309100.txt,Vojenští představitelé Izraele,False,False,False,True
2023-11-05T10-57-00_2023WN309100.txt,Členové teroristických skupin,False,False,False,True
2023-11-05T10-57-00_2023WN309100.txt,Nezávislí experti a analytici,False,False,False,True
2023-11-05T10-57-00_2023WN309100.txt,Média a novináři,False,True,False,True
2023-11-05T10-57-00_2023WN309100.txt,Očití svědci a civilisté z Izraele,False,False,False,True
2023-11-05T10-57-00_2023WN309100.txt,Očití svědci a civilisté z Palestiny,False,False,False,True
2023-11-05T10-57-00_2023WN309100.txt,Jiní,False,False,False,True
2023-11-08T08-45-00_2023WN312032.txt,Političtí představitelé Izraele,False,False,False,True
2023-11-08T08-45-00_2023WN312032.txt,Političtí představitelé Palestiny,False,False,False,True
2023-11-08T08-45-00_2023WN312032.txt,Politici z blízkovýchodních zemí,False,False,False,True
2023-11-08T08-45-00_2023WN312032.txt,Politici ze ostatních světových zemí,True,True,True,False
2023-11-08T08-45-00_2023WN312032.txt,Představitelé mezinárodních a neziskových organizací,False,False,False,True
2023-11-08T08-45-00_2023WN312032.txt,Vojenští představitelé Izraele,False,False,False,True
2023-11-08T08-45-00_2023WN312032.txt,Členové teroristických skupin,False,False,False,True
2023-11-08T08-45-00_2023WN312032.txt,Nezávislí experti a analytici,False,False,False,True
2023-11-08T08-45-00_2023WN312032.txt,Média a novináři,False,False,False,True
2023-11-08T08-45-00_2023WN312032.txt,Očití svědci a civilisté z Izraele,False,False,False,True
2023-11-08T08-45-00_2023WN312032.txt,Očití svědci a civilisté z Palestiny,False,False,False,True
2023-11-08T08-45-00_2023WN312032.txt,Jiní,False,False,False,True
2023-11-08T11-17-00_2023WN312083.txt,Političtí představitelé Izraele,False,False,False,True
2023-11-08T11-17-00_2023WN312083.txt,Političtí představitelé Palestiny,False,False,False,True
2023-11-08T11-17-00_2023WN312083.txt,Politici z blízkovýchodních zemí,False,False,False,True
2023-11-08T11-17-00_2023WN312083.txt,Politici ze ostatních světových zemí,False,False,False,True
2023-11-08T11-17-00_2023WN312083.txt,Představitelé mezinárodních a neziskových organizací,True,True,True,False
2023-11-08T11-17-00_2023WN312083.txt,Vojenští představitelé Izraele,False,False,False,True
2023-11-08T11-17-00_2023WN312083.txt,Členové teroristických skupin,False,False,False,True
2023-11-08T11-17-00_2023WN312083.txt,Nezávislí experti a analytici,False,False,False,True
2023-11-08T11-17-00_2023WN312083.txt,Média a novináři,True,True,True,False
2023-11-08T11-17-00_2023WN312083.txt,Očití svědci a civilisté z Izraele,False,False,False,True
2023-11-08T11-17-00_2023WN312083.txt,Očití svědci a civilisté z Palestiny,False,False,False,True
2023-11-08T11-17-00_2023WN312083.txt,Jiní,False,False,False,True
2023-11-08T17-35-00_2023WN312200.txt,Političtí představitelé Izraele,False,False,False,True
2023-11-08T17-35-00_2023WN312200.txt,Političtí představitelé Palestiny,False,False,False,True
2023-11-08T17-35-00_2023WN312200.txt,Politici z blízkovýchodních zemí,True,True,True,False
2023-11-08T17-35-00_2023WN312200.txt,Politici ze ostatních světových zemí,False,False,False,True
2023-11-08T17-35-00_2023WN312200.txt,Představitelé mezinárodních a neziskových organizací,False,False,False,True
2023-11-08T17-35-00_2023WN312200.txt,Vojenští představitelé Izraele,False,False,False,True
2023-11-08T17-35-00_2023WN312200.txt,Členové teroristických skupin,False,False,False,True
2023-11-08T17-35-00_2023WN312200.txt,Nezávislí experti a analytici,False,True,False,True
2023-11-08T17-35-00_2023WN312200.txt,Média a novináři,True,True,True,False
2023-11-08T17-35-00_2023WN312200.txt,Očití svědci a civilisté z Izraele,False,False,False,True
2023-11-08T17-35-00_2023WN312200.txt,Očití svědci a civilisté z Palestiny,False,False,False,True
2023-11-08T17-35-00_2023WN312200.txt,Jiní,False,False,False,True
2023-11-12T10-35-00_2023WN316132.txt,Političtí představitelé Izraele,False,False,False,True
2023-11-12T10-35-00_2023WN316132.txt,Političtí představitelé Palestiny,False,False,False,True
2023-11-12T10-35-00_2023WN316132.txt,Politici z blízkovýchodních zemí,False,False,False,True
2023-11-12T10-35-00_2023WN316132.txt,Politici ze ostatních světových zemí,True,False,False,True
2023-11-12T10-35-00_2023WN316132.txt,Představitelé mezinárodních a neziskových organizací,True,True,True,False
2023-11-12T10-35-00_2023WN316132.txt,Vojenští představitelé Izraele,False,False,False,True
2023-11-12T10-35-00_2023WN316132.txt,Členové teroristických skupin,False,False,False,True
2023-11-12T10-35-00_2023WN316132.txt,Nezávislí experti a analytici,False,False,False,True
2023-11-12T10-35-00_2023WN316132.txt,Média a novináři,True,True,True,False
2023-11-12T10-35-00_2023WN316132.txt,Očití svědci a civilisté z Izraele,False,False,False,True
2023-11-12T10-35-00_2023WN316132.txt,Očití svědci a civilisté z Palestiny,False,False,False,True
2023-11-12T10-35-00_2023WN316132.txt,Jiní,False,False,False,True
2023-11-13T08-16-00_2023WN317030.txt,Političtí představitelé Izraele,False,False,False,True
2023-11-13T08-16-00_2023WN317030.txt,Političtí představitelé Palestiny,False,False,False,True
2023-11-13T08-16-00_2023WN317030.txt,Politici z blízkovýchodních zemí,False,False,False,True
2023-11-13T08-16-00_2023WN317030.txt,Politici ze ostatních světových zemí,False,False,False,True
2023-11-13T08-16-00_2023WN317030.txt,Představitelé mezinárodních a neziskových organizací,True,True,True,False
2023-11-13T08-16-00_2023WN317030.txt,Vojenští představitelé Izraele,False,False,False,True
2023-11-13T08-16-00_2023WN317030.txt,Členové teroristických skupin,False,False,False,True
2023-11-13T08-16-00_2023WN317030.txt,Nezávislí experti a analytici,False,False,False,True
2023-11-13T08-16-00_2023WN317030.txt,Média a novináři,True,True,True,False
2023-11-13T08-16-00_2023WN317030.txt,Očití svědci a civilisté z Izraele,False,False,False,True
2023-11-13T08-16-00_2023WN317030.txt,Očití svědci a civilisté z Palestiny,False,True,False,True
2023-11-13T08-16-00_2023WN317030.txt,Jiní,False,False,False,True
2023-11-13T11-01-00_2023WN317254.txt,Političtí představitelé Izraele,False,False,False,True
2023-11-13T11-01-00_2023WN317254.txt,Političtí představitelé Palestiny,False,False,False,True
2023-11-13T11-01-00_2023WN317254.txt,Politici z blízkovýchodních zemí,False,False,False,True
2023-11-13T11-01-00_2023WN317254.txt,Politici ze ostatních světových zemí,True,True,True,False
2023-11-13T11-01-00_2023WN317254.txt,Představitelé mezinárodních a neziskových organizací,False,True,False,True
2023-11-13T11-01-00_2023WN317254.txt,Vojenští představitelé Izraele,False,False,False,True
2023-11-13T11-01-00_2023WN317254.txt,Členové teroristických skupin,False,False,False,True
2023-11-13T11-01-00_2023WN317254.txt,Nezávislí experti a analytici,False,False,False,True
2023-11-13T11-01-00_2023WN317254.txt,Média a novináři,True,True,True,False
2023-11-13T11-01-00_2023WN317254.txt,Očití svědci a civilisté z Izraele,False,False,False,True
2023-11-13T11-01-00_2023WN317254.txt,Očití svědci a civilisté z Palestiny,False,False,False,True
2023-11-13T11-01-00_2023WN317254.txt,Jiní,False,False,False,True
2023-11-15T13-35-00_2023WN319151.txt,Političtí představitelé Izraele,True,False,False,True
2023-11-15T13-35-00_2023WN319151.txt,Političtí představitelé Palestiny,False,False,False,True
2023-11-15T13-35-00_2023WN319151.txt,Politici z blízkovýchodních zemí,False,False,False,True
2023-11-15T13-35-00_2023WN319151.txt,Politici ze ostatních světových zemí,False,False,False,True
2023-11-15T13-35-00_2023WN319151.txt,Představitelé mezinárodních a neziskových organizací,False,False,False,True
2023-11-15T13-35-00_2023WN319151.txt,Vojenští představitelé Izraele,False,False,False,True
2023-11-15T13-35-00_2023WN319151.txt,Členové teroristických skupin,False,False,False,True
2023-11-15T13-35-00_2023WN319151.txt,Nezávislí experti a analytici,False,False,False,True
2023-11-15T13-35-00_2023WN319151.txt,Média a novináři,True,True,True,False
2023-11-15T13-35-00_2023WN319151.txt,Očití svědci a civilisté z Izraele,False,False,False,True
2023-11-15T13-35-00_2023WN319151.txt,Očití svědci a civilisté z Palestiny,False,False,False,True
2023-11-15T13-35-00_2023WN319151.txt,Jiní,False,False,False,True
2023-11-15T16-48-00_2023WN319208.txt,Političtí představitelé Izraele,False,True,False,True
2023-11-15T16-48-00_2023WN319208.txt,Političtí představitelé Palestiny,False,False,False,True
2023-11-15T16-48-00_2023WN319208.txt,Politici z blízkovýchodních zemí,True,True,True,False
2023-11-15T16-48-00_2023WN319208.txt,Politici ze ostatních světových zemí,False,True,False,True
2023-11-15T16-48-00_2023WN319208.txt,Představitelé mezinárodních a neziskových organizací,False,False,False,True
2023-11-15T16-48-00_2023WN319208.txt,Vojenští představitelé Izraele,False,False,False,True
2023-11-15T16-48-00_2023WN319208.txt,Členové teroristických skupin,False,False,False,True
2023-11-15T16-48-00_2023WN319208.txt,Nezávislí experti a analytici,False,False,False,True
2023-11-15T16-48-00_2023WN319208.txt,Média a novináři,True,True,True,False
2023-11-15T16-48-00_2023WN319208.txt,Očití svědci a civilisté z Izraele,False,False,False,True
2023-11-15T16-48-00_2023WN319208.txt,Očití svědci a civilisté z Palestiny,False,False,False,True
2023-11-15T16-48-00_2023WN319208.txt,Jiní,False,False,False,True
2023-11-16T08-16-00_2023WN320030.txt,Političtí představitelé Izraele,True,True,True,False
2023-11-16T08-16-00_2023WN320030.txt,Političtí představitelé Palestiny,False,False,False,True
2023-11-16T08-16-00_2023WN320030.txt,Politici z blízkovýchodních zemí,False,False,False,True
2023-11-16T08-16-00_2023WN320030.txt,Politici ze ostatních světových zemí,False,False,False,True
2023-11-16T08-16-00_2023WN320030.txt,Představitelé mezinárodních a neziskových organizací,True,True,True,False
2023-11-16T08-16-00_2023WN320030.txt,Vojenští představitelé Izraele,False,False,False,True
2023-11-16T08-16-00_2023WN320030.txt,Členové teroristických skupin,False,False,False,True
2023-11-16T08-16-00_2023WN320030.txt,Nezávislí experti a analytici,False,False,False,True
2023-11-16T08-16-00_2023WN320030.txt,Média a novináři,False,False,False,True
2023-11-16T08-16-00_2023WN320030.txt,Očití svědci a civilisté z Izraele,False,False,False,True
2023-11-16T08-16-00_2023WN320030.txt,Očití svědci a civilisté z Palestiny,False,False,False,True
2023-11-16T08-16-00_2023WN320030.txt,Jiní,False,False,False,True
2023-11-16T15-21-00_2023WN320146.txt,Političtí představitelé Izraele,False,False,False,True
2023-11-16T15-21-00_2023WN320146.txt,Političtí představitelé Palestiny,False,False,False,True
2023-11-16T15-21-00_2023WN320146.txt,Politici z blízkovýchodních zemí,False,False,False,True
2023-11-16T15-21-00_2023WN320146.txt,Politici ze ostatních světových zemí,False,True,False,True
2023-11-16T15-21-00_2023WN320146.txt,Představitelé mezinárodních a neziskových organizací,True,False,False,True
2023-11-16T15-21-00_2023WN320146.txt,Vojenští představitelé Izraele,False,False,False,True
2023-11-16T15-21-00_2023WN320146.txt,Členové teroristických skupin,False,False,False,True
2023-11-16T15-21-00_2023WN320146.txt,Nezávislí experti a analytici,False,False,False,True
2023-11-16T15-21-00_2023WN320146.txt,Média a novináři,True,True,True,False
2023-11-16T15-21-00_2023WN320146.txt,Očití svědci a civilisté z Izraele,False,False,False,True
2023-11-16T15-21-00_2023WN320146.txt,Očití svědci a civilisté z Palestiny,False,False,False,True
2023-11-16T15-21-00_2023WN320146.txt,Jiní,False,False,False,True
2023-11-19T19-42-00_2023WN323084.txt,Političtí představitelé Izraele,False,False,False,True
2023-11-19T19-42-00_2023WN323084.txt,Političtí představitelé Palestiny,False,False,False,True
2023-11-19T19-42-00_2023WN323084.txt,Politici z blízkovýchodních zemí,False,False,False,True
2023-11-19T19-42-00_2023WN323084.txt,Politici ze ostatních světových zemí,True,False,False,True
2023-11-19T19-42-00_2023WN323084.txt,Představitelé mezinárodních a neziskových organizací,True,False,False,True
2023-11-19T19-42-00_2023WN323084.txt,Vojenští představitelé Izraele,False,True,False,True
2023-11-19T19-42-00_2023WN323084.txt,Členové teroristických skupin,False,False,False,True
2023-11-19T19-42-00_2023WN323084.txt,Nezávislí experti a analytici,False,True,False,True
2023-11-19T19-42-00_2023WN323084.txt,Média a novináři,True,True,True,False
2023-11-19T19-42-00_2023WN323084.txt,Očití svědci a civilisté z Izraele,False,False,False,True
2023-11-19T19-42-00_2023WN323084.txt,Očití svědci a civilisté z Palestiny,False,False,False,True
2023-11-19T19-42-00_2023WN323084.txt,Jiní,False,False,False,True
2023-11-20T20-25-00_2023WN324202.txt,Političtí představitelé Izraele,False,False,False,True
2023-11-20T20-25-00_2023WN324202.txt,Političtí představitelé Palestiny,False,False,False,True
2023-11-20T20-25-00_2023WN324202.txt,Politici z blízkovýchodních zemí,False,False,False,True
2023-11-20T20-25-00_2023WN324202.txt,Politici ze ostatních světových zemí,False,False,False,True
2023-11-20T20-25-00_2023WN324202.txt,Představitelé mezinárodních a neziskových organizací,False,False,False,True
2023-11-20T20-25-00_2023WN324202.txt,Vojenští představitelé Izraele,False,False,False,True
2023-11-20T20-25-00_2023WN324202.txt,Členové teroristických skupin,False,False,False,True
2023-11-20T20-25-00_2023WN324202.txt,Nezávislí experti a analytici,False,False,False,True
2023-11-20T20-25-00_2023WN324202.txt,Média a novináři,True,False,False,True
2023-11-20T20-25-00_2023WN324202.txt,Očití svědci a civilisté z Izraele,False,False,False,True
2023-11-20T20-25-00_2023WN324202.txt,Očití svědci a civilisté z Palestiny,False,False,False,True
2023-11-20T20-25-00_2023WN324202.txt,Jiní,False,False,False,True
2023-11-23T11-44-00_2023WN327073.txt,Političtí představitelé Izraele,False,False,False,True
2023-11-23T11-44-00_2023WN327073.txt,Političtí představitelé Palestiny,False,False,False,True
2023-11-23T11-44-00_2023WN327073.txt,Politici z blízkovýchodních zemí,False,False,False,True
2023-11-23T11-44-00_2023WN327073.txt,Politici ze ostatních světových zemí,False,False,False,True
2023-11-23T11-44-00_2023WN327073.txt,Představitelé mezinárodních a neziskových organizací,False,False,False,True
2023-11-23T11-44-00_2023WN327073.txt,Vojenští představitelé Izraele,False,True,False,True
2023-11-23T11-44-00_2023WN327073.txt,Členové teroristických skupin,False,False,False,True
2023-11-23T11-44-00_2023WN327073.txt,Nezávislí experti a analytici,False,False,False,True
2023-11-23T11-44-00_2023WN327073.txt,Média a novináři,True,True,True,False
2023-11-23T11-44-00_2023WN327073.txt,Očití svědci a civilisté z Izraele,False,False,False,True
2023-11-23T11-44-00_2023WN327073.txt,Očití svědci a civilisté z Palestiny,False,True,False,True
2023-11-23T11-44-00_2023WN327073.txt,Jiní,False,False,False,True
2023-11-23T16-26-00_2023WN327164.txt,Političtí představitelé Izraele,False,False,False,True
2023-11-23T16-26-00_2023WN327164.txt,Političtí představitelé Palestiny,True,False,False,True
2023-11-23T16-26-00_2023WN327164.txt,Politici z blízkovýchodních zemí,True,True,True,False
2023-11-23T16-26-00_2023WN327164.txt,Politici ze ostatních světových zemí,False,False,False,True
2023-11-23T16-26-00_2023WN327164.txt,Představitelé mezinárodních a neziskových organizací,False,False,False,True
2023-11-23T16-26-00_2023WN327164.txt,Vojenští představitelé Izraele,False,False,False,True
2023-11-23T16-26-00_2023WN327164.txt,Členové teroristických skupin,False,False,False,True
2023-11-23T16-26-00_2023WN327164.txt,Nezávislí experti a analytici,False,False,False,True
2023-11-23T16-26-00_2023WN327164.txt,Média a novináři,False,False,False,True
2023-11-23T16-26-00_2023WN327164.txt,Očití svědci a civilisté z Izraele,False,False,False,True
2023-11-23T16-26-00_2023WN327164.txt,Očití svědci a civilisté z Palestiny,False,False,False,True
2023-11-23T16-26-00_2023WN327164.txt,Jiní,False,False,False,True
2023-11-24T21-16-00_2023WN328215.txt,Političtí představitelé Izraele,True,True,True,False
2023-11-24T21-16-00_2023WN328215.txt,Političtí představitelé Palestiny,False,False,False,True
2023-11-24T21-16-00_2023WN328215.txt,Politici z blízkovýchodních zemí,False,True,False,True
2023-11-24T21-16-00_2023WN328215.txt,Politici ze ostatních světových zemí,True,True,True,False
2023-11-24T21-16-00_2023WN328215.txt,Představitelé mezinárodních a neziskových organizací,False,False,False,True
2023-11-24T21-16-00_2023WN328215.txt,Vojenští představitelé Izraele,False,False,False,True
2023-11-24T21-16-00_2023WN328215.txt,Členové teroristických skupin,False,False,False,True
2023-11-24T21-16-00_2023WN328215.txt,Nezávislí experti a analytici,False,False,False,True
2023-11-24T21-16-00_2023WN328215.txt,Média a novináři,False,False,False,True
2023-11-24T21-16-00_2023WN328215.txt,Očití svědci a civilisté z Izraele,False,False,False,True
2023-11-24T21-16-00_2023WN328215.txt,Očití svědci a civilisté z Palestiny,False,False,False,True
2023-11-24T21-16-00_2023WN328215.txt,Jiní,False,False,False,True
2023-11-29T08-32-00_2023WN333030.txt,Političtí představitelé Izraele,False,False,False,True
2023-11-29T08-32-00_2023WN333030.txt,Političtí představitelé Palestiny,False,False,False,True
2023-11-29T08-32-00_2023WN333030.txt,Politici z blízkovýchodních zemí,False,False,False,True
2023-11-29T08-32-00_2023WN333030.txt,Politici ze ostatních světových zemí,False,False,False,True
2023-11-29T08-32-00_2023WN333030.txt,Představitelé mezinárodních a neziskových organizací,True,True,True,False
2023-11-29T08-32-00_2023WN333030.txt,Vojenští představitelé Izraele,False,False,False,True
2023-11-29T08-32-00_2023WN333030.txt,Členové teroristických skupin,False,False,False,True
2023-11-29T08-32-00_2023WN333030.txt,Nezávislí experti a analytici,True,False,False,True
2023-11-29T08-32-00_2023WN333030.txt,Média a novináři,False,True,False,True
2023-11-29T08-32-00_2023WN333030.txt,Očití svědci a civilisté z Izraele,False,False,False,True
2023-11-29T08-32-00_2023WN333030.txt,Očití svědci a civilisté z Palestiny,False,False,False,True
2023-11-29T08-32-00_2023WN333030.txt,Jiní,False,False,False,True
2023-11-29T15-51-00_2023WN333171.txt,Političtí představitelé Izraele,False,False,False,True
2023-11-29T15-51-00_2023WN333171.txt,Političtí představitelé Palestiny,False,False,False,True
2023-11-29T15-51-00_2023WN333171.txt,Politici z blízkovýchodních zemí,False,False,False,True
2023-11-29T15-51-00_2023WN333171.txt,Politici ze ostatních světových zemí,False,False,False,True
2023-11-29T15-51-00_2023WN333171.txt,Představitelé mezinárodních a neziskových organizací,False,False,False,True
2023-11-29T15-51-00_2023WN333171.txt,Vojenští představitelé Izraele,False,False,False,True
2023-11-29T15-51-00_2023WN333171.txt,Členové teroristických skupin,False,True,False,True
2023-11-29T15-51-00_2023WN333171.txt,Nezávislí experti a analytici,False,False,False,True
2023-11-29T15-51-00_2023WN333171.txt,Média a novináři,True,True,True,False
2023-11-29T15-51-00_2023WN333171.txt,Očití svědci a civilisté z Izraele,False,False,False,True
2023-11-29T15-51-00_2023WN333171.txt,Očití svědci a civilisté z Palestiny,False,False,False,True
2023-11-29T15-51-00_2023WN333171.txt,Jiní,False,False,False,True
2023-11-30T06-54-00_2023WN334015.txt,Političtí představitelé Izraele,False,False,False,True
2023-11-30T06-54-00_2023WN334015.txt,Političtí představitelé Palestiny,False,False,False,True
2023-11-30T06-54-00_2023WN334015.txt,Politici z blízkovýchodních zemí,False,False,False,True
2023-11-30T06-54-00_2023WN334015.txt,Politici ze ostatních světových zemí,False,False,False,True
2023-11-30T06-54-00_2023WN334015.txt,Představitelé mezinárodních a neziskových organizací,False,False,False,True
2023-11-30T06-54-00_2023WN334015.txt,Vojenští představitelé Izraele,False,False,False,True
2023-11-30T06-54-00_2023WN334015.txt,Členové teroristických skupin,False,False,False,True
2023-11-30T06-54-00_2023WN334015.txt,Nezávislí experti a analytici,False,False,False,True
2023-11-30T06-54-00_2023WN334015.txt,Média a novináři,True,True,True,False
2023-11-30T06-54-00_2023WN334015.txt,Očití svědci a civilisté z Izraele,False,False,False,True
2023-11-30T06-54-00_2023WN334015.txt,Očití svědci a civilisté z Palestiny,False,False,False,True
2023-11-30T06-54-00_2023WN334015.txt,Jiní,False,False,False,True
2023-11-30T11-33-00_2023WN334072.txt,Političtí představitelé Izraele,False,False,False,True
2023-11-30T11-33-00_2023WN334072.txt,Političtí představitelé Palestiny,False,False,False,True
2023-11-30T11-33-00_2023WN334072.txt,Politici z blízkovýchodních zemí,False,False,False,True
2023-11-30T11-33-00_2023WN334072.txt,Politici ze ostatních světových zemí,False,False,False,True
2023-11-30T11-33-00_2023WN334072.txt,Představitelé mezinárodních a neziskových organizací,True,False,False,True
2023-11-30T11-33-00_2023WN334072.txt,Vojenští představitelé Izraele,False,False,False,True
2023-11-30T11-33-00_2023WN334072.txt,Členové teroristických skupin,False,False,False,True
2023-11-30T11-33-00_2023WN334072.txt,Nezávislí experti a analytici,False,False,False,True
2023-11-30T11-33-00_2023WN334072.txt,Média a novináři,True,True,True,False
2023-11-30T11-33-00_2023WN334072.txt,Očití svědci a civilisté z Izraele,False,False,False,True
2023-11-30T11-33-00_2023WN334072.txt,Očití svědci a civilisté z Palestiny,False,False,False,True
2023-11-30T11-33-00_2023WN334072.txt,Jiní,False,False,False,True
2023-12-04T12-14-00_2023WN338101.txt,Političtí představitelé Izraele,False,False,False,True
2023-12-04T12-14-00_2023WN338101.txt,Političtí představitelé Palestiny,False,False,False,True
2023-12-04T12-14-00_2023WN338101.txt,Politici z blízkovýchodních zemí,False,False,False,True
2023-12-04T12-14-00_2023WN338101.txt,Politici ze ostatních světových zemí,True,True,True,False
2023-12-04T12-14-00_2023WN338101.txt,Představitelé mezinárodních a neziskových organizací,True,False,False,True
2023-12-04T12-14-00_2023WN338101.txt,Vojenští představitelé Izraele,False,False,False,True
2023-12-04T12-14-00_2023WN338101.txt,Členové teroristických skupin,False,False,False,True
2023-12-04T12-14-00_2023WN338101.txt,Nezávislí experti a analytici,False,False,False,True
2023-12-04T12-14-00_2023WN338101.txt,Média a novináři,True,True,True,False
2023-12-04T12-14-00_2023WN338101.txt,Očití svědci a civilisté z Izraele,False,False,False,True
2023-12-04T12-14-00_2023WN338101.txt,Očití svědci a civilisté z Palestiny,False,False,False,True
2023-12-04T12-14-00_2023WN338101.txt,Jiní,False,False,False,True
2023-12-05T06-39-00_2023WN339011.txt,Političtí představitelé Izraele,False,False,False,True
2023-12-05T06-39-00_2023WN339011.txt,Političtí představitelé Palestiny,False,False,False,True
2023-12-05T06-39-00_2023WN339011.txt,Politici z blízkovýchodních zemí,False,False,False,True
2023-12-05T06-39-00_2023WN339011.txt,Politici ze ostatních světových zemí,False,False,False,True
2023-12-05T06-39-00_2023WN339011.txt,Představitelé mezinárodních a neziskových organizací,False,False,False,True
2023-12-05T06-39-00_2023WN339011.txt,Vojenští představitelé Izraele,True,True,True,False
2023-12-05T06-39-00_2023WN339011.txt,Členové teroristických skupin,False,False,False,True
2023-12-05T06-39-00_2023WN339011.txt,Nezávislí experti a analytici,False,False,False,True
2023-12-05T06-39-00_2023WN339011.txt,Média a novináři,True,True,True,False
2023-12-05T06-39-00_2023WN339011.txt,Očití svědci a civilisté z Izraele,False,False,False,True
2023-12-05T06-39-00_2023WN339011.txt,Očití svědci a civilisté z Palestiny,False,False,False,True
2023-12-05T06-39-00_2023WN339011.txt,Jiní,False,False,False,True
2023-12-05T14-45-00_2023WN339132.txt,Političtí představitelé Izraele,False,False,False,True
2023-12-05T14-45-00_2023WN339132.txt,Političtí představitelé Palestiny,False,False,False,True
2023-12-05T14-45-00_2023WN339132.txt,Politici z blízkovýchodních zemí,False,False,False,True
2023-12-05T14-45-00_2023WN339132.txt,Politici ze ostatních světových zemí,False,False,False,True
2023-12-05T14-45-00_2023WN339132.txt,Představitelé mezinárodních a neziskových organizací,False,False,False,True
2023-12-05T14-45-00_2023WN339132.txt,Vojenští představitelé Izraele,False,False,False,True
2023-12-05T14-45-00_2023WN339132.txt,Členové teroristických skupin,False,False,False,True
2023-12-05T14-45-00_2023WN339132.txt,Nezávislí experti a analytici,True,True,True,False
2023-12-05T14-45-00_2023WN339132.txt,Média a novináři,False,False,False,True
2023-12-05T14-45-00_2023WN339132.txt,Očití svědci a civilisté z Izraele,False,False,False,True
2023-12-05T14-45-00_2023WN339132.txt,Očití svědci a civilisté z Palestiny,False,False,False,True
2023-12-05T14-45-00_2023WN339132.txt,Jiní,False,False,False,True
2023-12-06T09-06-00_2023WN340025.txt,Političtí představitelé Izraele,False,False,False,True
2023-12-06T09-06-00_2023WN340025.txt,Političtí představitelé Palestiny,False,False,False,True
2023-12-06T09-06-00_2023WN340025.txt,Politici z blízkovýchodních zemí,False,False,False,True
2023-12-06T09-06-00_2023WN340025.txt,Politici ze ostatních světových zemí,False,False,False,True
2023-12-06T09-06-00_2023WN340025.txt,Představitelé mezinárodních a neziskových organizací,False,False,False,True
2023-12-06T09-06-00_2023WN340025.txt,Vojenští představitelé Izraele,False,True,False,True
2023-12-06T09-06-00_2023WN340025.txt,Členové teroristických skupin,False,False,False,True
2023-12-06T09-06-00_2023WN340025.txt,Nezávislí experti a analytici,False,False,False,True
2023-12-06T09-06-00_2023WN340025.txt,Média a novináři,True,True,True,False
2023-12-06T09-06-00_2023WN340025.txt,Očití svědci a civilisté z Izraele,True,False,False,True
2023-12-06T09-06-00_2023WN340025.txt,Očití svědci a civilisté z Palestiny,False,True,False,True
2023-12-06T09-06-00_2023WN340025.txt,Jiní,False,False,False,True
2023-12-09T11-05-00_2023WN343035.txt,Političtí představitelé Izraele,False,False,False,True
2023-12-09T11-05-00_2023WN343035.txt,Političtí představitelé Palestiny,False,False,False,True
2023-12-09T11-05-00_2023WN343035.txt,Politici z blízkovýchodních zemí,False,False,False,True
2023-12-09T11-05-00_2023WN343035.txt,Politici ze ostatních světových zemí,False,True,False,True
2023-12-09T11-05-00_2023WN343035.txt,Představitelé mezinárodních a neziskových organizací,False,True,False,True
2023-12-09T11-05-00_2023WN343035.txt,Vojenští představitelé Izraele,True,False,False,True
2023-12-09T11-05-00_2023WN343035.txt,Členové teroristických skupin,False,False,False,True
2023-12-09T11-05-00_2023WN343035.txt,Nezávislí experti a analytici,False,True,False,True
2023-12-09T11-05-00_2023WN343035.txt,Média a novináři,True,True,True,False
2023-12-09T11-05-00_2023WN343035.txt,Očití svědci a civilisté z Izraele,True,False,False,True
2023-12-09T11-05-00_2023WN343035.txt,Očití svědci a civilisté z Palestiny,False,False,False,True
2023-12-09T11-05-00_2023WN343035.txt,Jiní,False,False,False,True
2023-12-09T19-24-00_2023WN343081.txt,Političtí představitelé Izraele,False,False,False,True
2023-12-09T19-24-00_2023WN343081.txt,Političtí představitelé Palestiny,False,False,False,True
2023-12-09T19-24-00_2023WN343081.txt,Politici z blízkovýchodních zemí,False,False,False,True
2023-12-09T19-24-00_2023WN343081.txt,Politici ze ostatních světových zemí,False,False,False,True
2023-12-09T19-24-00_2023WN343081.txt,Představitelé mezinárodních a neziskových organizací,False,False,False,True
2023-12-09T19-24-00_2023WN343081.txt,Vojenští představitelé Izraele,False,False,False,True
2023-12-09T19-24-00_2023WN343081.txt,Členové teroristických skupin,True,True,True,False
2023-12-09T19-24-00_2023WN343081.txt,Nezávislí experti a analytici,False,False,False,True
2023-12-09T19-24-00_2023WN343081.txt,Média a novináři,True,True,True,False
2023-12-09T19-24-00_2023WN343081.txt,Očití svědci a civilisté z Izraele,False,False,False,True
2023-12-09T19-24-00_2023WN343081.txt,Očití svědci a civilisté z Palestiny,False,False,False,True
2023-12-09T19-24-00_2023WN343081.txt,Jiní,False,False,False,True
2023-12-14T08-16-00_2023WN348008.txt,Političtí představitelé Izraele,False,False,False,True
2023-12-14T08-16-00_2023WN348008.txt,Političtí představitelé Palestiny,False,False,False,True
2023-12-14T08-16-00_2023WN348008.txt,Politici z blízkovýchodních zemí,False,False,False,True
2023-12-14T08-16-00_2023WN348008.txt,Politici ze ostatních světových zemí,True,False,False,True
2023-12-14T08-16-00_2023WN348008.txt,Představitelé mezinárodních a neziskových organizací,False,False,False,True
2023-12-14T08-16-00_2023WN348008.txt,Vojenští představitelé Izraele,False,False,False,True
2023-12-14T08-16-00_2023WN348008.txt,Členové teroristických skupin,False,False,False,True
2023-12-14T08-16-00_2023WN348008.txt,Nezávislí experti a analytici,False,False,False,True
2023-12-14T08-16-00_2023WN348008.txt,Média a novináři,True,True,True,False
2023-12-14T08-16-00_2023WN348008.txt,Očití svědci a civilisté z Izraele,False,False,False,True
2023-12-14T08-16-00_2023WN348008.txt,Očití svědci a civilisté z Palestiny,False,False,False,True
2023-12-14T08-16-00_2023WN348008.txt,Jiní,False,False,False,True
2023-12-14T16-08-00_2023WN348142.txt,Političtí představitelé Izraele,False,False,False,True
2023-12-14T16-08-00_2023WN348142.txt,Političtí představitelé Palestiny,False,False,False,True
2023-12-14T16-08-00_2023WN348142.txt,Politici z blízkovýchodních zemí,False,False,False,True
2023-12-14T16-08-00_2023WN348142.txt,Politici ze ostatních světových zemí,False,False,False,True
2023-12-14T16-08-00_2023WN348142.txt,Představitelé mezinárodních a neziskových organizací,False,False,False,True
2023-12-14T16-08-00_2023WN348142.txt,Vojenští představitelé Izraele,False,False,False,True
2023-12-14T16-08-00_2023WN348142.txt,Členové teroristických skupin,False,False,False,True
2023-12-14T16-08-00_2023WN348142.txt,Nezávislí experti a analytici,True,True,True,False
2023-12-14T16-08-00_2023WN348142.txt,Média a novináři,False,False,False,True
2023-12-14T16-08-00_2023WN348142.txt,Očití svědci a civilisté z Izraele,False,False,False,True
2023-12-14T16-08-00_2023WN348142.txt,Očití svědci a civilisté z Palestiny,False,False,False,True
2023-12-14T16-08-00_2023WN348142.txt,Jiní,False,False,False,True
2023-12-15T12-15-00_2023WN349091.txt,Političtí představitelé Izraele,False,False,False,True
2023-12-15T12-15-00_2023WN349091.txt,Političtí představitelé Palestiny,False,False,False,True
2023-12-15T12-15-00_2023WN349091.txt,Politici z blízkovýchodních zemí,False,False,False,True
2023-12-15T12-15-00_2023WN349091.txt,Politici ze ostatních světových zemí,False,False,False,True
2023-12-15T12-15-00_2023WN349091.txt,Představitelé mezinárodních a neziskových organizací,False,False,False,True
2023-12-15T12-15-00_2023WN349091.txt,Vojenští představitelé Izraele,False,False,False,True
2023-12-15T12-15-00_2023WN349091.txt,Členové teroristických skupin,False,False,False,True
2023-12-15T12-15-00_2023WN349091.txt,Nezávislí experti a analytici,True,True,True,False
2023-12-15T12-15-00_2023WN349091.txt,Média a novináři,True,True,True,False
2023-12-15T12-15-00_2023WN349091.txt,Očití svědci a civilisté z Izraele,False,False,False,True
2023-12-15T12-15-00_2023WN349091.txt,Očití svědci a civilisté z Palestiny,False,False,False,True
2023-12-15T12-15-00_2023WN349091.txt,Jiní,False,False,False,True
2023-12-20T16-52-00_2023WN354149.txt,Političtí představitelé Izraele,False,False,False,True
2023-12-20T16-52-00_2023WN354149.txt,Političtí představitelé Palestiny,False,False,False,True
2023-12-20T16-52-00_2023WN354149.txt,Politici z blízkovýchodních zemí,False,False,False,True
2023-12-20T16-52-00_2023WN354149.txt,Politici ze ostatních světových zemí,True,True,True,False
2023-12-20T16-52-00_2023WN354149.txt,Představitelé mezinárodních a neziskových organizací,False,False,False,True
2023-12-20T16-52-00_2023WN354149.txt,Vojenští představitelé Izraele,False,False,False,True
2023-12-20T16-52-00_2023WN354149.txt,Členové teroristických skupin,False,False,False,True
2023-12-20T16-52-00_2023WN354149.txt,Nezávislí experti a analytici,False,False,False,True
2023-12-20T16-52-00_2023WN354149.txt,Média a novináři,True,False,False,True
2023-12-20T16-52-00_2023WN354149.txt,Očití svědci a civilisté z Izraele,False,False,False,True
2023-12-20T16-52-00_2023WN354149.txt,Očití svědci a civilisté z Palestiny,False,False,False,True
2023-12-20T16-52-00_2023WN354149.txt,Jiní,False,False,False,True
2023-12-30T12-42-00_2023WN364030.txt,Političtí představitelé Izraele,False,True,False,True
2023-12-30T12-42-00_2023WN364030.txt,Političtí představitelé Palestiny,False,False,False,True
2023-12-30T12-42-00_2023WN364030.txt,Politici z blízkovýchodních zemí,False,False,False,True
2023-12-30T12-42-00_2023WN364030.txt,Politici ze ostatních světových zemí,False,False,False,True
2023-12-30T12-42-00_2023WN364030.txt,Představitelé mezinárodních a neziskových organizací,False,False,False,True
2023-12-30T12-42-00_2023WN364030.txt,Vojenští představitelé Izraele,True,True,True,False
2023-12-30T12-42-00_2023WN364030.txt,Členové teroristických skupin,False,False,False,True
2023-12-30T12-42-00_2023WN364030.txt,Nezávislí experti a analytici,False,False,False,True
2023-12-30T12-42-00_2023WN364030.txt,Média a novináři,True,True,True,False
2023-12-30T12-42-00_2023WN364030.txt,Očití svědci a civilisté z Izraele,False,False,False,True
2023-12-30T12-42-00_2023WN364030.txt,Očití svědci a civilisté z Palestiny,False,False,False,True
2023-12-30T12-42-00_2023WN364030.txt,Jiní,False,False,False,True
2024-01-01T20-24-00_2024WN001075.txt,Političtí představitelé Izraele,False,True,False,True
2024-01-01T20-24-00_2024WN001075.txt,Političtí představitelé Palestiny,False,False,False,True
2024-01-01T20-24-00_2024WN001075.txt,Politici z blízkovýchodních zemí,False,False,False,True
2024-01-01T20-24-00_2024WN001075.txt,Politici ze ostatních světových zemí,False,False,False,True
2024-01-01T20-24-00_2024WN001075.txt,Představitelé mezinárodních a neziskových organizací,False,False,False,True
2024-01-01T20-24-00_2024WN001075.txt,Vojenští představitelé Izraele,False,False,False,True
2024-01-01T20-24-00_2024WN001075.txt,Členové teroristických skupin,False,False,False,True
2024-01-01T20-24-00_2024WN001075.txt,Nezávislí experti a analytici,False,False,False,True
2024-01-01T20-24-00_2024WN001075.txt,Média a novináři,True,True,True,False
2024-01-01T20-24-00_2024WN001075.txt,Očití svědci a civilisté z Izraele,False,False,False,True
2024-01-01T20-24-00_2024WN001075.txt,Očití svědci a civilisté z Palestiny,False,False,False,True
2024-01-01T20-24-00_2024WN001075.txt,Jiní,False,False,False,True
2024-01-02T16-55-00_2024WN002143.txt,Političtí představitelé Izraele,False,True,False,True
2024-01-02T16-55-00_2024WN002143.txt,Političtí představitelé Palestiny,False,False,False,True
2024-01-02T16-55-00_2024WN002143.txt,Politici z blízkovýchodních zemí,True,False,False,True
2024-01-02T16-55-00_2024WN002143.txt,Politici ze ostatních světových zemí,False,True,False,True
2024-01-02T16-55-00_2024WN002143.txt,Představitelé mezinárodních a neziskových organizací,False,False,False,True
2024-01-02T16-55-00_2024WN002143.txt,Vojenští představitelé Izraele,True,False,False,True
2024-01-02T16-55-00_2024WN002143.txt,Členové teroristických skupin,False,False,False,True
2024-01-02T16-55-00_2024WN002143.txt,Nezávislí experti a analytici,False,False,False,True
2024-01-02T16-55-00_2024WN002143.txt,Média a novináři,True,True,True,False
2024-01-02T16-55-00_2024WN002143.txt,Očití svědci a civilisté z Izraele,False,False,False,True
2024-01-02T16-55-00_2024WN002143.txt,Očití svědci a civilisté z Palestiny,False,False,False,True
2024-01-02T16-55-00_2024WN002143.txt,Jiní,False,False,False,True
2024-01-11T16-10-00_2024WN011155.txt,Političtí představitelé Izraele,True,True,True,False
2024-01-11T16-10-00_2024WN011155.txt,Političtí představitelé Palestiny,False,True,False,True
2024-01-11T16-10-00_2024WN011155.txt,Politici z blízkovýchodních zemí,False,False,False,True
2024-01-11T16-10-00_2024WN011155.txt,Politici ze ostatních světových zemí,False,False,False,True
2024-01-11T16-10-00_2024WN011155.txt,Představitelé mezinárodních a neziskových organizací,False,False,False,True
2024-01-11T16-10-00_2024WN011155.txt,Vojenští představitelé Izraele,False,False,False,True
2024-01-11T16-10-00_2024WN011155.txt,Členové teroristických skupin,True,False,False,True
2024-01-11T16-10-00_2024WN011155.txt,Nezávislí experti a analytici,False,False,False,True
2024-01-11T16-10-00_2024WN011155.txt,Média a novináři,True,True,True,False
2024-01-11T16-10-00_2024WN011155.txt,Očití svědci a civilisté z Izraele,True,True,True,False
2024-01-11T16-10-00_2024WN011155.txt,Očití svědci a civilisté z Palestiny,False,False,False,True
2024-01-11T16-10-00_2024WN011155.txt,Jiní,False,False,False,True
2024-01-12T10-01-00_2024WN012058.txt,Političtí představitelé Izraele,False,False,False,True
2024-01-12T10-01-00_2024WN012058.txt,Političtí představitelé Palestiny,False,False,False,True
2024-01-12T10-01-00_2024WN012058.txt,Politici z blízkovýchodních zemí,True,False,False,True
2024-01-12T10-01-00_2024WN012058.txt,Politici ze ostatních světových zemí,True,True,True,False
2024-01-12T10-01-00_2024WN012058.txt,Představitelé mezinárodních a neziskových organizací,False,False,False,True
2024-01-12T10-01-00_2024WN012058.txt,Vojenští představitelé Izraele,False,False,False,True
2024-01-12T10-01-00_2024WN012058.txt,Členové teroristických skupin,True,True,True,False
2024-01-12T10-01-00_2024WN012058.txt,Nezávislí experti a analytici,False,False,False,True
2024-01-12T10-01-00_2024WN012058.txt,Média a novináři,True,True,True,False
2024-01-12T10-01-00_2024WN012058.txt,Očití svědci a civilisté z Izraele,False,False,False,True
2024-01-12T10-01-00_2024WN012058.txt,Očití svědci a civilisté z Palestiny,False,False,False,True
2024-01-12T10-01-00_2024WN012058.txt,Jiní,False,False,False,True
2024-01-12T15-46-00_2024WN012144.txt,Političtí představitelé Izraele,False,False,False,True
2024-01-12T15-46-00_2024WN012144.txt,Političtí představitelé Palestiny,False,False,False,True
2024-01-12T15-46-00_2024WN012144.txt,Politici z blízkovýchodních zemí,False,False,False,True
2024-01-12T15-46-00_2024WN012144.txt,Politici ze ostatních světových zemí,False,False,False,True
2024-01-12T15-46-00_2024WN012144.txt,Představitelé mezinárodních a neziskových organizací,False,False,False,True
2024-01-12T15-46-00_2024WN012144.txt,Vojenští představitelé Izraele,False,False,False,True
2024-01-12T15-46-00_2024WN012144.txt,Členové teroristických skupin,False,False,False,True
2024-01-12T15-46-00_2024WN012144.txt,Nezávislí experti a analytici,False,False,False,True
2024-01-12T15-46-00_2024WN012144.txt,Média a novináři,True,False,False,True
2024-01-12T15-46-00_2024WN012144.txt,Očití svědci a civilisté z Izraele,False,False,False,True
2024-01-12T15-46-00_2024WN012144.txt,Očití svědci a civilisté z Palestiny,False,False,False,True
2024-01-12T15-46-00_2024WN012144.txt,Jiní,False,False,False,True
2024-01-18T10-32-00_2024WN018055.txt,Političtí představitelé Izraele,True,True,True,False
2024-01-18T10-32-00_2024WN018055.txt,Političtí představitelé Palestiny,False,False,False,True
2024-01-18T10-32-00_2024WN018055.txt,Politici z blízkovýchodních zemí,False,False,False,True
2024-01-18T10-32-00_2024WN018055.txt,Politici ze ostatních světových zemí,False,False,False,True
2024-01-18T10-32-00_2024WN018055.txt,Představitelé mezinárodních a neziskových organizací,False,False,False,True
2024-01-18T10-32-00_2024WN018055.txt,Vojenští představitelé Izraele,True,True,True,False
2024-01-18T10-32-00_2024WN018055.txt,Členové teroristických skupin,True,True,True,False
2024-01-18T10-32-00_2024WN018055.txt,Nezávislí experti a analytici,False,False,False,True
2024-01-18T10-32-00_2024WN018055.txt,Média a novináři,True,True,True,False
2024-01-18T10-32-00_2024WN018055.txt,Očití svědci a civilisté z Izraele,True,True,True,False
2024-01-18T10-32-00_2024WN018055.txt,Očití svědci a civilisté z Palestiny,False,False,False,True
2024-01-18T10-32-00_2024WN018055.txt,Jiní,False,False,False,True
2024-01-19T12-20-00_2024WN019033.txt,Političtí představitelé Izraele,False,False,False,True
2024-01-19T12-20-00_2024WN019033.txt,Političtí představitelé Palestiny,False,False,False,True
2024-01-19T12-20-00_2024WN019033.txt,Politici z blízkovýchodních zemí,False,False,False,True
2024-01-19T12-20-00_2024WN019033.txt,Politici ze ostatních světových zemí,True,True,True,False
2024-01-19T12-20-00_2024WN019033.txt,Představitelé mezinárodních a neziskových organizací,False,False,False,True
2024-01-19T12-20-00_2024WN019033.txt,Vojenští představitelé Izraele,False,False,False,True
2024-01-19T12-20-00_2024WN019033.txt,Členové teroristických skupin,False,False,False,True
2024-01-19T12-20-00_2024WN019033.txt,Nezávislí experti a analytici,False,False,False,True
2024-01-19T12-20-00_2024WN019033.txt,Média a novináři,True,True,True,False
2024-01-19T12-20-00_2024WN019033.txt,Očití svědci a civilisté z Izraele,False,False,False,True
2024-01-19T12-20-00_2024WN019033.txt,Očití svědci a civilisté z Palestiny,False,False,False,True
2024-01-19T12-20-00_2024WN019033.txt,Jiní,False,False,False,True
2024-01-20T10-17-00_2024WN020031.txt,Političtí představitelé Izraele,False,False,False,True
2024-01-20T10-17-00_2024WN020031.txt,Političtí představitelé Palestiny,False,False,False,True
2024-01-20T10-17-00_2024WN020031.txt,Politici z blízkovýchodních zemí,True,False,False,True
2024-01-20T10-17-00_2024WN020031.txt,Politici ze ostatních světových zemí,False,False,False,True
2024-01-20T10-17-00_2024WN020031.txt,Představitelé mezinárodních a neziskových organizací,False,False,False,True
2024-01-20T10-17-00_2024WN020031.txt,Vojenští představitelé Izraele,False,False,False,True
2024-01-20T10-17-00_2024WN020031.txt,Členové teroristických skupin,False,False,False,True
2024-01-20T10-17-00_2024WN020031.txt,Nezávislí experti a analytici,False,False,False,True
2024-01-20T10-17-00_2024WN020031.txt,Média a novináři,True,True,True,False
2024-01-20T10-17-00_2024WN020031.txt,Očití svědci a civilisté z Izraele,False,False,False,True
2024-01-20T10-17-00_2024WN020031.txt,Očití svědci a civilisté z Palestiny,False,False,False,True
2024-01-20T10-17-00_2024WN020031.txt,Jiní,False,False,False,True
2024-01-28T19-21-00_2024WN028084.txt,Političtí představitelé Izraele,True,False,False,True
2024-01-28T19-21-00_2024WN028084.txt,Političtí představitelé Palestiny,True,False,False,True
2024-01-28T19-21-00_2024WN028084.txt,Politici z blízkovýchodních zemí,False,False,False,True
2024-01-28T19-21-00_2024WN028084.txt,Politici ze ostatních světových zemí,False,False,False,True
2024-01-28T19-21-00_2024WN028084.txt,Představitelé mezinárodních a neziskových organizací,True,True,True,False
2024-01-28T19-21-00_2024WN028084.txt,Vojenští představitelé Izraele,False,True,False,True
2024-01-28T19-21-00_2024WN028084.txt,Členové teroristických skupin,False,False,False,True
2024-01-28T19-21-00_2024WN028084.txt,Nezávislí experti a analytici,False,False,False,True
2024-01-28T19-21-00_2024WN028084.txt,Média a novináři,True,True,True,False
2024-01-28T19-21-00_2024WN028084.txt,Očití svědci a civilisté z Izraele,True,True,True,False
2024-01-28T19-21-00_2024WN028084.txt,Očití svědci a civilisté z Palestiny,False,False,False,True
2024-01-28T19-21-00_2024WN028084.txt,Jiní,False,False,False,True
2024-01-30T12-22-00_2024WN030086.txt,Političtí představitelé Izraele,True,False,False,True
2024-01-30T12-22-00_2024WN030086.txt,Političtí představitelé Palestiny,True,True,True,False
2024-01-30T12-22-00_2024WN030086.txt,Politici z blízkovýchodních zemí,False,False,False,True
2024-01-30T12-22-00_2024WN030086.txt,Politici ze ostatních světových zemí,False,False,False,True
2024-01-30T12-22-00_2024WN030086.txt,Představitelé mezinárodních a neziskových organizací,False,False,False,True
2024-01-30T12-22-00_2024WN030086.txt,Vojenští představitelé Izraele,True,False,False,True
2024-01-30T12-22-00_2024WN030086.txt,Členové teroristických skupin,False,False,False,True
2024-01-30T12-22-00_2024WN030086.txt,Nezávislí experti a analytici,False,False,False,True
2024-01-30T12-22-00_2024WN030086.txt,Média a novináři,True,True,True,False
2024-01-30T12-22-00_2024WN030086.txt,Očití svědci a civilisté z Izraele,False,False,False,True
2024-01-30T12-22-00_2024WN030086.txt,Očití svědci a civilisté z Palestiny,False,True,False,True
2024-01-30T12-22-00_2024WN030086.txt,Jiní,False,False,False,True
2024-02-06T20-53-00_2024WN037171.txt,Političtí představitelé Izraele,False,False,False,True
2024-02-06T20-53-00_2024WN037171.txt,Političtí představitelé Palestiny,True,False,False,True
2024-02-06T20-53-00_2024WN037171.txt,Politici z blízkovýchodních zemí,True,True,True,False
2024-02-06T20-53-00_2024WN037171.txt,Politici ze ostatních světových zemí,False,False,False,True
2024-02-06T20-53-00_2024WN037171.txt,Představitelé mezinárodních a neziskových organizací,False,False,False,True
2024-02-06T20-53-00_2024WN037171.txt,Vojenští představitelé Izraele,True,True,True,False
2024-02-06T20-53-00_2024WN037171.txt,Členové teroristických skupin,False,False,False,True
2024-02-06T20-53-00_2024WN037171.txt,Nezávislí experti a analytici,False,False,False,True
2024-02-06T20-53-00_2024WN037171.txt,Média a novináři,True,True,True,False
2024-02-06T20-53-00_2024WN037171.txt,Očití svědci a civilisté z Izraele,False,False,False,True
2024-02-06T20-53-00_2024WN037171.txt,Očití svědci a civilisté z Palestiny,False,False,False,True
2024-02-06T20-53-00_2024WN037171.txt,Jiní,False,False,False,True
2024-02-08T12-53-00_2024WN039088.txt,Političtí představitelé Izraele,False,False,False,True
2024-02-08T12-53-00_2024WN039088.txt,Političtí představitelé Palestiny,False,False,False,True
2024-02-08T12-53-00_2024WN039088.txt,Politici z blízkovýchodních zemí,False,False,False,True
2024-02-08T12-53-00_2024WN039088.txt,Politici ze ostatních světových zemí,True,True,True,False
2024-02-08T12-53-00_2024WN039088.txt,Představitelé mezinárodních a neziskových organizací,False,False,False,True
2024-02-08T12-53-00_2024WN039088.txt,Vojenští představitelé Izraele,False,False,False,True
2024-02-08T12-53-00_2024WN039088.txt,Členové teroristických skupin,False,False,False,True
2024-02-08T12-53-00_2024WN039088.txt,Nezávislí experti a analytici,False,False,False,True
2024-02-08T12-53-00_2024WN039088.txt,Média a novináři,False,False,False,True
2024-02-08T12-53-00_2024WN039088.txt,Očití svědci a civilisté z Izraele,False,False,False,True
2024-02-08T12-53-00_2024WN039088.txt,Očití svědci a civilisté z Palestiny,False,False,False,True
2024-02-08T12-53-00_2024WN039088.txt,Jiní,False,False,False,True
2024-02-15T21-49-00_2024WN046201.txt,Političtí představitelé Izraele,False,False,False,True
2024-02-15T21-49-00_2024WN046201.txt,Političtí představitelé Palestiny,False,False,False,True
2024-02-15T21-49-00_2024WN046201.txt,Politici z blízkovýchodních zemí,False,False,False,True
2024-02-15T21-49-00_2024WN046201.txt,Politici ze ostatních světových zemí,True,False,False,True
2024-02-15T21-49-00_2024WN046201.txt,Představitelé mezinárodních a neziskových organizací,False,False,False,True
2024-02-15T21-49-00_2024WN046201.txt,Vojenští představitelé Izraele,False,False,False,True
2024-02-15T21-49-00_2024WN046201.txt,Členové teroristických skupin,True,True,True,False
2024-02-15T21-49-00_2024WN046201.txt,Nezávislí experti a analytici,False,False,False,True
2024-02-15T21-49-00_2024WN046201.txt,Média a novináři,True,True,True,False
2024-02-15T21-49-00_2024WN046201.txt,Očití svědci a civilisté z Izraele,False,False,False,True
2024-02-15T21-49-00_2024WN046201.txt,Očití svědci a civilisté z Palestiny,False,False,False,True
2024-02-15T21-49-00_2024WN046201.txt,Jiní,False,False,False,True
