1.38._Kurzy_ČNB_od_30._3._2007.txt,kriterium,nezpravodajský
1.38._Kurzy_ČNB_od_30._3._2007.txt,odstavce,1
1.38._Kurzy_ČNB_od_30._3._2007.txt,politicka_zprava,Ne
1.38._Kurzy_ČNB_od_30._3._2007.txt,vecne,Ne
1.38._Kurzy_ČNB_od_30._3._2007.txt,vyvazenost,absence zdrojů a úhlů pohledu
1.38._Kurzy_ČNB_od_30._3._2007.txt,obtezujici_okolnosti,Ne
1.38._Kurzy_ČNB_od_30._3._2007.txt,dotazy,Ne
1.5._Vedení_ODS:_Zvolte_Klause_opět_prezidentem.txt,kriterium,vyhovující
1.5._Vedení_ODS:_Zvolte_Klause_opět_prezidentem.txt,odstavce,3
1.5._Vedení_ODS:_Zvolte_Klause_opět_prezidentem.txt,politicka_zprava,Ano
1.5._Vedení_ODS:_Zvolte_Klause_opět_prezidentem.txt,vecne,Ano
1.5._Vedení_ODS:_Zvolte_Klause_opět_prezidentem.txt,vyvazenost,různé úhly pohledu
1.5._Vedení_ODS:_Zvolte_Klause_opět_prezidentem.txt,obtezujici_okolnosti,Ne
1.5._Vedení_ODS:_Zvolte_Klause_opět_prezidentem.txt,dotazy,Ne
1.26._Zeman_byl_u_zrodu_nové_strany_Jany_Volfové.txt,kriterium,vyhovující
1.26._Zeman_byl_u_zrodu_nové_strany_Jany_Volfové.txt,odstavce,9
1.26._Zeman_byl_u_zrodu_nové_strany_Jany_Volfové.txt,politicka_zprava,Ano
1.26._Zeman_byl_u_zrodu_nové_strany_Jany_Volfové.txt,vecne,Ano
1.26._Zeman_byl_u_zrodu_nové_strany_Jany_Volfové.txt,vyvazenost,různé úhly pohledu
1.26._Zeman_byl_u_zrodu_nové_strany_Jany_Volfové.txt,obtezujici_okolnosti,Ne
1.26._Zeman_byl_u_zrodu_nové_strany_Jany_Volfové.txt,dotazy,Ne
1.49._Pacienti_mají_znát_vše_důležité.txt,kriterium,vyhovující
1.49._Pacienti_mají_znát_vše_důležité.txt,odstavce,3
1.49._Pacienti_mají_znát_vše_důležité.txt,politicka_zprava,Ne
1.49._Pacienti_mají_znát_vše_důležité.txt,vecne,Ano
1.49._Pacienti_mají_znát_vše_důležité.txt,vyvazenost,různé úhly pohledu
1.49._Pacienti_mají_znát_vše_důležité.txt,obtezujici_okolnosti,Ne
1.49._Pacienti_mají_znát_vše_důležité.txt,dotazy,Ne
1.8._Langer_chce_šéfa_policie_na_pět_let.txt,kriterium,vyhovující
1.8._Langer_chce_šéfa_policie_na_pět_let.txt,odstavce,2
1.8._Langer_chce_šéfa_policie_na_pět_let.txt,politicka_zprava,Ano
1.8._Langer_chce_šéfa_policie_na_pět_let.txt,vecne,Ano
1.8._Langer_chce_šéfa_policie_na_pět_let.txt,vyvazenost,různé úhly pohledu
1.8._Langer_chce_šéfa_policie_na_pět_let.txt,obtezujici_okolnosti,Ne
1.8._Langer_chce_šéfa_policie_na_pět_let.txt,dotazy,Ne
1.63._Topolánek_zuří_pořád_říká_senátor.txt,kriterium,vyhovující
1.63._Topolánek_zuří_pořád_říká_senátor.txt,odstavce,1
1.63._Topolánek_zuří_pořád_říká_senátor.txt,politicka_zprava,Ano
1.63._Topolánek_zuří_pořád_říká_senátor.txt,vecne,Ano
1.63._Topolánek_zuří_pořád_říká_senátor.txt,vyvazenost,různé úhly pohledu
1.63._Topolánek_zuří_pořád_říká_senátor.txt,obtezujici_okolnosti,Ne
1.63._Topolánek_zuří_pořád_říká_senátor.txt,dotazy,Ne
1.93._Sociolog:_Čunek_vyvolává_rasové_démony.txt,kriterium,vyhovující
1.93._Sociolog:_Čunek_vyvolává_rasové_démony.txt,odstavce,6
1.93._Sociolog:_Čunek_vyvolává_rasové_démony.txt,politicka_zprava,Ano
1.93._Sociolog:_Čunek_vyvolává_rasové_démony.txt,vecne,Ano
1.93._Sociolog:_Čunek_vyvolává_rasové_démony.txt,vyvazenost,různé úhly pohledu
1.93._Sociolog:_Čunek_vyvolává_rasové_démony.txt,obtezujici_okolnosti,Ne
1.93._Sociolog:_Čunek_vyvolává_rasové_démony.txt,dotazy,Ne
1.13._Takto_žáky_zkoušet_nechceme.txt,kriterium,vyhovující
1.13._Takto_žáky_zkoušet_nechceme.txt,odstavce,4
1.13._Takto_žáky_zkoušet_nechceme.txt,politicka_zprava,Ano
1.13._Takto_žáky_zkoušet_nechceme.txt,vecne,Ano
1.13._Takto_žáky_zkoušet_nechceme.txt,vyvazenost,různé úhly pohledu
1.13._Takto_žáky_zkoušet_nechceme.txt,obtezujici_okolnosti,Ne
1.13._Takto_žáky_zkoušet_nechceme.txt,dotazy,Ne
1.85._ODS_podpořila_další_volbu_Klause_reformy_a_radar.txt,kriterium,vyhovující
1.85._ODS_podpořila_další_volbu_Klause_reformy_a_radar.txt,odstavce,2
1.85._ODS_podpořila_další_volbu_Klause_reformy_a_radar.txt,politicka_zprava,Ano
1.85._ODS_podpořila_další_volbu_Klause_reformy_a_radar.txt,vecne,Ano
1.85._ODS_podpořila_další_volbu_Klause_reformy_a_radar.txt,vyvazenost,různé úhly pohledu
1.85._ODS_podpořila_další_volbu_Klause_reformy_a_radar.txt,obtezujici_okolnosti,Ne
1.85._ODS_podpořila_další_volbu_Klause_reformy_a_radar.txt,dotazy,Ne
1.53._Říman:_o_žalobě_na_EK_kvůli_emisím_rozhodne_analýza.txt,kriterium,vyhovující
1.53._Říman:_o_žalobě_na_EK_kvůli_emisím_rozhodne_analýza.txt,odstavce,7
1.53._Říman:_o_žalobě_na_EK_kvůli_emisím_rozhodne_analýza.txt,politicka_zprava,Ano
1.53._Říman:_o_žalobě_na_EK_kvůli_emisím_rozhodne_analýza.txt,vecne,Ano
1.53._Říman:_o_žalobě_na_EK_kvůli_emisím_rozhodne_analýza.txt,vyvazenost,různé úhly pohledu
1.53._Říman:_o_žalobě_na_EK_kvůli_emisím_rozhodne_analýza.txt,obtezujici_okolnosti,Ne
1.53._Říman:_o_žalobě_na_EK_kvůli_emisím_rozhodne_analýza.txt,dotazy,Ne
1.80._ČESKÝ_RUCH.txt,kriterium,nezpravodajský
1.80._ČESKÝ_RUCH.txt,odstavce,1
1.80._ČESKÝ_RUCH.txt,politicka_zprava,Ne
1.80._ČESKÝ_RUCH.txt,vecne,Ne
1.80._ČESKÝ_RUCH.txt,vyvazenost,absence zdrojů a úhlů pohledu
1.80._ČESKÝ_RUCH.txt,obtezujici_okolnosti,Ne
1.80._ČESKÝ_RUCH.txt,dotazy,Ne
1.44._ČNB_v_loňském_roce_skončila_ve_ztrátě_564_miliardy_korun.txt,kriterium,vyhovující
1.44._ČNB_v_loňském_roce_skončila_ve_ztrátě_564_miliardy_korun.txt,odstavce,6
1.44._ČNB_v_loňském_roce_skončila_ve_ztrátě_564_miliardy_korun.txt,politicka_zprava,Ano
1.44._ČNB_v_loňském_roce_skončila_ve_ztrátě_564_miliardy_korun.txt,vecne,Ano
1.44._ČNB_v_loňském_roce_skončila_ve_ztrátě_564_miliardy_korun.txt,vyvazenost,různé úhly pohledu
1.44._ČNB_v_loňském_roce_skončila_ve_ztrátě_564_miliardy_korun.txt,obtezujici_okolnosti,Ne
1.44._ČNB_v_loňském_roce_skončila_ve_ztrátě_564_miliardy_korun.txt,dotazy,Ne
1.31._Akcie_ČEZ_jsou_opět_nad_940_Kč.txt,kriterium,nezpravodajský
1.31._Akcie_ČEZ_jsou_opět_nad_940_Kč.txt,odstavce,3
1.31._Akcie_ČEZ_jsou_opět_nad_940_Kč.txt,politicka_zprava,Ne
1.31._Akcie_ČEZ_jsou_opět_nad_940_Kč.txt,vecne,Ne
1.31._Akcie_ČEZ_jsou_opět_nad_940_Kč.txt,vyvazenost,jednostrannost
1.31._Akcie_ČEZ_jsou_opět_nad_940_Kč.txt,obtezujici_okolnosti,Ne
1.31._Akcie_ČEZ_jsou_opět_nad_940_Kč.txt,dotazy,Ne
1.22._Co_říkáte_zkouškám?.txt,kriterium,vyhovující
1.22._Co_říkáte_zkouškám?.txt,odstavce,3
1.22._Co_říkáte_zkouškám?.txt,politicka_zprava,Ano
1.22._Co_říkáte_zkouškám?.txt,vecne,Ano
1.22._Co_říkáte_zkouškám?.txt,vyvazenost,různé úhly pohledu
1.22._Co_říkáte_zkouškám?.txt,obtezujici_okolnosti,Ne
1.22._Co_říkáte_zkouškám?.txt,dotazy,Ne
1.84._V_cizině_chtějí_český_systém_prodeje_letenek.txt,kriterium,vyhovující
1.84._V_cizině_chtějí_český_systém_prodeje_letenek.txt,odstavce,9
1.84._V_cizině_chtějí_český_systém_prodeje_letenek.txt,politicka_zprava,Ne
1.84._V_cizině_chtějí_český_systém_prodeje_letenek.txt,vecne,Ne
1.84._V_cizině_chtějí_český_systém_prodeje_letenek.txt,vyvazenost,různé úhly pohledu
1.84._V_cizině_chtějí_český_systém_prodeje_letenek.txt,obtezujici_okolnosti,Ne
1.84._V_cizině_chtějí_český_systém_prodeje_letenek.txt,dotazy,Ne
1.76._Vláda_důkladně_prověří_Budvar.txt,kriterium,vyhovující
1.76._Vláda_důkladně_prověří_Budvar.txt,odstavce,2
1.76._Vláda_důkladně_prověří_Budvar.txt,politicka_zprava,Ano
1.76._Vláda_důkladně_prověří_Budvar.txt,vecne,Ano
1.76._Vláda_důkladně_prověří_Budvar.txt,vyvazenost,jednostrannost
1.76._Vláda_důkladně_prověří_Budvar.txt,obtezujici_okolnosti,Ne
1.76._Vláda_důkladně_prověří_Budvar.txt,dotazy,Ne
1.92._Lidé_nevěří_nabídkám_levné_letecké_přepravy.txt,kriterium,vyhovující
1.92._Lidé_nevěří_nabídkám_levné_letecké_přepravy.txt,odstavce,2
1.92._Lidé_nevěří_nabídkám_levné_letecké_přepravy.txt,politicka_zprava,Ne
1.92._Lidé_nevěří_nabídkám_levné_letecké_přepravy.txt,vecne,Ne
1.92._Lidé_nevěří_nabídkám_levné_letecké_přepravy.txt,vyvazenost,různé úhly pohledu
1.92._Lidé_nevěří_nabídkám_levné_letecké_přepravy.txt,obtezujici_okolnosti,Ne
1.92._Lidé_nevěří_nabídkám_levné_letecké_přepravy.txt,dotazy,Ne
1.21._Jak_„naučit“_děti_číst.txt,kriterium,nezpravodajský
1.21._Jak_„naučit“_děti_číst.txt,odstavce,8
1.21._Jak_„naučit“_děti_číst.txt,politicka_zprava,Ne
1.21._Jak_„naučit“_děti_číst.txt,vecne,Ne
1.21._Jak_„naučit“_děti_číst.txt,vyvazenost,různé úhly pohledu
1.21._Jak_„naučit“_děti_číst.txt,obtezujici_okolnosti,Ne
1.21._Jak_„naučit“_děti_číst.txt,dotazy,Ne
1.3._Test_MF_DNES:_Přijímačky_jsou_těžké_i_pro_dospělé.txt,kriterium,vyhovující
1.3._Test_MF_DNES:_Přijímačky_jsou_těžké_i_pro_dospělé.txt,odstavce,3
1.3._Test_MF_DNES:_Přijímačky_jsou_těžké_i_pro_dospělé.txt,politicka_zprava,Ne
1.3._Test_MF_DNES:_Přijímačky_jsou_těžké_i_pro_dospělé.txt,vecne,Ne
1.3._Test_MF_DNES:_Přijímačky_jsou_těžké_i_pro_dospělé.txt,vyvazenost,různé úhly pohledu
1.3._Test_MF_DNES:_Přijímačky_jsou_těžké_i_pro_dospělé.txt,obtezujici_okolnosti,Ne
1.3._Test_MF_DNES:_Přijímačky_jsou_těžké_i_pro_dospělé.txt,dotazy,Ne
1.67._Vybrali_si_hezký_název_říká_jeho_autor_Zeman.txt,kriterium,vyhovující
1.67._Vybrali_si_hezký_název_říká_jeho_autor_Zeman.txt,odstavce,6
1.67._Vybrali_si_hezký_název_říká_jeho_autor_Zeman.txt,politicka_zprava,Ano
1.67._Vybrali_si_hezký_název_říká_jeho_autor_Zeman.txt,vecne,Ano
1.67._Vybrali_si_hezký_název_říká_jeho_autor_Zeman.txt,vyvazenost,různé úhly pohledu
1.67._Vybrali_si_hezký_název_říká_jeho_autor_Zeman.txt,obtezujici_okolnosti,Ne
1.67._Vybrali_si_hezký_název_říká_jeho_autor_Zeman.txt,dotazy,Ne
1.83._Za_které_léky_se_neplatí_lze_zjistit_na_internetu.txt,kriterium,vyhovující
1.83._Za_které_léky_se_neplatí_lze_zjistit_na_internetu.txt,odstavce,9
1.83._Za_které_léky_se_neplatí_lze_zjistit_na_internetu.txt,politicka_zprava,Ne
1.83._Za_které_léky_se_neplatí_lze_zjistit_na_internetu.txt,vecne,Ano
1.83._Za_které_léky_se_neplatí_lze_zjistit_na_internetu.txt,vyvazenost,různé úhly pohledu
1.83._Za_které_léky_se_neplatí_lze_zjistit_na_internetu.txt,obtezujici_okolnosti,Ano
1.83._Za_které_léky_se_neplatí_lze_zjistit_na_internetu.txt,dotazy,Ne
1.79._Volfová_neuspěla_známé_tváře_nepřišly.txt,kriterium,vyhovující
1.79._Volfová_neuspěla_známé_tváře_nepřišly.txt,odstavce,25
1.79._Volfová_neuspěla_známé_tváře_nepřišly.txt,politicka_zprava,Ano
1.79._Volfová_neuspěla_známé_tváře_nepřišly.txt,vecne,Ano
1.79._Volfová_neuspěla_známé_tváře_nepřišly.txt,vyvazenost,různé úhly pohledu
1.79._Volfová_neuspěla_známé_tváře_nepřišly.txt,obtezujici_okolnosti,Ne
1.79._Volfová_neuspěla_známé_tváře_nepřišly.txt,dotazy,Ne
1.1._Zelení_chtějí_hlavu_Čunka.txt,kriterium,vyhovující
1.1._Zelení_chtějí_hlavu_Čunka.txt,odstavce,3
1.1._Zelení_chtějí_hlavu_Čunka.txt,politicka_zprava,Ano
1.1._Zelení_chtějí_hlavu_Čunka.txt,vecne,Ano
1.1._Zelení_chtějí_hlavu_Čunka.txt,vyvazenost,různé úhly pohledu
1.1._Zelení_chtějí_hlavu_Čunka.txt,obtezujici_okolnosti,Ne
1.1._Zelení_chtějí_hlavu_Čunka.txt,dotazy,Ne
1.74._Národní_fotbalový_stadion_zatím_nebude.txt,kriterium,vyhovující
1.74._Národní_fotbalový_stadion_zatím_nebude.txt,odstavce,1
1.74._Národní_fotbalový_stadion_zatím_nebude.txt,politicka_zprava,Ano
1.74._Národní_fotbalový_stadion_zatím_nebude.txt,vecne,Ano
1.74._Národní_fotbalový_stadion_zatím_nebude.txt,vyvazenost,jednostrannost
1.74._Národní_fotbalový_stadion_zatím_nebude.txt,obtezujici_okolnosti,Ne
1.74._Národní_fotbalový_stadion_zatím_nebude.txt,dotazy,Ne
1.69._Hvězda_dříve_patřila_rejdařům.txt,kriterium,vyhovující
1.69._Hvězda_dříve_patřila_rejdařům.txt,odstavce,2
1.69._Hvězda_dříve_patřila_rejdařům.txt,politicka_zprava,Ano
1.69._Hvězda_dříve_patřila_rejdařům.txt,vecne,Ano
1.69._Hvězda_dříve_patřila_rejdařům.txt,vyvazenost,různé úhly pohledu
1.69._Hvězda_dříve_patřila_rejdařům.txt,obtezujici_okolnosti,Ne
1.69._Hvězda_dříve_patřila_rejdařům.txt,dotazy,Ne
1.89._Padělky_měly_zničit_Británii_vězňům_zachránily_život.txt,kriterium,vyhovující
1.89._Padělky_měly_zničit_Británii_vězňům_zachránily_život.txt,odstavce,8
1.89._Padělky_měly_zničit_Británii_vězňům_zachránily_život.txt,politicka_zprava,Ne
1.89._Padělky_měly_zničit_Británii_vězňům_zachránily_život.txt,vecne,Ne
1.89._Padělky_měly_zničit_Británii_vězňům_zachránily_život.txt,vyvazenost,různé úhly pohledu
1.89._Padělky_měly_zničit_Británii_vězňům_zachránily_život.txt,obtezujici_okolnosti,Ne
1.89._Padělky_měly_zničit_Británii_vězňům_zachránily_život.txt,dotazy,Ne
1.14._Velikonoce_budou_slunečné.txt,kriterium,nezpravodajský
1.14._Velikonoce_budou_slunečné.txt,odstavce,14
1.14._Velikonoce_budou_slunečné.txt,politicka_zprava,Ne
1.14._Velikonoce_budou_slunečné.txt,vecne,Ne
1.14._Velikonoce_budou_slunečné.txt,vyvazenost,absence zdrojů a úhlů pohledu
1.14._Velikonoce_budou_slunečné.txt,obtezujici_okolnosti,Ne
1.14._Velikonoce_budou_slunečné.txt,dotazy,Ne
1.50._Najel_na_strážníka.txt,kriterium,vyhovující
1.50._Najel_na_strážníka.txt,odstavce,2
1.50._Najel_na_strážníka.txt,politicka_zprava,Ne
1.50._Najel_na_strážníka.txt,vecne,Ne
1.50._Najel_na_strážníka.txt,vyvazenost,absence zdrojů a úhlů pohledu
1.50._Najel_na_strážníka.txt,obtezujici_okolnosti,Ne
1.50._Najel_na_strážníka.txt,dotazy,Ne
1.77._Hruda:_Bruselu_jsme_nemuseli_nic_vracet.txt,kriterium,vyhovující
1.77._Hruda:_Bruselu_jsme_nemuseli_nic_vracet.txt,odstavce,3
1.77._Hruda:_Bruselu_jsme_nemuseli_nic_vracet.txt,politicka_zprava,Ano
1.77._Hruda:_Bruselu_jsme_nemuseli_nic_vracet.txt,vecne,Ano
1.77._Hruda:_Bruselu_jsme_nemuseli_nic_vracet.txt,vyvazenost,různé úhly pohledu
1.77._Hruda:_Bruselu_jsme_nemuseli_nic_vracet.txt,obtezujici_okolnosti,Ne
1.77._Hruda:_Bruselu_jsme_nemuseli_nic_vracet.txt,dotazy,Ne
1.46._Co_říkají_ke_spolupráci_ODS_a_KSČM.txt,kriterium,vyhovující
1.46._Co_říkají_ke_spolupráci_ODS_a_KSČM.txt,odstavce,3
1.46._Co_říkají_ke_spolupráci_ODS_a_KSČM.txt,politicka_zprava,Ano
1.46._Co_říkají_ke_spolupráci_ODS_a_KSČM.txt,vecne,Ano
1.46._Co_říkají_ke_spolupráci_ODS_a_KSČM.txt,vyvazenost,různé úhly pohledu
1.46._Co_říkají_ke_spolupráci_ODS_a_KSČM.txt,obtezujici_okolnosti,Ne
1.46._Co_říkají_ke_spolupráci_ODS_a_KSČM.txt,dotazy,Ne
1.7._Opilý_chlapec_ohrožoval_lidi_mačetou.txt,kriterium,vyhovující
1.7._Opilý_chlapec_ohrožoval_lidi_mačetou.txt,odstavce,2
1.7._Opilý_chlapec_ohrožoval_lidi_mačetou.txt,politicka_zprava,Ne
1.7._Opilý_chlapec_ohrožoval_lidi_mačetou.txt,vecne,Ne
1.7._Opilý_chlapec_ohrožoval_lidi_mačetou.txt,vyvazenost,jednostrannost
1.7._Opilý_chlapec_ohrožoval_lidi_mačetou.txt,obtezujici_okolnosti,Ne
1.7._Opilý_chlapec_ohrožoval_lidi_mačetou.txt,dotazy,Ne
1.97._Omluva.txt,kriterium,vyhovující
1.97._Omluva.txt,odstavce,1
1.97._Omluva.txt,politicka_zprava,Ne
1.97._Omluva.txt,vecne,Ne
1.97._Omluva.txt,vyvazenost,absence zdrojů a úhlů pohledu
1.97._Omluva.txt,obtezujici_okolnosti,Ne
1.97._Omluva.txt,dotazy,Ne
1.17._ČSSD_kvůli_Kubicemu_dává_trestní_oznámení.txt,kriterium,vyhovující
1.17._ČSSD_kvůli_Kubicemu_dává_trestní_oznámení.txt,odstavce,1
1.17._ČSSD_kvůli_Kubicemu_dává_trestní_oznámení.txt,politicka_zprava,Ano
1.17._ČSSD_kvůli_Kubicemu_dává_trestní_oznámení.txt,vecne,Ano
1.17._ČSSD_kvůli_Kubicemu_dává_trestní_oznámení.txt,vyvazenost,různé úhly pohledu
1.17._ČSSD_kvůli_Kubicemu_dává_trestní_oznámení.txt,obtezujici_okolnosti,Ne
1.17._ČSSD_kvůli_Kubicemu_dává_trestní_oznámení.txt,dotazy,Ne
1.72._O_nájem_olomouckých_nemocnic_bude_boj.txt,kriterium,vyhovující
1.72._O_nájem_olomouckých_nemocnic_bude_boj.txt,odstavce,25
1.72._O_nájem_olomouckých_nemocnic_bude_boj.txt,politicka_zprava,Ano
1.72._O_nájem_olomouckých_nemocnic_bude_boj.txt,vecne,Ano
1.72._O_nájem_olomouckých_nemocnic_bude_boj.txt,vyvazenost,různé úhly pohledu
1.72._O_nájem_olomouckých_nemocnic_bude_boj.txt,obtezujici_okolnosti,Ne
1.72._O_nájem_olomouckých_nemocnic_bude_boj.txt,dotazy,Ne
1.64._Křehká_květinka_má_stranu.txt,kriterium,vyhovující
1.64._Křehká_květinka_má_stranu.txt,odstavce,6
1.64._Křehká_květinka_má_stranu.txt,politicka_zprava,Ano
1.64._Křehká_květinka_má_stranu.txt,vecne,Ano
1.64._Křehká_květinka_má_stranu.txt,vyvazenost,různé úhly pohledu
1.64._Křehká_květinka_má_stranu.txt,obtezujici_okolnosti,Ne
1.64._Křehká_květinka_má_stranu.txt,dotazy,Ne
1.18._Do_zoo_se_„slétlo“_nejvíc_Slavíků.txt,kriterium,vyhovující
1.18._Do_zoo_se_„slétlo“_nejvíc_Slavíků.txt,odstavce,2
1.18._Do_zoo_se_„slétlo“_nejvíc_Slavíků.txt,politicka_zprava,Ne
1.18._Do_zoo_se_„slétlo“_nejvíc_Slavíků.txt,vecne,Ne
1.18._Do_zoo_se_„slétlo“_nejvíc_Slavíků.txt,vyvazenost,jednostrannost
1.18._Do_zoo_se_„slétlo“_nejvíc_Slavíků.txt,obtezujici_okolnosti,Ne
1.18._Do_zoo_se_„slétlo“_nejvíc_Slavíků.txt,dotazy,Ne
1.56._Češi_a_Němci_o_nacionalismu_a_strachu.txt,kriterium,nezpravodajský
1.56._Češi_a_Němci_o_nacionalismu_a_strachu.txt,odstavce,6
1.56._Češi_a_Němci_o_nacionalismu_a_strachu.txt,politicka_zprava,Ano
1.56._Češi_a_Němci_o_nacionalismu_a_strachu.txt,vecne,Ano
1.56._Češi_a_Němci_o_nacionalismu_a_strachu.txt,vyvazenost,různé úhly pohledu
1.56._Češi_a_Němci_o_nacionalismu_a_strachu.txt,obtezujici_okolnosti,Ne
1.56._Češi_a_Němci_o_nacionalismu_a_strachu.txt,dotazy,Ne
1.58._Buď_Čunek_nebo_my_navrhovala_část_zelených.txt,kriterium,vyhovující
1.58._Buď_Čunek_nebo_my_navrhovala_část_zelených.txt,odstavce,8
1.58._Buď_Čunek_nebo_my_navrhovala_část_zelených.txt,politicka_zprava,Ano
1.58._Buď_Čunek_nebo_my_navrhovala_část_zelených.txt,vecne,Ano
1.58._Buď_Čunek_nebo_my_navrhovala_část_zelených.txt,vyvazenost,různé úhly pohledu
1.58._Buď_Čunek_nebo_my_navrhovala_část_zelených.txt,obtezujici_okolnosti,Ne
1.58._Buď_Čunek_nebo_my_navrhovala_část_zelených.txt,dotazy,Ne
1.19._Na_všechny_kamery_musí_být_povolení.txt,kriterium,vyhovující
1.19._Na_všechny_kamery_musí_být_povolení.txt,odstavce,9
1.19._Na_všechny_kamery_musí_být_povolení.txt,politicka_zprava,Ne
1.19._Na_všechny_kamery_musí_být_povolení.txt,vecne,Ano
1.19._Na_všechny_kamery_musí_být_povolení.txt,vyvazenost,různé úhly pohledu
1.19._Na_všechny_kamery_musí_být_povolení.txt,obtezujici_okolnosti,Ano
1.19._Na_všechny_kamery_musí_být_povolení.txt,dotazy,Ne
1.23._Velikonoce_budou_slunečné.txt,kriterium,nezpravodajský
1.23._Velikonoce_budou_slunečné.txt,odstavce,2
1.23._Velikonoce_budou_slunečné.txt,politicka_zprava,Ne
1.23._Velikonoce_budou_slunečné.txt,vecne,Ne
1.23._Velikonoce_budou_slunečné.txt,vyvazenost,absence zdrojů a úhlů pohledu
1.23._Velikonoce_budou_slunečné.txt,obtezujici_okolnosti,Ne
1.23._Velikonoce_budou_slunečné.txt,dotazy,Ne
1.75._Lobkovický_palác_láká_na_hvězdnou_expozici.txt,kriterium,vyhovující
1.75._Lobkovický_palác_láká_na_hvězdnou_expozici.txt,odstavce,1
1.75._Lobkovický_palác_láká_na_hvězdnou_expozici.txt,politicka_zprava,Ne
1.75._Lobkovický_palác_láká_na_hvězdnou_expozici.txt,vecne,Ne
1.75._Lobkovický_palác_láká_na_hvězdnou_expozici.txt,vyvazenost,absence zdrojů a úhlů pohledu
1.75._Lobkovický_palác_láká_na_hvězdnou_expozici.txt,obtezujici_okolnosti,Ne
1.75._Lobkovický_palác_láká_na_hvězdnou_expozici.txt,dotazy,Ne
1.60._Jak_StB_vydírala_Nohavicu.txt,kriterium,vyhovující
1.60._Jak_StB_vydírala_Nohavicu.txt,odstavce,2
1.60._Jak_StB_vydírala_Nohavicu.txt,politicka_zprava,Ano
1.60._Jak_StB_vydírala_Nohavicu.txt,vecne,Ano
1.60._Jak_StB_vydírala_Nohavicu.txt,vyvazenost,různé úhly pohledu
1.60._Jak_StB_vydírala_Nohavicu.txt,obtezujici_okolnosti,Ne
1.60._Jak_StB_vydírala_Nohavicu.txt,dotazy,Ne
1.95._Za_tři_měsíce_vyneslo_mýtné_132_miliardy.txt,kriterium,vyhovující
1.95._Za_tři_měsíce_vyneslo_mýtné_132_miliardy.txt,odstavce,2
1.95._Za_tři_měsíce_vyneslo_mýtné_132_miliardy.txt,politicka_zprava,Ano
1.95._Za_tři_měsíce_vyneslo_mýtné_132_miliardy.txt,vecne,Ano
1.95._Za_tři_měsíce_vyneslo_mýtné_132_miliardy.txt,vyvazenost,jednostrannost
1.95._Za_tři_měsíce_vyneslo_mýtné_132_miliardy.txt,obtezujici_okolnosti,Ne
1.95._Za_tři_měsíce_vyneslo_mýtné_132_miliardy.txt,dotazy,Ne
1.57._Policisté_zatýkali_podle_manuálu.txt,kriterium,vyhovující
1.57._Policisté_zatýkali_podle_manuálu.txt,odstavce,2
1.57._Policisté_zatýkali_podle_manuálu.txt,politicka_zprava,Ano
1.57._Policisté_zatýkali_podle_manuálu.txt,vecne,Ano
1.57._Policisté_zatýkali_podle_manuálu.txt,vyvazenost,různé úhly pohledu
1.57._Policisté_zatýkali_podle_manuálu.txt,obtezujici_okolnosti,Ano
1.57._Policisté_zatýkali_podle_manuálu.txt,dotazy,Ne
1.9._Dospělí_se_pořádně_zapotili.txt,kriterium,vyhovující
1.9._Dospělí_se_pořádně_zapotili.txt,odstavce,8
1.9._Dospělí_se_pořádně_zapotili.txt,politicka_zprava,Ano
1.9._Dospělí_se_pořádně_zapotili.txt,vecne,Ano
1.9._Dospělí_se_pořádně_zapotili.txt,vyvazenost,různé úhly pohledu
1.9._Dospělí_se_pořádně_zapotili.txt,obtezujici_okolnosti,Ne
1.9._Dospělí_se_pořádně_zapotili.txt,dotazy,Ne
1.41._Vodáci_odemkli_Lužnici.txt,kriterium,nezpravodajský
1.41._Vodáci_odemkli_Lužnici.txt,odstavce,1
1.41._Vodáci_odemkli_Lužnici.txt,politicka_zprava,Ne
1.41._Vodáci_odemkli_Lužnici.txt,vecne,Ne
1.41._Vodáci_odemkli_Lužnici.txt,vyvazenost,absence zdrojů a úhlů pohledu
1.41._Vodáci_odemkli_Lužnici.txt,obtezujici_okolnosti,Ne
1.41._Vodáci_odemkli_Lužnici.txt,dotazy,Ne
1.81._Zahraniční_dluh_Česka_stoupl_na_122_bilionu_korun.txt,kriterium,vyhovující
1.81._Zahraniční_dluh_Česka_stoupl_na_122_bilionu_korun.txt,odstavce,3
1.81._Zahraniční_dluh_Česka_stoupl_na_122_bilionu_korun.txt,politicka_zprava,Ne
1.81._Zahraniční_dluh_Česka_stoupl_na_122_bilionu_korun.txt,vecne,Ano
1.81._Zahraniční_dluh_Česka_stoupl_na_122_bilionu_korun.txt,vyvazenost,různé úhly pohledu
1.81._Zahraniční_dluh_Česka_stoupl_na_122_bilionu_korun.txt,obtezujici_okolnosti,Ne
1.81._Zahraniční_dluh_Česka_stoupl_na_122_bilionu_korun.txt,dotazy,Ne
1.68._Neonacisté_se_snaží_působit_skrytě.txt,kriterium,vyhovující
1.68._Neonacisté_se_snaží_působit_skrytě.txt,odstavce,6
1.68._Neonacisté_se_snaží_působit_skrytě.txt,politicka_zprava,Ano
1.68._Neonacisté_se_snaží_působit_skrytě.txt,vecne,Ano
1.68._Neonacisté_se_snaží_působit_skrytě.txt,vyvazenost,různé úhly pohledu
1.68._Neonacisté_se_snaží_působit_skrytě.txt,obtezujici_okolnosti,Ne
1.68._Neonacisté_se_snaží_působit_skrytě.txt,dotazy,Ne
1.62._Policejní_šéf_by_měl_být_ve_funkci_jen_několik_let.txt,kriterium,vyhovující
1.62._Policejní_šéf_by_měl_být_ve_funkci_jen_několik_let.txt,odstavce,6
1.62._Policejní_šéf_by_měl_být_ve_funkci_jen_několik_let.txt,politicka_zprava,Ano
1.62._Policejní_šéf_by_měl_být_ve_funkci_jen_několik_let.txt,vecne,Ano
1.62._Policejní_šéf_by_měl_být_ve_funkci_jen_několik_let.txt,vyvazenost,různé úhly pohledu
1.62._Policejní_šéf_by_měl_být_ve_funkci_jen_několik_let.txt,obtezujici_okolnosti,Ne
1.62._Policejní_šéf_by_měl_být_ve_funkci_jen_několik_let.txt,dotazy,Ne
1.10._Hokejka_z_Nagana_pomohla_dětem.txt,kriterium,vyhovující
1.10._Hokejka_z_Nagana_pomohla_dětem.txt,odstavce,1
1.10._Hokejka_z_Nagana_pomohla_dětem.txt,politicka_zprava,Ne
1.10._Hokejka_z_Nagana_pomohla_dětem.txt,vecne,Ne
1.10._Hokejka_z_Nagana_pomohla_dětem.txt,vyvazenost,jednostrannost
1.10._Hokejka_z_Nagana_pomohla_dětem.txt,obtezujici_okolnosti,Ne
1.10._Hokejka_z_Nagana_pomohla_dětem.txt,dotazy,Ne
1.42._Dětské_oběti_vypovídají_ve_speciální_místnosti.txt,kriterium,vyhovující
1.42._Dětské_oběti_vypovídají_ve_speciální_místnosti.txt,odstavce,3
1.42._Dětské_oběti_vypovídají_ve_speciální_místnosti.txt,politicka_zprava,Ano
1.42._Dětské_oběti_vypovídají_ve_speciální_místnosti.txt,vecne,Ano
1.42._Dětské_oběti_vypovídají_ve_speciální_místnosti.txt,vyvazenost,různé úhly pohledu
1.42._Dětské_oběti_vypovídají_ve_speciální_místnosti.txt,obtezujici_okolnosti,Ne
1.42._Dětské_oběti_vypovídají_ve_speciální_místnosti.txt,dotazy,Ne
1.27._V_obcích_uspěli_opět_nezávislí.txt,kriterium,vyhovující
1.27._V_obcích_uspěli_opět_nezávislí.txt,odstavce,2
1.27._V_obcích_uspěli_opět_nezávislí.txt,politicka_zprava,Ano
1.27._V_obcích_uspěli_opět_nezávislí.txt,vecne,Ano
1.27._V_obcích_uspěli_opět_nezávislí.txt,vyvazenost,jednostrannost
1.27._V_obcích_uspěli_opět_nezávislí.txt,obtezujici_okolnosti,Ne
1.27._V_obcích_uspěli_opět_nezávislí.txt,dotazy,Ne
1.66._Po_zádech_důchodců.txt,kriterium,vyhovující
1.66._Po_zádech_důchodců.txt,odstavce,3
1.66._Po_zádech_důchodců.txt,politicka_zprava,Ano
1.66._Po_zádech_důchodců.txt,vecne,Ano
1.66._Po_zádech_důchodců.txt,vyvazenost,různé úhly pohledu
1.66._Po_zádech_důchodců.txt,obtezujici_okolnosti,Ne
1.66._Po_zádech_důchodců.txt,dotazy,Ne
1.51._Sklepy_se_změnily_v_turistické_korzo.txt,kriterium,nezpravodajský
1.51._Sklepy_se_změnily_v_turistické_korzo.txt,odstavce,6
1.51._Sklepy_se_změnily_v_turistické_korzo.txt,politicka_zprava,Ne
1.51._Sklepy_se_změnily_v_turistické_korzo.txt,vecne,Ne
1.51._Sklepy_se_změnily_v_turistické_korzo.txt,vyvazenost,různé úhly pohledu
1.51._Sklepy_se_změnily_v_turistické_korzo.txt,obtezujici_okolnosti,Ne
1.51._Sklepy_se_změnily_v_turistické_korzo.txt,dotazy,Ne
1.99._Česká_spořitelna_prodlužuje_provoz_na_pobočkách.txt,kriterium,nezpravodajský
1.99._Česká_spořitelna_prodlužuje_provoz_na_pobočkách.txt,odstavce,6
1.99._Česká_spořitelna_prodlužuje_provoz_na_pobočkách.txt,politicka_zprava,Ne
1.99._Česká_spořitelna_prodlužuje_provoz_na_pobočkách.txt,vecne,Ne
1.99._Česká_spořitelna_prodlužuje_provoz_na_pobočkách.txt,vyvazenost,různé úhly pohledu
1.99._Česká_spořitelna_prodlužuje_provoz_na_pobočkách.txt,obtezujici_okolnosti,Ne
1.99._Česká_spořitelna_prodlužuje_provoz_na_pobočkách.txt,dotazy,Ne
1.15._Tunel_v_Praze_pod_Letnou_se_může_začít_stavět.txt,kriterium,vyhovující
1.15._Tunel_v_Praze_pod_Letnou_se_může_začít_stavět.txt,odstavce,4
1.15._Tunel_v_Praze_pod_Letnou_se_může_začít_stavět.txt,politicka_zprava,Ano
1.15._Tunel_v_Praze_pod_Letnou_se_může_začít_stavět.txt,vecne,Ano
1.15._Tunel_v_Praze_pod_Letnou_se_může_začít_stavět.txt,vyvazenost,různé úhly pohledu
1.15._Tunel_v_Praze_pod_Letnou_se_může_začít_stavět.txt,obtezujici_okolnosti,Ne
1.15._Tunel_v_Praze_pod_Letnou_se_může_začít_stavět.txt,dotazy,Ne
1.2._Kamery_viděly_do_soukromí._Soud_to_potrestal.txt,kriterium,vyhovující
1.2._Kamery_viděly_do_soukromí._Soud_to_potrestal.txt,odstavce,4
1.2._Kamery_viděly_do_soukromí._Soud_to_potrestal.txt,politicka_zprava,Ano
1.2._Kamery_viděly_do_soukromí._Soud_to_potrestal.txt,vecne,Ano
1.2._Kamery_viděly_do_soukromí._Soud_to_potrestal.txt,vyvazenost,různé úhly pohledu
1.2._Kamery_viděly_do_soukromí._Soud_to_potrestal.txt,obtezujici_okolnosti,Ne
1.2._Kamery_viděly_do_soukromí._Soud_to_potrestal.txt,dotazy,Ne
1.29._Dnes_je_poslední_den_na_přiznání_a_zaplacení_daně.txt,kriterium,vyhovující
1.29._Dnes_je_poslední_den_na_přiznání_a_zaplacení_daně.txt,odstavce,5
1.29._Dnes_je_poslední_den_na_přiznání_a_zaplacení_daně.txt,politicka_zprava,Ne
1.29._Dnes_je_poslední_den_na_přiznání_a_zaplacení_daně.txt,vecne,Ne
1.29._Dnes_je_poslední_den_na_přiznání_a_zaplacení_daně.txt,vyvazenost,jednostrannost
1.29._Dnes_je_poslední_den_na_přiznání_a_zaplacení_daně.txt,obtezujici_okolnosti,Ano
1.29._Dnes_je_poslední_den_na_přiznání_a_zaplacení_daně.txt,dotazy,Ne
1.59._Zákoník_práce_dopadl_i_na_hrady.txt,kriterium,vyhovující
1.59._Zákoník_práce_dopadl_i_na_hrady.txt,odstavce,3
1.59._Zákoník_práce_dopadl_i_na_hrady.txt,politicka_zprava,Ne
1.59._Zákoník_práce_dopadl_i_na_hrady.txt,vecne,Ano
1.59._Zákoník_práce_dopadl_i_na_hrady.txt,vyvazenost,různé úhly pohledu
1.59._Zákoník_práce_dopadl_i_na_hrady.txt,obtezujici_okolnosti,Ne
1.59._Zákoník_práce_dopadl_i_na_hrady.txt,dotazy,Ne
1.71._Zelení_chtějí_aby_Jiří_Čunek_odešel_z_vlády.txt,kriterium,vyhovující
1.71._Zelení_chtějí_aby_Jiří_Čunek_odešel_z_vlády.txt,odstavce,9
1.71._Zelení_chtějí_aby_Jiří_Čunek_odešel_z_vlády.txt,politicka_zprava,Ano
1.71._Zelení_chtějí_aby_Jiří_Čunek_odešel_z_vlády.txt,vecne,Ano
1.71._Zelení_chtějí_aby_Jiří_Čunek_odešel_z_vlády.txt,vyvazenost,různé úhly pohledu
1.71._Zelení_chtějí_aby_Jiří_Čunek_odešel_z_vlády.txt,obtezujici_okolnosti,Ne
1.71._Zelení_chtějí_aby_Jiří_Čunek_odešel_z_vlády.txt,dotazy,Ne
1.55._Vyšetřování_prověrek_v_NBÚ_policie_odložila.txt,kriterium,vyhovující
1.55._Vyšetřování_prověrek_v_NBÚ_policie_odložila.txt,odstavce,1
1.55._Vyšetřování_prověrek_v_NBÚ_policie_odložila.txt,politicka_zprava,Ano
1.55._Vyšetřování_prověrek_v_NBÚ_policie_odložila.txt,vecne,Ano
1.55._Vyšetřování_prověrek_v_NBÚ_policie_odložila.txt,vyvazenost,jednostrannost
1.55._Vyšetřování_prověrek_v_NBÚ_policie_odložila.txt,obtezujici_okolnosti,Ne
1.55._Vyšetřování_prověrek_v_NBÚ_policie_odložila.txt,dotazy,Ne
1.16._Premiér_otevřel_v_Kábulu_českou_polní_nemocnici.txt,kriterium,vyhovující
1.16._Premiér_otevřel_v_Kábulu_českou_polní_nemocnici.txt,odstavce,9
1.16._Premiér_otevřel_v_Kábulu_českou_polní_nemocnici.txt,politicka_zprava,Ano
1.16._Premiér_otevřel_v_Kábulu_českou_polní_nemocnici.txt,vecne,Ano
1.16._Premiér_otevřel_v_Kábulu_českou_polní_nemocnici.txt,vyvazenost,různé úhly pohledu
1.16._Premiér_otevřel_v_Kábulu_českou_polní_nemocnici.txt,obtezujici_okolnosti,Ne
1.16._Premiér_otevřel_v_Kábulu_českou_polní_nemocnici.txt,dotazy,Ne
1.37._Když_poslanci_neumějí_cizí_jazyky_stojí_to_milióny_korun.txt,kriterium,vyhovující
1.37._Když_poslanci_neumějí_cizí_jazyky_stojí_to_milióny_korun.txt,odstavce,9
1.37._Když_poslanci_neumějí_cizí_jazyky_stojí_to_milióny_korun.txt,politicka_zprava,Ano
1.37._Když_poslanci_neumějí_cizí_jazyky_stojí_to_milióny_korun.txt,vecne,Ano
1.37._Když_poslanci_neumějí_cizí_jazyky_stojí_to_milióny_korun.txt,vyvazenost,různé úhly pohledu
1.37._Když_poslanci_neumějí_cizí_jazyky_stojí_to_milióny_korun.txt,obtezujici_okolnosti,Ano
1.37._Když_poslanci_neumějí_cizí_jazyky_stojí_to_milióny_korun.txt,dotazy,Ne
1.20._Heslem_Nic_než_národ_„bojují“_za_životní_prostředí.txt,kriterium,vyhovující
1.20._Heslem_Nic_než_národ_„bojují“_za_životní_prostředí.txt,odstavce,5
1.20._Heslem_Nic_než_národ_„bojují“_za_životní_prostředí.txt,politicka_zprava,Ano
1.20._Heslem_Nic_než_národ_„bojují“_za_životní_prostředí.txt,vecne,Ano
1.20._Heslem_Nic_než_národ_„bojují“_za_životní_prostředí.txt,vyvazenost,různé úhly pohledu
1.20._Heslem_Nic_než_národ_„bojují“_za_životní_prostředí.txt,obtezujici_okolnosti,Ne
1.20._Heslem_Nic_než_národ_„bojují“_za_životní_prostředí.txt,dotazy,Ne
1.86._Vyšetřování_prověrek_v_NBÚ_policie_odložila.txt,kriterium,vyhovující
1.86._Vyšetřování_prověrek_v_NBÚ_policie_odložila.txt,odstavce,2
1.86._Vyšetřování_prověrek_v_NBÚ_policie_odložila.txt,politicka_zprava,Ne
1.86._Vyšetřování_prověrek_v_NBÚ_policie_odložila.txt,vecne,Ano
1.86._Vyšetřování_prověrek_v_NBÚ_policie_odložila.txt,vyvazenost,různé úhly pohledu
1.86._Vyšetřování_prověrek_v_NBÚ_policie_odložila.txt,obtezujici_okolnosti,Ne
1.86._Vyšetřování_prověrek_v_NBÚ_policie_odložila.txt,dotazy,Ne
1.90._Národní_fotbalový_stadion?_Verdikt_se_odkládá.txt,kriterium,vyhovující
1.90._Národní_fotbalový_stadion?_Verdikt_se_odkládá.txt,odstavce,8
1.90._Národní_fotbalový_stadion?_Verdikt_se_odkládá.txt,politicka_zprava,Ano
1.90._Národní_fotbalový_stadion?_Verdikt_se_odkládá.txt,vecne,Ano
1.90._Národní_fotbalový_stadion?_Verdikt_se_odkládá.txt,vyvazenost,různé úhly pohledu
1.90._Národní_fotbalový_stadion?_Verdikt_se_odkládá.txt,obtezujici_okolnosti,Ne
1.90._Národní_fotbalový_stadion?_Verdikt_se_odkládá.txt,dotazy,Ne
1.28._ODS_podpořila_Klause_na_Hrad.txt,kriterium,vyhovující
1.28._ODS_podpořila_Klause_na_Hrad.txt,odstavce,6
1.28._ODS_podpořila_Klause_na_Hrad.txt,politicka_zprava,Ano
1.28._ODS_podpořila_Klause_na_Hrad.txt,vecne,Ano
1.28._ODS_podpořila_Klause_na_Hrad.txt,vyvazenost,různé úhly pohledu
1.28._ODS_podpořila_Klause_na_Hrad.txt,obtezujici_okolnosti,Ne
1.28._ODS_podpořila_Klause_na_Hrad.txt,dotazy,Ne
1.40._Mladí_farmáři_mají_vydělat.txt,kriterium,vyhovující
1.40._Mladí_farmáři_mají_vydělat.txt,odstavce,3
1.40._Mladí_farmáři_mají_vydělat.txt,politicka_zprava,Ano
1.40._Mladí_farmáři_mají_vydělat.txt,vecne,Ano
1.40._Mladí_farmáři_mají_vydělat.txt,vyvazenost,různé úhly pohledu
1.40._Mladí_farmáři_mají_vydělat.txt,obtezujici_okolnosti,Ne
1.40._Mladí_farmáři_mají_vydělat.txt,dotazy,Ne
1.98._Čunek:_Lhůta_pro_výpověď_z_bytu_déle_než_dva_roky.txt,kriterium,vyhovující
1.98._Čunek:_Lhůta_pro_výpověď_z_bytu_déle_než_dva_roky.txt,odstavce,6
1.98._Čunek:_Lhůta_pro_výpověď_z_bytu_déle_než_dva_roky.txt,politicka_zprava,Ano
1.98._Čunek:_Lhůta_pro_výpověď_z_bytu_déle_než_dva_roky.txt,vecne,Ano
1.98._Čunek:_Lhůta_pro_výpověď_z_bytu_déle_než_dva_roky.txt,vyvazenost,různé úhly pohledu
1.98._Čunek:_Lhůta_pro_výpověď_z_bytu_déle_než_dva_roky.txt,obtezujici_okolnosti,Ne
1.98._Čunek:_Lhůta_pro_výpověď_z_bytu_déle_než_dva_roky.txt,dotazy,Ne
1.34._Policejní_prezident_by_mohl_mít_časově_omezené_funkční_období.txt,kriterium,vyhovující
1.34._Policejní_prezident_by_mohl_mít_časově_omezené_funkční_období.txt,odstavce,8
1.34._Policejní_prezident_by_mohl_mít_časově_omezené_funkční_období.txt,politicka_zprava,Ano
1.34._Policejní_prezident_by_mohl_mít_časově_omezené_funkční_období.txt,vecne,Ano
1.34._Policejní_prezident_by_mohl_mít_časově_omezené_funkční_období.txt,vyvazenost,různé úhly pohledu
1.34._Policejní_prezident_by_mohl_mít_časově_omezené_funkční_období.txt,obtezujici_okolnosti,Ne
1.34._Policejní_prezident_by_mohl_mít_časově_omezené_funkční_období.txt,dotazy,Ne
1.45._Špatná_strava_a_málo_pohybu_zvyšuje_riziko_infarktu_33krát.txt,kriterium,vyhovující
1.45._Špatná_strava_a_málo_pohybu_zvyšuje_riziko_infarktu_33krát.txt,odstavce,9
1.45._Špatná_strava_a_málo_pohybu_zvyšuje_riziko_infarktu_33krát.txt,politicka_zprava,Ne
1.45._Špatná_strava_a_málo_pohybu_zvyšuje_riziko_infarktu_33krát.txt,vecne,Ne
1.45._Špatná_strava_a_málo_pohybu_zvyšuje_riziko_infarktu_33krát.txt,vyvazenost,různé úhly pohledu
1.45._Špatná_strava_a_málo_pohybu_zvyšuje_riziko_infarktu_33krát.txt,obtezujici_okolnosti,Ano
1.45._Špatná_strava_a_málo_pohybu_zvyšuje_riziko_infarktu_33krát.txt,dotazy,Ne
1.82._Žaloba_kvůli_emisím_nejdříve_za_dva_týdny.txt,kriterium,vyhovující
1.82._Žaloba_kvůli_emisím_nejdříve_za_dva_týdny.txt,odstavce,1
1.82._Žaloba_kvůli_emisím_nejdříve_za_dva_týdny.txt,politicka_zprava,Ano
1.82._Žaloba_kvůli_emisím_nejdříve_za_dva_týdny.txt,vecne,Ano
1.82._Žaloba_kvůli_emisím_nejdříve_za_dva_týdny.txt,vyvazenost,jednostrannost
1.82._Žaloba_kvůli_emisím_nejdříve_za_dva_týdny.txt,obtezujici_okolnosti,Ne
1.82._Žaloba_kvůli_emisím_nejdříve_za_dva_týdny.txt,dotazy,Ne
1.70._Jak_na_radikály?_S_kapesní_brožurou.txt,kriterium,vyhovující
1.70._Jak_na_radikály?_S_kapesní_brožurou.txt,odstavce,8
1.70._Jak_na_radikály?_S_kapesní_brožurou.txt,politicka_zprava,Ano
1.70._Jak_na_radikály?_S_kapesní_brožurou.txt,vecne,Ano
1.70._Jak_na_radikály?_S_kapesní_brožurou.txt,vyvazenost,různé úhly pohledu
1.70._Jak_na_radikály?_S_kapesní_brožurou.txt,obtezujici_okolnosti,Ne
1.70._Jak_na_radikály?_S_kapesní_brožurou.txt,dotazy,Ne
1.78._Ministerstvo_zemědělství_změnilo_vedení_fondu.txt,kriterium,vyhovující
1.78._Ministerstvo_zemědělství_změnilo_vedení_fondu.txt,odstavce,3
1.78._Ministerstvo_zemědělství_změnilo_vedení_fondu.txt,politicka_zprava,Ano
1.78._Ministerstvo_zemědělství_změnilo_vedení_fondu.txt,vecne,Ano
1.78._Ministerstvo_zemědělství_změnilo_vedení_fondu.txt,vyvazenost,různé úhly pohledu
1.78._Ministerstvo_zemědělství_změnilo_vedení_fondu.txt,obtezujici_okolnosti,Ne
1.78._Ministerstvo_zemědělství_změnilo_vedení_fondu.txt,dotazy,Ne
1.33._Viník_nehody_ujel.txt,kriterium,vyhovující
1.33._Viník_nehody_ujel.txt,odstavce,2
1.33._Viník_nehody_ujel.txt,politicka_zprava,Ne
1.33._Viník_nehody_ujel.txt,vecne,Ne
1.33._Viník_nehody_ujel.txt,vyvazenost,absence zdrojů a úhlů pohledu
1.33._Viník_nehody_ujel.txt,obtezujici_okolnosti,Ne
1.33._Viník_nehody_ujel.txt,dotazy,Ne
1.32._Mladistvý_hrozil_mačetou.txt,kriterium,nezpravodajský
1.32._Mladistvý_hrozil_mačetou.txt,odstavce,3
1.32._Mladistvý_hrozil_mačetou.txt,politicka_zprava,Ne
1.32._Mladistvý_hrozil_mačetou.txt,vecne,Ne
1.32._Mladistvý_hrozil_mačetou.txt,vyvazenost,jednostrannost
1.32._Mladistvý_hrozil_mačetou.txt,obtezujici_okolnosti,Ne
1.32._Mladistvý_hrozil_mačetou.txt,dotazy,Ne
1.11._Dva_muži_napadli_policejní_hlídku.txt,kriterium,vyhovující
1.11._Dva_muži_napadli_policejní_hlídku.txt,odstavce,2
1.11._Dva_muži_napadli_policejní_hlídku.txt,politicka_zprava,Ne
1.11._Dva_muži_napadli_policejní_hlídku.txt,vecne,Ne
1.11._Dva_muži_napadli_policejní_hlídku.txt,vyvazenost,jednostrannost
1.11._Dva_muži_napadli_policejní_hlídku.txt,obtezujici_okolnosti,Ne
1.11._Dva_muži_napadli_policejní_hlídku.txt,dotazy,Ne
1.4._Sledují_každý_náš_krok.txt,kriterium,vyhovující
1.4._Sledují_každý_náš_krok.txt,odstavce,8
1.4._Sledují_každý_náš_krok.txt,politicka_zprava,Ne
1.4._Sledují_každý_náš_krok.txt,vecne,Ne
1.4._Sledují_každý_náš_krok.txt,vyvazenost,různé úhly pohledu
1.4._Sledují_každý_náš_krok.txt,obtezujici_okolnosti,Ne
1.4._Sledují_každý_náš_krok.txt,dotazy,Ne
1.94._Češi_mění_hory_za_pobyt_u_moře.txt,kriterium,nezpravodajský
1.94._Češi_mění_hory_za_pobyt_u_moře.txt,odstavce,4
1.94._Češi_mění_hory_za_pobyt_u_moře.txt,politicka_zprava,Ne
1.94._Češi_mění_hory_za_pobyt_u_moře.txt,vecne,Ne
1.94._Češi_mění_hory_za_pobyt_u_moře.txt,vyvazenost,různé úhly pohledu
1.94._Češi_mění_hory_za_pobyt_u_moře.txt,obtezujici_okolnosti,Ne
1.94._Češi_mění_hory_za_pobyt_u_moře.txt,dotazy,Ne
1.100._Vyšší_mzdy_ve_Škodě_ohrozí_její_rozvoj.txt,kriterium,vyhovující
1.100._Vyšší_mzdy_ve_Škodě_ohrozí_její_rozvoj.txt,odstavce,8
1.100._Vyšší_mzdy_ve_Škodě_ohrozí_její_rozvoj.txt,politicka_zprava,Ne
1.100._Vyšší_mzdy_ve_Škodě_ohrozí_její_rozvoj.txt,vecne,Ne
1.100._Vyšší_mzdy_ve_Škodě_ohrozí_její_rozvoj.txt,vyvazenost,různé úhly pohledu
1.100._Vyšší_mzdy_ve_Škodě_ohrozí_její_rozvoj.txt,obtezujici_okolnosti,Ne
1.100._Vyšší_mzdy_ve_Škodě_ohrozí_její_rozvoj.txt,dotazy,Ne
1.47._Opilci_napadali_policisty.txt,kriterium,vyhovující
1.47._Opilci_napadali_policisty.txt,odstavce,4
1.47._Opilci_napadali_policisty.txt,politicka_zprava,Ne
1.47._Opilci_napadali_policisty.txt,vecne,Ne
1.47._Opilci_napadali_policisty.txt,vyvazenost,různé úhly pohledu
1.47._Opilci_napadali_policisty.txt,obtezujici_okolnosti,Ne
1.47._Opilci_napadali_policisty.txt,dotazy,Ne
1.52._Čunek_chce_výpověď_z_bytu_bez_důvodu_delší_než_dva_roky.txt,kriterium,vyhovující
1.52._Čunek_chce_výpověď_z_bytu_bez_důvodu_delší_než_dva_roky.txt,odstavce,6
1.52._Čunek_chce_výpověď_z_bytu_bez_důvodu_delší_než_dva_roky.txt,politicka_zprava,Ano
1.52._Čunek_chce_výpověď_z_bytu_bez_důvodu_delší_než_dva_roky.txt,vecne,Ano
1.52._Čunek_chce_výpověď_z_bytu_bez_důvodu_delší_než_dva_roky.txt,vyvazenost,různé úhly pohledu
1.52._Čunek_chce_výpověď_z_bytu_bez_důvodu_delší_než_dva_roky.txt,obtezujici_okolnosti,Ne
1.52._Čunek_chce_výpověď_z_bytu_bez_důvodu_delší_než_dva_roky.txt,dotazy,Ne
1.54._Topolánek_už_s_vulgarismy_narazil_i_u_manželky_Pavly.txt,kriterium,vyhovující
1.54._Topolánek_už_s_vulgarismy_narazil_i_u_manželky_Pavly.txt,odstavce,3
1.54._Topolánek_už_s_vulgarismy_narazil_i_u_manželky_Pavly.txt,politicka_zprava,Ano
1.54._Topolánek_už_s_vulgarismy_narazil_i_u_manželky_Pavly.txt,vecne,Ano
1.54._Topolánek_už_s_vulgarismy_narazil_i_u_manželky_Pavly.txt,vyvazenost,různé úhly pohledu
1.54._Topolánek_už_s_vulgarismy_narazil_i_u_manželky_Pavly.txt,obtezujici_okolnosti,Ne
1.54._Topolánek_už_s_vulgarismy_narazil_i_u_manželky_Pavly.txt,dotazy,Ne
1.39._Rodiče_osmiměsíční_dívky_čelí_obvinění_z_týrání.txt,kriterium,vyhovující
1.39._Rodiče_osmiměsíční_dívky_čelí_obvinění_z_týrání.txt,odstavce,4
1.39._Rodiče_osmiměsíční_dívky_čelí_obvinění_z_týrání.txt,politicka_zprava,Ne
1.39._Rodiče_osmiměsíční_dívky_čelí_obvinění_z_týrání.txt,vecne,Ne
1.39._Rodiče_osmiměsíční_dívky_čelí_obvinění_z_týrání.txt,vyvazenost,jednostrannost
1.39._Rodiče_osmiměsíční_dívky_čelí_obvinění_z_týrání.txt,obtezujici_okolnosti,Ne
1.39._Rodiče_osmiměsíční_dívky_čelí_obvinění_z_týrání.txt,dotazy,Ne
1.48._Dceru_matce_vrátil_až_za_policejní_asistence.txt,kriterium,vyhovující
1.48._Dceru_matce_vrátil_až_za_policejní_asistence.txt,odstavce,3
1.48._Dceru_matce_vrátil_až_za_policejní_asistence.txt,politicka_zprava,Ne
1.48._Dceru_matce_vrátil_až_za_policejní_asistence.txt,vecne,Ne
1.48._Dceru_matce_vrátil_až_za_policejní_asistence.txt,vyvazenost,jednostrannost
1.48._Dceru_matce_vrátil_až_za_policejní_asistence.txt,obtezujici_okolnosti,Ne
1.48._Dceru_matce_vrátil_až_za_policejní_asistence.txt,dotazy,Ne
1.30._Spadl_ze_skály.txt,kriterium,vyhovující
1.30._Spadl_ze_skály.txt,odstavce,2
1.30._Spadl_ze_skály.txt,politicka_zprava,Ne
1.30._Spadl_ze_skály.txt,vecne,Ne
1.30._Spadl_ze_skály.txt,vyvazenost,různé úhly pohledu
1.30._Spadl_ze_skály.txt,obtezujici_okolnosti,Ne
1.30._Spadl_ze_skály.txt,dotazy,Ne
1.35._ČSSD_viní_Langra_z_ovlivňování_kauzy_Kubice.txt,kriterium,vyhovující
1.35._ČSSD_viní_Langra_z_ovlivňování_kauzy_Kubice.txt,odstavce,3
1.35._ČSSD_viní_Langra_z_ovlivňování_kauzy_Kubice.txt,politicka_zprava,Ano
1.35._ČSSD_viní_Langra_z_ovlivňování_kauzy_Kubice.txt,vecne,Ano
1.35._ČSSD_viní_Langra_z_ovlivňování_kauzy_Kubice.txt,vyvazenost,různé úhly pohledu
1.35._ČSSD_viní_Langra_z_ovlivňování_kauzy_Kubice.txt,obtezujici_okolnosti,Ne
1.35._ČSSD_viní_Langra_z_ovlivňování_kauzy_Kubice.txt,dotazy,Ne
1.96._Hrad_a_církev_budou_spravovat_sv._Víta_spolu.txt,kriterium,vyhovující
1.96._Hrad_a_církev_budou_spravovat_sv._Víta_spolu.txt,odstavce,3
1.96._Hrad_a_církev_budou_spravovat_sv._Víta_spolu.txt,politicka_zprava,Ano
1.96._Hrad_a_církev_budou_spravovat_sv._Víta_spolu.txt,vecne,Ano
1.96._Hrad_a_církev_budou_spravovat_sv._Víta_spolu.txt,vyvazenost,různé úhly pohledu
1.96._Hrad_a_církev_budou_spravovat_sv._Víta_spolu.txt,obtezujici_okolnosti,Ne
1.96._Hrad_a_církev_budou_spravovat_sv._Víta_spolu.txt,dotazy,Ne
1.25._Zelení_už_mají_Čunka_dost.txt,kriterium,vyhovující
1.25._Zelení_už_mají_Čunka_dost.txt,odstavce,2
1.25._Zelení_už_mají_Čunka_dost.txt,politicka_zprava,Ano
1.25._Zelení_už_mají_Čunka_dost.txt,vecne,Ano
1.25._Zelení_už_mají_Čunka_dost.txt,vyvazenost,různé úhly pohledu
1.25._Zelení_už_mají_Čunka_dost.txt,obtezujici_okolnosti,Ne
1.25._Zelení_už_mají_Čunka_dost.txt,dotazy,Ne
1.61._Hrady_musí_mít_dvojnásobek_průvodců.txt,kriterium,vyhovující
1.61._Hrady_musí_mít_dvojnásobek_průvodců.txt,odstavce,14
1.61._Hrady_musí_mít_dvojnásobek_průvodců.txt,politicka_zprava,Ano
1.61._Hrady_musí_mít_dvojnásobek_průvodců.txt,vecne,Ano
1.61._Hrady_musí_mít_dvojnásobek_průvodců.txt,vyvazenost,různé úhly pohledu
1.61._Hrady_musí_mít_dvojnásobek_průvodců.txt,obtezujici_okolnosti,Ne
1.61._Hrady_musí_mít_dvojnásobek_průvodců.txt,dotazy,Ne
1.88._Strany_stále_víc_závisejí_na_státní_pokladně.txt,kriterium,vyhovující
1.88._Strany_stále_víc_závisejí_na_státní_pokladně.txt,odstavce,8
1.88._Strany_stále_víc_závisejí_na_státní_pokladně.txt,politicka_zprava,Ano
1.88._Strany_stále_víc_závisejí_na_státní_pokladně.txt,vecne,Ano
1.88._Strany_stále_víc_závisejí_na_státní_pokladně.txt,vyvazenost,různé úhly pohledu
1.88._Strany_stále_víc_závisejí_na_státní_pokladně.txt,obtezujici_okolnosti,Ne
1.88._Strany_stále_víc_závisejí_na_státní_pokladně.txt,dotazy,Ne
1.101._Unimex_Group_loni_vydělal_téměř_miliardu.txt,kriterium,vyhovující
1.101._Unimex_Group_loni_vydělal_téměř_miliardu.txt,odstavce,2
1.101._Unimex_Group_loni_vydělal_téměř_miliardu.txt,politicka_zprava,Ne
1.101._Unimex_Group_loni_vydělal_téměř_miliardu.txt,vecne,Ne
1.101._Unimex_Group_loni_vydělal_téměř_miliardu.txt,vyvazenost,absence zdrojů a úhlů pohledu
1.101._Unimex_Group_loni_vydělal_téměř_miliardu.txt,obtezujici_okolnosti,Ne
1.101._Unimex_Group_loni_vydělal_téměř_miliardu.txt,dotazy,Ne
1.24._Schwarzenberg_k_odsunu:_bylo_to_vyhnání.txt,kriterium,vyhovující
1.24._Schwarzenberg_k_odsunu:_bylo_to_vyhnání.txt,odstavce,4
1.24._Schwarzenberg_k_odsunu:_bylo_to_vyhnání.txt,politicka_zprava,Ano
1.24._Schwarzenberg_k_odsunu:_bylo_to_vyhnání.txt,vecne,Ano
1.24._Schwarzenberg_k_odsunu:_bylo_to_vyhnání.txt,vyvazenost,různé úhly pohledu
1.24._Schwarzenberg_k_odsunu:_bylo_to_vyhnání.txt,obtezujici_okolnosti,Ne
1.24._Schwarzenberg_k_odsunu:_bylo_to_vyhnání.txt,dotazy,Ne
1.12._Zneužila_Transparency_International_dotaci?.txt,kriterium,vyhovující
1.12._Zneužila_Transparency_International_dotaci?.txt,odstavce,1
1.12._Zneužila_Transparency_International_dotaci?.txt,politicka_zprava,Ano
1.12._Zneužila_Transparency_International_dotaci?.txt,vecne,Ano
1.12._Zneužila_Transparency_International_dotaci?.txt,vyvazenost,jednostrannost
1.12._Zneužila_Transparency_International_dotaci?.txt,obtezujici_okolnosti,Ne
1.12._Zneužila_Transparency_International_dotaci?.txt,dotazy,Ne
1.87._POLITIKON_Jindřicha_Šídla.txt,kriterium,vyhovující
1.87._POLITIKON_Jindřicha_Šídla.txt,odstavce,4
1.87._POLITIKON_Jindřicha_Šídla.txt,politicka_zprava,Ne
1.87._POLITIKON_Jindřicha_Šídla.txt,vecne,Ne
1.87._POLITIKON_Jindřicha_Šídla.txt,vyvazenost,různé úhly pohledu
1.87._POLITIKON_Jindřicha_Šídla.txt,obtezujici_okolnosti,Ne
1.87._POLITIKON_Jindřicha_Šídla.txt,dotazy,Ne
1.6._Květinko_hýčkal_Zeman_Volfovou.txt,kriterium,nezpravodajský
1.6._Květinko_hýčkal_Zeman_Volfovou.txt,odstavce,6
1.6._Květinko_hýčkal_Zeman_Volfovou.txt,politicka_zprava,Ano
1.6._Květinko_hýčkal_Zeman_Volfovou.txt,vecne,Ano
1.6._Květinko_hýčkal_Zeman_Volfovou.txt,vyvazenost,různé úhly pohledu
1.6._Květinko_hýčkal_Zeman_Volfovou.txt,obtezujici_okolnosti,Ne
1.6._Květinko_hýčkal_Zeman_Volfovou.txt,dotazy,Ne
1.36._Transparency_Int._prý_nevrátila_část_půjčky.txt,kriterium,vyhovující
1.36._Transparency_Int._prý_nevrátila_část_půjčky.txt,odstavce,2
1.36._Transparency_Int._prý_nevrátila_část_půjčky.txt,politicka_zprava,Ano
1.36._Transparency_Int._prý_nevrátila_část_půjčky.txt,vecne,Ano
1.36._Transparency_Int._prý_nevrátila_část_půjčky.txt,vyvazenost,jednostrannost
1.36._Transparency_Int._prý_nevrátila_část_půjčky.txt,obtezujici_okolnosti,Ne
1.36._Transparency_Int._prý_nevrátila_část_půjčky.txt,dotazy,Ne
1.65._Důrazní_prosebníci.txt,kriterium,vyhovující
1.65._Důrazní_prosebníci.txt,odstavce,6
1.65._Důrazní_prosebníci.txt,politicka_zprava,Ano
1.65._Důrazní_prosebníci.txt,vecne,Ano
1.65._Důrazní_prosebníci.txt,vyvazenost,různé úhly pohledu
1.65._Důrazní_prosebníci.txt,obtezujici_okolnosti,Ne
1.65._Důrazní_prosebníci.txt,dotazy,Ne
1.91._Agrobanka_čelí_konkurzu_stát_má_problém.txt,kriterium,vyhovující
1.91._Agrobanka_čelí_konkurzu_stát_má_problém.txt,odstavce,15
1.91._Agrobanka_čelí_konkurzu_stát_má_problém.txt,politicka_zprava,Ano
1.91._Agrobanka_čelí_konkurzu_stát_má_problém.txt,vecne,Ano
1.91._Agrobanka_čelí_konkurzu_stát_má_problém.txt,vyvazenost,různé úhly pohledu
1.91._Agrobanka_čelí_konkurzu_stát_má_problém.txt,obtezujici_okolnosti,Ne
1.91._Agrobanka_čelí_konkurzu_stát_má_problém.txt,dotazy,Ne
1.73._Škodě_Auto_hrozí_stávky.txt,kriterium,vyhovující
1.73._Škodě_Auto_hrozí_stávky.txt,odstavce,8
1.73._Škodě_Auto_hrozí_stávky.txt,politicka_zprava,Ano
1.73._Škodě_Auto_hrozí_stávky.txt,vecne,Ano
1.73._Škodě_Auto_hrozí_stávky.txt,vyvazenost,různé úhly pohledu
1.73._Škodě_Auto_hrozí_stávky.txt,obtezujici_okolnosti,Ne
1.73._Škodě_Auto_hrozí_stávky.txt,dotazy,Ne
1.43._Hrady_a_zámky_otevřely_brány_návštěvníkům.txt,kriterium,vyhovující
1.43._Hrady_a_zámky_otevřely_brány_návštěvníkům.txt,odstavce,6
1.43._Hrady_a_zámky_otevřely_brány_návštěvníkům.txt,politicka_zprava,Ano
1.43._Hrady_a_zámky_otevřely_brány_návštěvníkům.txt,vecne,Ano
1.43._Hrady_a_zámky_otevřely_brány_návštěvníkům.txt,vyvazenost,různé úhly pohledu
1.43._Hrady_a_zámky_otevřely_brány_návštěvníkům.txt,obtezujici_okolnosti,Ne
1.43._Hrady_a_zámky_otevřely_brány_návštěvníkům.txt,dotazy,Ne
